mut_type,mse,var,r2
AG,0.2426459697886407,0.38852456658354084,0.37546814112083493
CA,0.3429924623561461,0.4168732680285711,0.17722605726630913
CT,0.19968488357815828,0.39109889594147923,0.4894261128059092
GA,0.26827259896420164,0.37178733797896657,0.27842459503185435
TC,0.1467562155446716,0.30579569840645593,0.5200841074304225
