mut_type,mse,var,r2
AC,0.41065075135369544,0.5396720682752362,0.23907354948698034
AG,0.15392147102135775,0.30761754847325395,0.49963364643762975
AT,0.294303045656766,0.5000408559702056,0.41144200090261884
CA,0.4040779063335961,0.5512640633575494,0.2669975549058936
CT,0.2319615351754902,0.36433821666363353,0.3633346034911208
GA,0.2279376125312841,0.2974840194961655,0.2337819930047631
GT,0.35289051140236766,0.5465023583014013,0.35427449480877593
TA,0.3808120717228283,0.6444484966855248,0.40908843192064215
TC,0.15701876998714887,0.3143397144990116,0.5004806496137395
TG,0.438084725979157,0.6505990955706746,0.32664412083928607
