mut_type,mse,var,r2
AC,0.5419345139039475,0.6948099927856097,0.2200248707833904
AG,0.2156263563227551,0.40677494250411406,0.4699123918613195
AT,0.3243003029783745,0.4617285181230645,0.29763856844567105
CA,0.4326719610598414,0.5878192064991072,0.2639370128160341
CT,0.2404516716759522,0.40551129050051565,0.40704074754819575
GA,0.189325562053052,0.30884654591914856,0.38699148637195824
GT,0.22441641140877222,0.4595586297338284,0.5116696828460128
TA,0.2088967976359697,0.4073099239758363,0.4871305967777929
TC,0.09874667917355313,0.2957952606315926,0.666165445103124
TG,0.3314405038725163,0.4255440217296842,0.22113697538193766
