mut_type,mse,var,r2
AC,0.4851392945539789,0.6099246248759584,0.20459139577674434
AG,0.15397951068497817,0.32310204067526155,0.5234338032555557
AT,0.2713969790959271,0.3771368688591889,0.28037537163395654
CA,0.20886233838913304,0.2760897348250696,0.24349835562894728
CT,0.12473270615791117,0.28045711364716813,0.5552521220237887
GA,0.10340126413650232,0.1355523372838524,0.23718567891621345
GT,0.13432703330440876,0.4305380610546176,0.6880019550992307
TA,0.24789231078770468,0.45310453928069894,0.4529026101101692
TC,0.1278573077223312,0.29304665239298583,0.563696405748836
TG,0.2151104637260209,0.3461786677961537,0.378614329139749
