mut_type,mse,var,r2
AC,0.4401954051836125,0.5593695083001085,0.21305076760200814
AG,0.16463228117032352,0.3430724375523677,0.5201238480570346
AT,0.29889800743911016,0.4797232003659954,0.3769365183691934
CA,0.3680443554966802,0.5143041260935772,0.2843838172324622
CT,0.23227828453040086,0.38760421800814154,0.4007333415408758
GA,0.22030830807103158,0.29845277668631903,0.26183193697480367
GT,0.3090117416007205,0.5305792809147012,0.41759553620715373
TA,0.3468622507085124,0.5987562698904917,0.42069541790025666
TC,0.15493040505998357,0.3237084145725208,0.5213890091038264
TG,0.3958243750120309,0.5650982553197125,0.29954769584611873
