mut_type,mse,var,r2
AC,0.43237784330750906,0.5396720682752362,0.1988137450037647
AG,0.16035497841172855,0.30761754847325395,0.4787196660021795
AT,0.3162856528008283,0.5000408559702056,0.36748037880393947
CA,0.4128413000951761,0.5512640633575494,0.25110064751779837
CT,0.23883826491310173,0.36433821666363353,0.34446002645502494
GA,0.23349026896244024,0.2974840194961655,0.21511659900961544
GT,0.3665482978730088,0.5465023583014013,0.3292832275924893
TA,0.40424819186827243,0.6444484966855248,0.3727222672605043
TC,0.16116113989356684,0.3143397144990116,0.48730264595925377
TG,0.4593585626314205,0.6505990955706746,0.29394527942204873
