mut_type,mse,var,r2
AC,0.4354039962960263,0.580914942328451,0.2504858033934896
AG,0.11792921607185983,0.2497058491467648,0.5277274582280735
AT,0.32799321312409757,0.5407874795048885,0.3934896321483111
CA,0.183184033662785,0.3336985489337415,0.4510493550298368
CT,0.163350799173802,0.3903629655463318,0.5815412485526523
GA,0.121478827837971,0.1966840712543663,0.38236570423201355
GT,0.15554982843020643,0.4165126847872873,0.6265423980793152
TA,0.2543838933953636,0.6273999387101915,0.5945426868891223
TC,0.06439753524625308,0.24125017378922983,0.7330674037046933
TG,0.27892844192495464,0.41623206517523037,0.3298727674728087
