mut_type,mse,var,r2
AC,0.5593695083001085,0.5593695083001085,0.0
AG,0.3430724375523677,0.3430724375523677,0.0
AT,0.4797232003659954,0.4797232003659954,0.0
CA,0.5143041260935772,0.5143041260935772,0.0
CT,0.3876042180081415,0.38760421800814154,1.1102230246251565e-16
GA,0.29845277668631903,0.29845277668631903,0.0
GT,0.5305792809147012,0.5305792809147012,0.0
TA,0.5987562698904917,0.5987562698904917,0.0
TC,0.32370841457252075,0.3237084145725208,2.220446049250313e-16
TG,0.5650982553197124,0.5650982553197125,2.220446049250313e-16
