,mut_type,predicted_rate,tau_squared
0,AC,0.1127597464959722,0.5593695083001085
1,AG,1.2936984615505471,0.3430724375523677
2,AT,0.1875384160512101,0.4797232003659954
3,CA,0.7269624560604256,0.5143041260935772
4,CT,1.7018305544461994,0.3876042180081415
5,GA,2.8508151624751963,0.29845277668631903
6,GT,0.45239162190518634,0.5305792809147012
7,TA,0.18931463599225282,0.5987562698904917
8,TC,1.330423467359576,0.32370841457252075
9,TG,0.13212463302970515,0.5650982553197124
