mut_type,mse,var,r2
AC,0.430557516386097,0.545403714804908,0.21057098677791686
AG,0.1511951409330984,0.30640737191568523,0.5065551458902134
AT,0.3002630583344237,0.46519602570272317,0.35454509122074385
CA,0.3741547650924924,0.5207035629376345,0.28144381616742364
CT,0.2171516892712109,0.36274321463324805,0.40136250517942185
GA,0.21616950115017589,0.2879770568200344,0.24935165482552046
GT,0.3208208444681252,0.5506161441514663,0.41734210324956955
TA,0.349223964068019,0.5602069726567318,0.3766161773891258
TC,0.15699550090723213,0.3111902389097263,0.495499918450928
TG,0.3703897576937623,0.5100798869106533,0.2738593165532116
