mut_type,mse,var,r2
AC,0.35920133229794415,0.47197654422731766,0.23894240785630583
AG,0.11522232353460236,0.26923922739453227,0.5720448143844945
AT,0.2430102820748354,0.4253477367768121,0.4286785585922902
CA,0.17439023591002784,0.352011996466954,0.5045900774395933
CT,0.13472547622160563,0.2854527690200731,0.5280288340375787
GA,0.14241039297512084,0.21648547031883383,0.34217112693344853
GT,0.20455074774177864,0.45737823964443924,0.5527755148544143
TA,0.27688505621426895,0.48622416277984193,0.43054031985728336
TC,0.10675860270780921,0.25870991731112764,0.5873424420007061
TG,0.2810902533161905,0.42576865525968083,0.33980519739117354
