mut_type,mse,var,r2
AC,0.34833319657532674,0.4615493110842346,0.24529581518158838
AG,0.11320705873160064,0.26835604236688676,0.5781460416053237
AT,0.23906704923079977,0.4216845633705502,0.4330666332200487
CA,0.1717766683504491,0.3502155642277073,0.5095116097160053
CT,0.13286522415608182,0.28399603572247845,0.5321581732009879
GA,0.14034864149825219,0.2149867208361177,0.3471753001654525
GT,0.20256671124152664,0.45596208039044267,0.5557378125214542
TA,0.27000489652940063,0.4790487504297904,0.4363728194945523
TC,0.10271473504538928,0.25441818920604703,0.5962759763131436
TG,0.28061553652501514,0.4280824537009981,0.34448250775301315
