mut_type,mse,var,r2
AC,0.3473950503520718,0.4655474458899476,0.2537923826689972
AG,0.11639671098193409,0.2729230678480027,0.5735182375761723
AT,0.23801357340034537,0.4209576896495093,0.4345902705839244
CA,0.1734484657096956,0.35265348809416525,0.5081617747578282
CT,0.136514584150115,0.28720045389623095,0.5246714192191375
GA,0.14116031196333562,0.21569500495119165,0.3455559529749984
GT,0.20303539178183067,0.45569907872070875,0.5544529246102161
TA,0.2642562116735816,0.46846421991911363,0.43590950933411987
TC,0.10419883565780153,0.2554703293423957,0.5921294033400317
TG,0.2817858440906729,0.42463356353647325,0.3364023282948302
