mut_type,mse,var,r2
AC,0.42633337835620994,0.5382020780737217,0.20785631322328013
AG,0.1728281678095353,0.3324898418008645,0.48020015627110224
AT,0.29017626796569035,0.45645183950143764,0.3642784564464957
CA,0.3806462824269268,0.5236894472649177,0.27314502055572254
CT,0.23143686058634647,0.37669385851710363,0.385610210112204
GA,0.2309155961522571,0.30429866581660553,0.2411547532337026
GT,0.32175161546634046,0.5419702993665243,0.40632980101969407
TA,0.3657545970044309,0.5846942570996538,0.37445153161117395
TC,0.16241807315560983,0.3167006949496442,0.4871559306763299
TG,0.38521090451548284,0.528060955183858,0.27051810830936784
