mut_type,mse,var,r2
AC,0.43251811377131055,0.5471181981606092,0.2094612914989482
AG,0.1511846992298145,0.30648231691964717,0.5067098788950628
AT,0.30036996637597607,0.4655776478266863,0.35484452963302404
CA,0.37469551572565774,0.5212552935873106,0.2811669822152204
CT,0.21721412461447184,0.3631713092265985,0.4018962426380923
GA,0.2164809545924701,0.2883228225592497,0.24917163105260676
GT,0.3212144416317874,0.549590690866334,0.41553878737383854
TA,0.34955702332382316,0.5605915816308978,0.37644974562965006
TC,0.1569513332109498,0.3112086333598891,0.49567166078761205
TG,0.37300507882470885,0.5098820544974705,0.2684483096932384
