mut_type,mse,var,r2
AC,0.3423778870315903,0.4615493110842346,0.25819868254747547
AG,0.10233669494353308,0.26835604236688676,0.61865328598183
AT,0.2192662614722769,0.4216845633705502,0.4800230302013704
CA,0.16342732334560103,0.3502155642277073,0.5333521977928373
CT,0.1234425629187784,0.28399603572247845,0.5653370209737478
GA,0.1302426912290495,0.2149867208361177,0.3941826233615041
GT,0.19755066133557495,0.45596208039044267,0.5667388367769283
TA,0.25734849268943655,0.4790487504297904,0.4627926855908715
TC,0.09665010289296468,0.25441818920604703,0.6201132348493757
TG,0.2755949768659295,0.4280824537009981,0.35621052794090047
