mut_type,mse,var,r2
AC,0.34237788703159017,0.4615493110842346,0.2581986825474758
AG,0.10233669494353306,0.2683560423668868,0.6186532859818301
AT,0.2192662614722769,0.42168456337055027,0.4800230302013705
CA,0.16342732334560103,0.3502155642277073,0.5333521977928373
CT,0.1234425629187784,0.28399603572247845,0.5653370209737478
GA,0.1302426912290495,0.21498672083611772,0.3941826233615041
GT,0.19755066133557497,0.4559620803904428,0.5667388367769283
TA,0.25734849268943655,0.47904875042979045,0.4627926855908715
TC,0.09665010289296469,0.25441818920604703,0.6201132348493756
TG,0.2755949768659294,0.4280824537009981,0.3562105279409008
