mut_type,mse,var,r2
AC,0.4284787825321425,0.545403714804908,0.21438235402300077
AG,0.1423715586422294,0.30640737191568523,0.5353520453763558
AT,0.2878940298521328,0.46519602570272317,0.38113394365903863
CA,0.3603190573101196,0.5207035629376345,0.3080149955623108
CT,0.2100842441815179,0.36274321463324805,0.4208458333426752
GA,0.20948718020783147,0.2879770568200344,0.2725560066448406
GT,0.3128860702856825,0.5506161441514663,0.43175282161793604
TA,0.33939690141991086,0.5602069726567318,0.3941580201860909
TC,0.14993208816310424,0.3111902389097263,0.5181979721202044
TG,0.3623197576937465,0.5100798869106533,0.2896803677397082
