mut_type,mse,var,r2
AC,0.34115999853789664,0.4655474458899476,0.2671853286924817
AG,0.10342953389163123,0.2729230678480027,0.6210304438273662
AT,0.21794188679013887,0.4209576896495093,0.48227127773435385
CA,0.163725629165625,0.35265348809416525,0.5357322848259845
CT,0.12650604256545267,0.28720045389623095,0.5595200465415668
GA,0.1303035907427414,0.21569500495119165,0.3958896230711183
GT,0.19732259689411652,0.45569907872070875,0.5669892564890335
TA,0.25575612300545153,0.46846421991911363,0.4540540939292843
TC,0.09673809396397369,0.2554703293423957,0.6213333493052344
TG,0.2778324642715839,0.42463356353647325,0.34571242565539706
