mut_type,mse,var,r2
AC,0.41664538259378925,0.5382020780737217,0.2258569790644358
AG,0.15220801900431685,0.3324898418008645,0.5422175360909895
AT,0.2746964420993665,0.45645183950143764,0.3981918390351863
CA,0.3678696468183828,0.5236894472649177,0.29754237222143354
CT,0.22079501689602485,0.37669385851710363,0.4138608530406934
GA,0.21621497348739557,0.30429866581660553,0.2894646024583498
GT,0.3049293490717765,0.5419702993665243,0.43736889377851584
TA,0.34656417103561815,0.5846942570996538,0.407272832206815
TC,0.1485801673432308,0.3167006949496442,0.5308498853567238
TG,0.36719584068256744,0.528060955183858,0.3046336089084284
