mut_type,mse,var,r2
AC,0.35315891657804116,0.47197654422731766,0.2517447722826889
AG,0.10480628859457962,0.26923922739453227,0.6107317287721944
AT,0.22308258692869898,0.4253477367768121,0.47552891989230317
CA,0.1663605276505051,0.352011996466954,0.5274009712162676
CT,0.1252464779545835,0.2854527690200731,0.5612357225171071
GA,0.1323728975217373,0.21648547031883383,0.3885368042170121
GT,0.19943372173309917,0.45737823964443924,0.5639632486929489
TA,0.262340687131251,0.48622416277984193,0.4604532081840683
TC,0.10098073209286455,0.25870991731112764,0.6096758363869603
TG,0.27601249661582355,0.42576865525968083,0.3517312906759644
