mut_type,mse,var,r2
AC,0.43044279385290635,0.5471181981606092,0.21325447535827036
AG,0.14239868116411875,0.30648231691964717,0.5353771708745843
AT,0.2880154380650374,0.4655776478266863,0.381380443392221
CA,0.3608374170462867,0.5212552935873106,0.30775299265935185
CT,0.21014736081112986,0.3631713092265985,0.42135472854765155
GA,0.20977222604078885,0.2883228225592497,0.2724397459112654
GT,0.3133954183328095,0.549590690866334,0.42976578107828545
TA,0.33972084913801687,0.5605915816308978,0.39399580680522184
TC,0.14993709996964655,0.3112086333598891,0.5182103454171989
TG,0.36479956782941114,0.5098820544974705,0.2845412686882062
