mut_type,predicted_rate,tau_squared
AC,0.11830552931770255,0.5382020780737217
AG,1.3328798411109277,0.33248984180086444
AT,0.1855007675107053,0.45645183950143764
CA,0.7229670894830235,0.5236894472649177
CT,1.7536809644132731,0.37669385851710363
GA,2.8796638898666433,0.30429866581660553
GT,0.4328539171219977,0.5419702993665243
TA,0.1942806310871936,0.5846942570996538
TC,1.3624005200356473,0.3167006949496442
TG,0.13028743399184167,0.5280609551838581
