mut_type,predicted_rate,tau_squared
AC,0.1842322440652773,0.4655474458899476
AG,2.017878131693034,0.27292306784800274
AT,0.28453353317629,0.42095768964950936
CA,1.1750262718301674,0.35265348809416525
CT,2.7719627019783006,0.28720045389623095
GA,4.481972911319387,0.21569500495119165
GT,0.6706649597214579,0.45569907872070875
TA,0.3145274604702184,0.46846421991911363
TC,2.103792705337842,0.2554703293423957
TG,0.20785953956547942,0.42463356353647325
