mut_type,predicted_rate,tau_squared
AC,0.18184423135904526,0.46154931108423464
AG,2.0033706715176227,0.2683560423668868
AT,0.2808430394334237,0.42168456337055027
CA,1.1614075912172905,0.3502155642277073
CT,2.7446961151232836,0.28399603572247845
GA,4.44448841420794,0.21498672083611772
GT,0.6619128875183258,0.4559620803904428
TA,0.30860761505569506,0.47904875042979045
TC,2.084732810811419,0.25441818920604703
TG,0.206006328879539,0.42808245370099807
