mut_type,predicted_rate,tau_squared
AC,0.18120071663174483,0.47197654422731766
AG,1.9993199800815624,0.26923922739453227
AT,0.280232752152096,0.4253477367768121
CA,1.1572169787367703,0.352011996466954
CT,2.7353278228471902,0.2854527690200731
GA,4.434999715027763,0.21648547031883386
GT,0.6589788704032141,0.45737823964443924
TA,0.3059470232213473,0.48622416277984193
TC,2.0786769832269996,0.25870991731112764
TG,0.20541750337599843,0.42576865525968083
