mut_type,predicted_rate,tau_squared
AC,0.17308399399367658,0.545403714804908
AG,1.977725594396624,0.3064073719156853
AT,0.2708833218970191,0.46519602570272317
CA,1.0603153482430352,0.5207035629376345
CT,2.6003029323863474,0.3627432146332481
GA,4.236184472120454,0.2879770568200344
GT,0.6250659882340783,0.5506161441514663
TA,0.28540126893827233,0.5602069726567318
TC,2.0320414453469002,0.3111902389097263
TG,0.19634244463271153,0.5100798869106533
