mut_type,predicted_rate,tau_squared
AC,0.17354405457422922,0.5471181981606092
AG,1.9769726725083052,0.30648231691964717
AT,0.2709521492696103,0.4655776478266863
CA,1.0601796385241675,0.5212552935873106
CT,2.598978288164454,0.36317130922659846
GA,4.2361448501750925,0.2883228225592497
GT,0.6264920283024568,0.549590690866334
TA,0.28537470628837885,0.5605915816308978
TC,2.0324728410000255,0.3112086333598891
TG,0.19507061808072687,0.5098820544974705
