mut_type,predicted_rate,tau_squared
AC,0.18184423135904537,0.4615493110842345
AG,2.0033706715176227,0.2683560423668868
AT,0.28084303943342365,0.42168456337055027
CA,1.1614075912172908,0.3502155642277073
CT,2.7446961151232836,0.28399603572247845
GA,4.444488414207942,0.21498672083611772
GT,0.6619128875183258,0.45596208039044267
TA,0.30860761505569523,0.47904875042979045
TC,2.0847328108114196,0.25441818920604703
TG,0.20600632887953912,0.4280824537009981
