mut_type,mse,var,r2
AC,0.4655474458899476,0.4655474458899476,0.0
AG,0.27292306784800274,0.2729230678480027,-2.220446049250313e-16
AT,0.42095768964950936,0.4209576896495093,-2.220446049250313e-16
CA,0.35265348809416525,0.35265348809416525,0.0
CT,0.28720045389623095,0.28720045389623095,0.0
GA,0.21569500495119165,0.21569500495119165,0.0
GT,0.45569907872070875,0.45569907872070875,0.0
TA,0.46846421991911363,0.46846421991911363,0.0
TC,0.2554703293423957,0.2554703293423957,0.0
TG,0.42463356353647325,0.42463356353647325,0.0
