mut_type,mse,var,r2
AC,0.4615493110842345,0.4615493110842346,1.1102230246251565e-16
AG,0.2683560423668868,0.26835604236688676,-2.220446049250313e-16
AT,0.42168456337055027,0.4216845633705502,-2.220446049250313e-16
CA,0.3502155642277073,0.3502155642277073,0.0
CT,0.28399603572247845,0.28399603572247845,0.0
GA,0.21498672083611772,0.2149867208361177,-2.220446049250313e-16
GT,0.45596208039044267,0.45596208039044267,0.0
TA,0.47904875042979045,0.4790487504297904,-2.220446049250313e-16
TC,0.25441818920604703,0.25441818920604703,0.0
TG,0.4280824537009981,0.4280824537009981,0.0
