mut_type,mse,var,r2
AC,0.5471181981606092,0.5471181981606092,0.0
AG,0.30648231691964717,0.30648231691964717,0.0
AT,0.4655776478266863,0.4655776478266863,0.0
CA,0.5212552935873106,0.5212552935873106,0.0
CT,0.36317130922659846,0.3631713092265985,1.1102230246251565e-16
GA,0.2883228225592497,0.2883228225592497,0.0
GT,0.549590690866334,0.549590690866334,0.0
TA,0.5605915816308978,0.5605915816308978,0.0
TC,0.3112086333598891,0.3112086333598891,0.0
TG,0.5098820544974705,0.5098820544974705,0.0
