mut_type,mse,var,r2
AC,0.5382020780737217,0.5382020780737217,0.0
AG,0.33248984180086444,0.3324898418008645,2.220446049250313e-16
AT,0.45645183950143764,0.45645183950143764,0.0
CA,0.5236894472649177,0.5236894472649177,0.0
CT,0.37669385851710363,0.37669385851710363,0.0
GA,0.30429866581660553,0.30429866581660553,0.0
GT,0.5419702993665243,0.5419702993665243,0.0
TA,0.5846942570996538,0.5846942570996538,0.0
TC,0.3167006949496442,0.3167006949496442,0.0
TG,0.5280609551838581,0.528060955183858,-2.220446049250313e-16
