mut_type,mse,var,r2
AC,0.47197654422731766,0.47197654422731766,0.0
AG,0.26923922739453227,0.26923922739453227,0.0
AT,0.4253477367768121,0.4253477367768121,0.0
CA,0.352011996466954,0.352011996466954,0.0
CT,0.2854527690200731,0.2854527690200731,0.0
GA,0.21648547031883386,0.21648547031883383,-2.220446049250313e-16
GT,0.45737823964443924,0.45737823964443924,0.0
TA,0.48622416277984193,0.48622416277984193,0.0
TC,0.25870991731112764,0.25870991731112764,0.0
TG,0.42576865525968083,0.42576865525968083,0.0
