mut_type,mse,var,r2
AC,0.46154931108423464,0.4615493110842346,-2.220446049250313e-16
AG,0.2683560423668868,0.2683560423668868,0.0
AT,0.42168456337055027,0.42168456337055027,0.0
CA,0.3502155642277073,0.3502155642277073,0.0
CT,0.28399603572247845,0.28399603572247845,0.0
GA,0.21498672083611772,0.21498672083611772,0.0
GT,0.4559620803904428,0.4559620803904428,0.0
TA,0.47904875042979045,0.47904875042979045,0.0
TC,0.25441818920604703,0.25441818920604703,0.0
TG,0.42808245370099807,0.4280824537009981,1.1102230246251565e-16
