mut_type,mse,var,r2
AC,0.545403714804908,0.545403714804908,0.0
AG,0.3064073719156853,0.30640737191568523,-2.220446049250313e-16
AT,0.46519602570272317,0.46519602570272317,0.0
CA,0.5207035629376345,0.5207035629376345,0.0
CT,0.3627432146332481,0.36274321463324805,-2.220446049250313e-16
GA,0.2879770568200344,0.2879770568200344,0.0
GT,0.5506161441514663,0.5506161441514663,0.0
TA,0.5602069726567318,0.5602069726567318,0.0
TC,0.3111902389097263,0.3111902389097263,0.0
TG,0.5100798869106533,0.5100798869106533,0.0
