mut_type,mse,var,r2
AC,0.4851392945539789,0.6099246248759584,0.20459139577674434
AG,0.15397951068497817,0.32310204067526155,0.5234338032555557
AT,0.2713969790959271,0.3771368688591889,0.28037537163395654
CA,0.20886233838913304,0.2760897348250696,0.24349835562894728
CT,0.12473270615791117,0.28045711364716813,0.5552521220237887
GA,0.10340126413650233,0.1355523372838524,0.23718567891621334
GT,0.1343270333044087,0.4305380610546176,0.6880019550992308
TA,0.2478923107877048,0.45310453928069894,0.45290261011016897
TC,0.12785730772233117,0.29304665239298583,0.5636964057488361
TG,0.21511046372602094,0.3461786677961537,0.378614329139749
