mut_type,mut_class,host,actual_count,evo_opp,rate,syn_rate,mut_type_arrow,evo_opp_threshold
AC,synonymous,all,18593,77881.6762277001,0.23873394745177617,0.23873394745177617,A$\to$C,41.88763310261932
AG,synonymous,all,217660,98263.55565560212,2.2150633421292336,2.2150633421292336,A$\to$G,4.514543584287519
AT,synonymous,all,21181,60117.16765415017,0.3523286413267638,0.3523286413267638,A$\to$T,28.382591782328582
CA,synonymous,all,43353,32699.376050948755,1.3258051142153868,1.3258051142153868,C$\to$A,7.542586683954688
CG,synonymous,all,1265,24292.617657006187,0.05207343308411079,0.05207343308411079,C$\to$G,192.0365032174402
CT,synonymous,all,222323,76373.18224771373,2.9110087265828883,2.9110087265828883,C$\to$T,3.4352353219286234
GA,synonymous,all,270952,57052.76426387328,4.7491476266921415,4.7491476266921415,G$\to$A,2.105641008882506
GC,synonymous,all,1571,24098.773216535494,0.06519004041757821,0.06519004041757821,G$\to$C,153.39766528666766
GT,synonymous,all,19887,24098.773216535494,0.8252287293344225,0.8252287293344225,G$\to$T,12.117852474750086
TA,synonymous,all,15277,39615.63961685699,0.385630527431884,0.385630527431884,T$\to$A,25.931556992116903
TC,synonymous,all,197914,88164.91153608197,2.2448159540091255,2.2448159540091255,T$\to$C,4.454708183154399
TG,synonymous,all,8838,32066.95552209569,0.2756108229205042,0.2756108229205042,T$\to$G,36.28304539725695
