mut_type,mut_class,host,actual_count,evo_opp,rate,syn_rate,mut_type_arrow,evo_opp_threshold
AC,synonymous,all,18731,79309.66738226249,0.2361754956015509,0.2361754956015509,A$\to$C,42.34139521769392
AG,synonymous,all,220313,100928.19718260398,2.182868674463683,2.182868674463683,A$\to$G,4.581127631261159
AT,synonymous,all,21334,61209.75657407569,0.34853920672240735,0.34853920672240735,A$\to$T,28.691176794823143
CA,synonymous,all,44411,33923.39187962659,1.3091556456850637,1.3091556456850637,C$\to$A,7.638511152558284
CG,synonymous,all,1285,25380.293634659818,0.05062983188835842,0.05062983188835842,C$\to$G,197.5120127210881
CT,synonymous,all,226012,78743.23345814204,2.8702402742978848,2.8702402742978848,C$\to$T,3.4840288771455517
GA,synonymous,all,273291,58398.56919869637,4.679755065062461,4.679755065062461,G$\to$A,2.136863972787116
GC,synonymous,all,1583,24627.96409176827,0.06427652704468198,0.06427652704468198,G$\to$C,155.57778958792338
GT,synonymous,all,20079,24627.96409176827,0.8152927268036447,0.8152927268036447,G$\to$T,12.265533189784486
TA,synonymous,all,15405,40676.598648514344,0.3787189812283542,0.3787189812283542,T$\to$A,26.40480275788013
TC,synonymous,all,199694,90263.00231820488,2.212357165962829,2.212357165962829,T$\to$C,4.520065816609656
TG,synonymous,all,8910,32818.614739972785,0.27149226347898525,0.27149226347898525,T$\to$G,36.833462109958234
