mut_type,mut_class,host,actual_count,evo_opp,rate,syn_rate,mut_type_arrow,evo_opp_threshold
AC,synonymous,all,19929,125649.95565072483,0.158607298321677,0.158607298321677,A$\to$C,63.04880106915793
AG,synonymous,all,240489,161900.40567484836,1.485413202008799,1.485413202008799,A$\to$G,6.732133514416391
AT,synonymous,all,22969,98404.51773145844,0.2334140802628735,0.2334140802628735,A$\to$T,42.84231691909027
CA,synonymous,all,49423,58720.238057241426,0.8416689311072219,0.8416689311072219,C$\to$A,11.881156153459205
CG,synonymous,all,1397,42902.07512260111,0.03256252747699961,0.03256252747699961,C$\to$G,307.10146830781036
CT,synonymous,all,248008,132658.5657644246,1.8695211920232366,1.8695211920232366,C$\to$T,5.34896316910844
GA,synonymous,all,294203,96802.4981181317,3.0392087572055537,3.0392087572055537,G$\to$A,3.2903300822266157
GC,synonymous,all,1764,41307.72860081068,0.042703873094716245,0.042703873094716245,G$\to$C,234.1707970567499
GT,synonymous,all,21884,41307.72860081068,0.5297797952407995,0.5297797952407995,G$\to$T,18.875767044786453
TA,synonymous,all,17054,69663.35657164994,0.2448058899151618,0.2448058899151618,T$\to$A,40.8486903785915
TC,synonymous,all,224357,151915.85364605143,1.4768504709372146,1.4768504709372146,T$\to$C,6.77116620591519
TG,synonymous,all,10027,55476.31192452272,0.1807438103247031,0.1807438103247031,T$\to$G,55.3269292156405
