mut_type,mut_class,host,actual_count,evo_opp,rate,syn_rate,mut_type_arrow,evo_opp_threshold
AC,synonymous,all,20171,87244.61242719344,0.23120052274669584,0.23120052274669584,A$\to$C,43.25249736115882
AG,synonymous,all,243869,112755.0200618963,2.162821662983425,2.162821662983425,A$\to$G,4.623589716687905
AT,synonymous,all,23246,68227.80036728397,0.34071155562486416,0.34071155562486416,A$\to$T,29.350340001412704
CA,synonymous,all,49459,40329.13177461516,1.2263839518392894,1.2263839518392894,C$\to$A,8.1540532106624
CG,synonymous,all,1396,29609.14022728412,0.04714760338476898,0.04714760338476898,C$\to$G,212.0998583616341
CT,synonymous,all,249232,90840.96548828032,2.743608003947891,2.743608003947891,C$\to$T,3.644835554354189
GA,synonymous,all,297078,67045.6799274396,4.430979002994877,4.430979002994877,G$\to$A,2.2568375957640625
GC,synonymous,all,1754,28635.414292634236,0.06125282428517802,0.06125282428517802,G$\to$C,163.25777817921457
GT,synonymous,all,21954,28635.414292634236,0.7666730355511963,0.7666730355511963,G$\to$T,13.043369906456334
TA,synonymous,all,17163,47559.06819047776,0.3608775498136518,0.3608775498136518,T$\to$A,27.710230257226453
TC,synonymous,all,225907,103659.72449336915,2.179313143114235,2.179313143114235,T$\to$C,4.5886017030622845
TG,synonymous,all,10134,37992.240996343775,0.26673867437762505,0.26673867437762505,T$\to$G,37.48987664924391
