mut_type,mut_class,host,actual_count,evo_opp,rate,syn_rate,mut_type_arrow,evo_opp_threshold
AC,synonymous,all,18567,78548.24978449712,0.23637700459195368,0.23637700459195368,A$\to$C,42.30529960925142
AG,synonymous,all,217639,99294.10127943824,2.19186232813075,2.19186232813075,A$\to$G,4.562330339665145
AT,synonymous,all,21181,60699.752384131556,0.348947057740177,0.348947057740177,A$\to$T,28.657642407880438
CA,synonymous,all,43353,33043.93424461728,1.3119805795238206,1.3119805795238206,C$\to$A,7.622064042769193
CG,synonymous,all,1265,24552.872778049015,0.05152146599851024,0.05152146599851024,C$\to$G,194.09385595295663
CT,synonymous,all,222324,77206.42154007872,2.8796050323947355,2.8796050323947355,C$\to$T,3.472698473402724
GA,synonymous,all,270722,57633.18512048408,4.697328447734525,4.697328447734525,G$\to$A,2.12886965671368
GC,synonymous,all,1571,24330.767629943315,0.06456845192449277,0.06456845192449277,G$\to$C,154.87439611676203
GT,synonymous,all,19888,24330.767629943315,0.8174012551714274,0.8174012551714274,G$\to$T,12.233893619239398
TA,synonymous,all,15278,40019.94268948269,0.3817596671375315,0.3817596671375315,T$\to$A,26.194490567798592
TC,synonymous,all,197916,89088.29933868904,2.221571199238838,2.221571199238838,T$\to$C,4.501318707870463
TG,synonymous,all,8838,32362.528613343362,0.2730936171766261,0.2730936171766261,T$\to$G,36.617479761646706
