mut_type,mut_class,host,actual_count,evo_opp,rate,syn_rate,mut_type_arrow,evo_opp_threshold
AC,synonymous,all,20644,88532.92879431341,0.2331787763167956,0.2331787763167956,A$\to$C,42.885549696916016
AG,synonymous,all,247145,113992.25558353175,2.1680858821053506,2.1680858821053506,A$\to$G,4.612363413523711
AT,synonymous,all,23565,69131.94780123718,0.3408698980643835,0.3408698980643835,A$\to$T,29.336706047628766
CA,synonymous,all,50578,41094.311550132035,1.2307786185515863,1.2307786185515863,C$\to$A,8.124938026440752
CG,synonymous,all,1460,30125.838174585344,0.04846338188298708,0.04846338188298708,C$\to$G,206.34135736017362
CT,synonymous,all,254492,92273.1969472412,2.758027340761914,2.758027340761914,C$\to$T,3.6257798652704682
GA,synonymous,all,302960,68115.77524239555,4.447721528851313,4.447721528851313,G$\to$A,2.2483421983890794
GC,synonymous,all,1814,29240.77040333228,0.06203666917726889,0.06203666917726889,G$\to$C,161.19498568540396
GT,synonymous,all,22510,29240.77040333228,0.7698155585338052,0.7698155585338052,G$\to$T,12.990124568339528
TA,synonymous,all,17491,48295.26825659517,0.36216798521688387,0.36216798521688387,T$\to$A,27.611496344745966
TC,synonymous,all,229833,105179.21870218395,2.1851559921810653,2.1851559921810653,T$\to$C,4.576332323999771
TG,synonymous,all,10405,38604.528832848606,0.26952796251061567,0.26952796251061567,T$\to$G,37.10190180956137
