host,subtype,segment,gene,site,delta_fitness
all,H1,HA,HA,6,0.2627357136182079
all,H1,HA,HA,9,0.03220345398687511
all,H1,HA,HA,12,-0.3911255507720506
all,H1,HA,HA,13,-0.4942450964477216
all,H1,HA,HA,15,-0.9146727287550573
all,H1,HA,HA,16,0.5365896576776855
all,H1,HA,HA,18,-0.5904175816180932
all,H1,HA,HA,21,0.6316773521036095
all,H1,HA,HA,22,0.14158963738087726
all,H1,HA,HA,24,0.13220783634703107
all,H1,HA,HA,25,-0.3448873913652988
all,H1,HA,HA,27,-0.0828508019639433
all,H1,HA,HA,30,1.0651573300440846
all,H1,HA,HA,33,-0.8121445430009006
all,H1,HA,HA,36,0.48657075858066245
all,H1,HA,HA,39,0.04036888085151865
all,H1,HA,HA,42,-0.2614743704518153
all,H1,HA,HA,45,0.0002195322035284016
all,H1,HA,HA,48,-0.07889291337002408
all,H1,HA,HA,51,-0.20891336802632582
all,H1,HA,HA,54,-0.5212894190631115
all,H1,HA,HA,57,-0.04639443010765578
all,H1,HA,HA,58,0.23058474216140287
all,H1,HA,HA,60,-0.023037208988749704
all,H1,HA,HA,63,-0.11726447614254316
all,H1,HA,HA,66,-0.07141087711753924
all,H1,HA,HA,69,-0.2984160838306851
all,H1,HA,HA,72,-0.15972800831744788
all,H1,HA,HA,75,-0.37240629595400315
all,H1,HA,HA,78,0.0642973117880885
all,H1,HA,HA,81,-0.49113111641817425
all,H1,HA,HA,84,0.13177765134526379
all,H1,HA,HA,87,-0.047371172463863895
all,H1,HA,HA,90,-0.17895702368044203
all,H1,HA,HA,93,-0.334411269394044
all,H1,HA,HA,96,0.004095665476238717
all,H1,HA,HA,99,0.10804262642884267
all,H1,HA,HA,102,-0.06454324927931986
all,H1,HA,HA,105,0.33035108076279124
all,H1,HA,HA,108,-0.18835051254387525
all,H1,HA,HA,109,-0.1279817852982263
all,H1,HA,HA,111,-0.05643724489129371
all,H1,HA,HA,114,0.2780070401287966
all,H1,HA,HA,117,-0.2924042739664597
all,H1,HA,HA,120,-0.12942422844623078
all,H1,HA,HA,123,0.3217226942637448
all,H1,HA,HA,126,-0.32905065435423847
all,H1,HA,HA,129,0.04207949886115038
all,H1,HA,HA,132,0.06181385360476831
all,H1,HA,HA,135,0.17824149578464793
all,H1,HA,HA,138,0.023019748185501454
all,H1,HA,HA,141,0.14380292697565075
all,H1,HA,HA,144,0.12667814436341418
all,H1,HA,HA,147,-0.3591860305630732
all,H1,HA,HA,148,-0.3309183884802976
all,H1,HA,HA,150,-0.15585436606085792
all,H1,HA,HA,153,-0.039816925265076755
all,H1,HA,HA,156,-0.20814814514255306
all,H1,HA,HA,159,0.7929420785276591
all,H1,HA,HA,162,0.34471895512132633
all,H1,HA,HA,165,0.3196556929002188
all,H1,HA,HA,168,0.25009393492355675
all,H1,HA,HA,171,0.11666940681401745
all,H1,HA,HA,172,-0.06568352961648749
all,H1,HA,HA,174,-0.35343440663070647
all,H1,HA,HA,177,0.3967781672613997
all,H1,HA,HA,178,0.6711921223942331
all,H1,HA,HA,180,-0.2717407881666897
all,H1,HA,HA,181,0.03531793224353927
all,H1,HA,HA,183,0.02112910706035387
all,H1,HA,HA,184,0.19986856520763718
all,H1,HA,HA,186,-0.02703927724335939
all,H1,HA,HA,189,0.1569660647543309
all,H1,HA,HA,192,0.27899880040507213
all,H1,HA,HA,195,-0.25130853920730145
all,H1,HA,HA,198,-0.3289110891834656
all,H1,HA,HA,199,0.19037367550307943
all,H1,HA,HA,201,0.06722145164292835
all,H1,HA,HA,204,0.38077891447161893
all,H1,HA,HA,205,-0.2004980628452233
all,H1,HA,HA,207,0.1904897328849176
all,H1,HA,HA,210,0.11593517735350095
all,H1,HA,HA,213,0.5028198520369973
all,H1,HA,HA,216,0.3289285788946774
all,H1,HA,HA,219,0.07071409734502956
all,H1,HA,HA,222,0.2516140100870246
all,H1,HA,HA,225,-0.27893848125089077
all,H1,HA,HA,228,0.2768913360383171
all,H1,HA,HA,234,0.4528693782269783
all,H1,HA,HA,235,0.09698449421707873
all,H1,HA,HA,237,0.12265500757177342
all,H1,HA,HA,240,0.5280421946353658
all,H1,HA,HA,243,0.20293983836198287
all,H1,HA,HA,246,0.35846308871831045
all,H1,HA,HA,249,0.27263747312877296
all,H1,HA,HA,252,-0.12757705089884766
all,H1,HA,HA,255,-0.10392659499348562
all,H1,HA,HA,258,-0.18406709285686468
all,H1,HA,HA,259,0.1822599335675956
all,H1,HA,HA,261,-0.2877226409351197
all,H1,HA,HA,264,0.17078324021028018
all,H1,HA,HA,267,0.40510913081944866
all,H1,HA,HA,270,-0.2205732505084849
all,H1,HA,HA,273,-0.017623558890251925
all,H1,HA,HA,276,-0.2822084060355009
all,H1,HA,HA,282,-0.004053040851540977
all,H1,HA,HA,285,-0.13746464348666437
all,H1,HA,HA,288,0.05640372647107305
all,H1,HA,HA,291,0.1465195026047245
all,H1,HA,HA,294,-0.0003229555294085064
all,H1,HA,HA,297,0.024383947608689272
all,H1,HA,HA,300,0.18620974798295659
all,H1,HA,HA,303,-0.19946464583361187
all,H1,HA,HA,306,0.03863618339629713
all,H1,HA,HA,309,0.23253914727418418
all,H1,HA,HA,312,0.06464445177955462
all,H1,HA,HA,315,0.31619814400489155
all,H1,HA,HA,318,0.32370572540886955
all,H1,HA,HA,321,0.14614799749821777
all,H1,HA,HA,324,-0.09238016286037112
all,H1,HA,HA,327,-0.12788775756922374
all,H1,HA,HA,330,0.24234318655021006
all,H1,HA,HA,333,0.4900190374532988
all,H1,HA,HA,336,-0.38287014470321246
all,H1,HA,HA,339,-0.23533856309451337
all,H1,HA,HA,342,0.20401063755960425
all,H1,HA,HA,345,-0.13246341797509306
all,H1,HA,HA,348,0.22345124118485526
all,H1,HA,HA,351,0.6252478276111186
all,H1,HA,HA,352,-0.30306874536747375
all,H1,HA,HA,354,-0.336374351724952
all,H1,HA,HA,355,0.4416881209399662
all,H1,HA,HA,357,0.12076839667174123
all,H1,HA,HA,360,-0.21040726606103957
all,H1,HA,HA,363,0.40935540252754876
all,H1,HA,HA,364,0.14126181396040535
all,H1,HA,HA,366,0.10252405093490702
all,H1,HA,HA,369,-0.04812926550038064
all,H1,HA,HA,372,-0.04055843668119277
all,H1,HA,HA,375,-0.23227847130339122
all,H1,HA,HA,378,-0.2630961581410722
all,H1,HA,HA,381,-0.18592083681034643
all,H1,HA,HA,384,-0.4001235678154855
all,H1,HA,HA,387,-0.025979686564668997
all,H1,HA,HA,388,0.14155740155520066
all,H1,HA,HA,390,0.1316513939925972
all,H1,HA,HA,393,-0.18744603718790356
all,H1,HA,HA,396,0.10693550581194201
all,H1,HA,HA,399,0.19025201723174398
all,H1,HA,HA,402,0.23338258510271523
all,H1,HA,HA,405,0.1672994658033859
all,H1,HA,HA,408,0.19907192399947207
all,H1,HA,HA,411,0.08619201947398768
all,H1,HA,HA,414,-0.03977726558316842
all,H1,HA,HA,417,-0.13369083660670886
all,H1,HA,HA,423,0.10268572363954527
all,H1,HA,HA,426,0.1509384451586511
all,H1,HA,HA,429,-0.038805531080562186
all,H1,HA,HA,432,0.6168242235370802
all,H1,HA,HA,435,0.1704703253055611
all,H1,HA,HA,438,-0.5018859437198047
all,H1,HA,HA,441,-0.6028647604026905
all,H1,HA,HA,444,0.08373061824382749
all,H1,HA,HA,447,0.6204816460156545
all,H1,HA,HA,450,0.06871053230682625
all,H1,HA,HA,453,-0.09200574267120269
all,H1,HA,HA,456,-0.05502838083903797
all,H1,HA,HA,459,0.03662171615555711
all,H1,HA,HA,462,-0.29502959918049726
all,H1,HA,HA,465,0.19137360057412853
all,H1,HA,HA,468,-0.07014006413509259
all,H1,HA,HA,471,0.0321788434411785
all,H1,HA,HA,474,0.1267416557909277
all,H1,HA,HA,477,-0.011014122889564406
all,H1,HA,HA,480,0.11453477495119306
all,H1,HA,HA,483,-0.1453665418091647
all,H1,HA,HA,486,-0.5505820992601431
all,H1,HA,HA,489,-0.17933134827315858
all,H1,HA,HA,492,0.1338400657848713
all,H1,HA,HA,493,-0.15302439986023056
all,H1,HA,HA,495,0.3227341506120752
all,H1,HA,HA,496,0.22348516346723765
all,H1,HA,HA,498,-0.002380174692679695
all,H1,HA,HA,502,-0.20310995736885437
all,H1,HA,HA,504,-0.02301024564419189
all,H1,HA,HA,507,0.11047355258034826
all,H1,HA,HA,510,-0.16527366041411412
all,H1,HA,HA,513,0.7997799407118201
all,H1,HA,HA,516,1.5374484033826583
all,H1,HA,HA,519,-0.1341378091551822
all,H1,HA,HA,522,-0.0731182590082878
all,H1,HA,HA,525,-0.12990372442408607
all,H1,HA,HA,528,0.1885390410272131
all,H1,HA,HA,531,0.2975494791007871
all,H1,HA,HA,534,-0.17662411800180816
all,H1,HA,HA,537,0.16855743149765665
all,H1,HA,HA,540,-0.03382942155333607
all,H1,HA,HA,543,-0.00422682292420085
all,H1,HA,HA,546,0.022809190550372786
all,H1,HA,HA,549,0.08431338127502253
all,H1,HA,HA,552,-0.029128163969954095
all,H1,HA,HA,555,0.3200050844865465
all,H1,HA,HA,558,0.46540209135273225
all,H1,HA,HA,561,0.5943451729426976
all,H1,HA,HA,564,0.18218222681360924
all,H1,HA,HA,567,-0.17733992266644402
all,H1,HA,HA,570,0.29801047063608266
all,H1,HA,HA,573,0.3273594661253331
all,H1,HA,HA,576,0.21141548174161154
all,H1,HA,HA,577,-0.22211623489793847
all,H1,HA,HA,579,-0.0168841175163518
all,H1,HA,HA,585,0.5129043096865568
all,H1,HA,HA,588,0.3721565999718406
all,H1,HA,HA,591,0.3547363884295156
all,H1,HA,HA,594,0.29833913578214594
all,H1,HA,HA,597,-0.033905987117352376
all,H1,HA,HA,600,0.15839341885738073
all,H1,HA,HA,603,-0.14259395116490114
all,H1,HA,HA,606,-0.2739752140197987
all,H1,HA,HA,609,0.16183538021165042
all,H1,HA,HA,612,-0.012028183865603588
all,H1,HA,HA,615,-0.07230630637016541
all,H1,HA,HA,618,0.014902740598837672
all,H1,HA,HA,621,-0.02934488530738895
all,H1,HA,HA,624,-0.27981245133736443
all,H1,HA,HA,627,0.10022220871926858
all,H1,HA,HA,630,-0.03384469651630793
all,H1,HA,HA,633,-0.46490370773280815
all,H1,HA,HA,636,0.04269583667821345
all,H1,HA,HA,639,-0.3118072161843686
all,H1,HA,HA,642,0.08317363287403955
all,H1,HA,HA,645,-0.32583981095804976
all,H1,HA,HA,648,0.1721785437247619
all,H1,HA,HA,651,-0.23246466040878397
all,H1,HA,HA,654,0.25724478974826825
all,H1,HA,HA,657,0.16289451926110365
all,H1,HA,HA,660,0.29781830017330396
all,H1,HA,HA,663,-0.12638574426167987
all,H1,HA,HA,664,-0.27730224035685935
all,H1,HA,HA,666,0.02193487264124952
all,H1,HA,HA,669,0.22030825419094585
all,H1,HA,HA,672,0.26061991814513197
all,H1,HA,HA,675,-0.10570243353916679
all,H1,HA,HA,678,0.09796632658239057
all,H1,HA,HA,681,-0.14060802421540686
all,H1,HA,HA,684,0.49498490407593665
all,H1,HA,HA,687,0.6569853670472092
all,H1,HA,HA,690,0.2220696319069446
all,H1,HA,HA,693,0.023565709956905743
all,H1,HA,HA,696,0.13730138755385463
all,H1,HA,HA,699,0.2005269377595405
all,H1,HA,HA,700,-0.4251300587093851
all,H1,HA,HA,702,-0.35621555392483606
all,H1,HA,HA,705,0.1307925121259349
all,H1,HA,HA,708,0.2747900240080323
all,H1,HA,HA,711,0.03495450550573222
all,H1,HA,HA,714,-0.06740899200283398
all,H1,HA,HA,717,-0.06360299366419216
all,H1,HA,HA,720,0.2681134106287175
all,H1,HA,HA,723,0.3684205726048868
all,H1,HA,HA,726,-0.3447792077239832
all,H1,HA,HA,729,0.16862009620287327
all,H1,HA,HA,735,0.1348375036693294
all,H1,HA,HA,738,0.30896430442334405
all,H1,HA,HA,741,-0.13468681211226027
all,H1,HA,HA,747,0.027481440050472632
all,H1,HA,HA,748,0.18992561456161353
all,H1,HA,HA,750,-0.14843916043835115
all,H1,HA,HA,753,-0.1452303756485745
all,H1,HA,HA,756,0.4729804777394536
all,H1,HA,HA,759,0.12293367339346488
all,H1,HA,HA,762,0.07468833522281577
all,H1,HA,HA,765,-0.1725664480027163
all,H1,HA,HA,768,-0.051911750716686744
all,H1,HA,HA,774,-0.04452843848568683
all,H1,HA,HA,777,0.06352447229240026
all,H1,HA,HA,780,0.013189819992633134
all,H1,HA,HA,783,0.22180012133096072
all,H1,HA,HA,786,0.07155445053155607
all,H1,HA,HA,789,0.36635850297654904
all,H1,HA,HA,792,0.14901027227355132
all,H1,HA,HA,793,-0.05845315097599752
all,H1,HA,HA,795,0.24745838032246048
all,H1,HA,HA,798,-0.006768235435621522
all,H1,HA,HA,801,0.4620306883658516
all,H1,HA,HA,804,0.01845189352055517
all,H1,HA,HA,807,-0.03197666699213787
all,H1,HA,HA,810,-0.10183237885151392
all,H1,HA,HA,813,0.19048417029578008
all,H1,HA,HA,816,-0.10764862403874426
all,H1,HA,HA,819,0.2090017699961192
all,H1,HA,HA,820,0.5483752385574583
all,H1,HA,HA,822,-0.1701661038093946
all,H1,HA,HA,825,-0.38858006103618536
all,H1,HA,HA,828,0.5870337646556152
all,H1,HA,HA,831,0.005137270987797575
all,H1,HA,HA,834,-0.16055621445980228
all,H1,HA,HA,837,0.2181945475566673
all,H1,HA,HA,840,0.06452513591017846
all,H1,HA,HA,843,0.013204097431618609
all,H1,HA,HA,846,0.11223454911827294
all,H1,HA,HA,849,-0.10023672377624723
all,H1,HA,HA,852,0.08252544901835504
all,H1,HA,HA,855,0.09373248012996178
all,H1,HA,HA,858,0.22484173605960525
all,H1,HA,HA,861,0.2711398888574074
all,H1,HA,HA,864,-0.03729491816182289
all,H1,HA,HA,867,0.40497819008620367
all,H1,HA,HA,870,0.19697598212267384
all,H1,HA,HA,873,0.024115150901178165
all,H1,HA,HA,876,-0.1112546968047021
all,H1,HA,HA,879,0.35695111166703997
all,H1,HA,HA,882,0.27867667242089655
all,H1,HA,HA,885,0.04707321774407888
all,H1,HA,HA,888,0.34388893702833434
all,H1,HA,HA,891,0.34840420779489323
all,H1,HA,HA,894,0.2503130178170418
all,H1,HA,HA,897,0.283318404582783
all,H1,HA,HA,900,0.33859219359421266
all,H1,HA,HA,903,0.07949499047420173
all,H1,HA,HA,906,0.1793899367203577
all,H1,HA,HA,907,1.465090955282488
all,H1,HA,HA,909,0.3516807655512137
all,H1,HA,HA,912,-0.12489937530917808
all,H1,HA,HA,915,0.15362762389481632
all,H1,HA,HA,918,0.3981153338306427
all,H1,HA,HA,921,0.19888408350094303
all,H1,HA,HA,924,0.1252461701106465
all,H1,HA,HA,927,0.036820940301799124
all,H1,HA,HA,930,0.06685529503771803
all,H1,HA,HA,933,0.3069088902652009
all,H1,HA,HA,936,0.44889695751587794
all,H1,HA,HA,939,0.20136625325206114
all,H1,HA,HA,942,0.08719907354783131
all,H1,HA,HA,945,0.28834360287197164
all,H1,HA,HA,948,0.3599294858528257
all,H1,HA,HA,951,-0.20798749066931246
all,H1,HA,HA,954,0.3818800959962599
all,H1,HA,HA,957,0.18386342077153633
all,H1,HA,HA,960,0.10760072119541611
all,H1,HA,HA,963,0.2792304960233063
all,H1,HA,HA,966,0.24494381250852698
all,H1,HA,HA,969,0.04854119923791863
all,H1,HA,HA,972,0.35461650317736676
all,H1,HA,HA,975,-0.2116355318367012
all,H1,HA,HA,978,-0.07012368129413654
all,H1,HA,HA,981,0.5891966724985002
all,H1,HA,HA,984,-0.22274097118753974
all,H1,HA,HA,985,-0.05380941742941317
all,H1,HA,HA,987,-0.013106824982823145
all,H1,HA,HA,988,0.4522472279177057
all,H1,HA,HA,990,0.14771909158640883
all,H1,HA,HA,991,-0.3458513478815871
all,H1,HA,HA,993,-0.06984310004071548
all,H1,HA,HA,996,0.38595214534544137
all,H1,HA,HA,999,0.1466382764126183
all,H1,HA,HA,1002,0.35833644650115004
all,H1,HA,HA,1003,0.2178082413044088
all,H1,HA,HA,1005,0.3052848387914716
all,H1,HA,HA,1008,-0.04700938145205855
all,H1,HA,HA,1011,0.06735991427574745
all,H1,HA,HA,1014,0.20220523003822563
all,H1,HA,HA,1017,0.18057658449881328
all,H1,HA,HA,1020,0.1893810308405651
all,H1,HA,HA,1023,0.3538305870097433
all,H1,HA,HA,1026,-0.3377471092777169
all,H1,HA,HA,1029,-0.000528695520619675
all,H1,HA,HA,1032,-0.7018039348241274
all,H1,HA,HA,1035,-0.6241572603268238
all,H1,HA,HA,1036,-0.2709909733583445
all,H1,HA,HA,1038,0.46732790413974906
all,H1,HA,HA,1041,-0.07812273412410085
all,H1,HA,HA,1044,0.05325769598630548
all,H1,HA,HA,1047,0.16666716080152894
all,H1,HA,HA,1050,0.18495746969278118
all,H1,HA,HA,1053,0.024623721950520372
all,H1,HA,HA,1056,0.6358935334651253
all,H1,HA,HA,1059,0.3642812672861454
all,H1,HA,HA,1062,-0.03296303589201372
all,H1,HA,HA,1065,-1.409958833197145
all,H1,HA,HA,1068,-0.01665357450589743
all,H1,HA,HA,1071,0.6921074199120568
all,H1,HA,HA,1077,-0.8182026578720469
all,H1,HA,HA,1080,0.2570212615053416
all,H1,HA,HA,1086,0.18585828696592088
all,H1,HA,HA,1089,0.21377389936878588
all,H1,HA,HA,1092,0.21816202284335953
all,H1,HA,HA,1098,0.4732452146810583
all,H1,HA,HA,1101,-0.81829743855596
all,H1,HA,HA,1104,0.03512824214084052
all,H1,HA,HA,1107,0.3561346554562652
all,H1,HA,HA,1110,-0.4912328645994483
all,H1,HA,HA,1113,0.10762261300684034
all,H1,HA,HA,1116,-0.3935879605494027
all,H1,HA,HA,1119,0.05253280992968962
all,H1,HA,HA,1122,0.472002314379529
all,H1,HA,HA,1125,0.6157237478345516
all,H1,HA,HA,1128,-0.0008146602713555162
all,H1,HA,HA,1131,-0.146900004529447
all,H1,HA,HA,1134,0.17121745048935844
all,H1,HA,HA,1137,0.326683677121944
all,H1,HA,HA,1140,0.12192972642553919
all,H1,HA,HA,1143,0.16430577087595932
all,H1,HA,HA,1144,0.48362451382074495
all,H1,HA,HA,1146,-0.027297147378092412
all,H1,HA,HA,1149,0.24671149407941645
all,H1,HA,HA,1152,0.18615125952425066
all,H1,HA,HA,1155,0.257768000217607
all,H1,HA,HA,1158,0.054511126873504526
all,H1,HA,HA,1161,-0.23455370340115725
all,H1,HA,HA,1164,0.11826167712960342
all,H1,HA,HA,1167,-0.10319129444517243
all,H1,HA,HA,1170,0.08795250082080935
all,H1,HA,HA,1173,0.1338469190379458
all,H1,HA,HA,1176,0.029466039811066276
all,H1,HA,HA,1179,0.213705637617238
all,H1,HA,HA,1182,-0.05296085612176416
all,H1,HA,HA,1185,-0.08126202957351493
all,H1,HA,HA,1188,-0.04489265213273887
all,H1,HA,HA,1191,0.3406889736796722
all,H1,HA,HA,1194,-0.22190475543183927
all,H1,HA,HA,1197,0.2511821584523619
all,H1,HA,HA,1200,0.09172421716650336
all,H1,HA,HA,1203,0.14912826554995007
all,H1,HA,HA,1206,-0.04704791314703915
all,H1,HA,HA,1212,0.14419431195414747
all,H1,HA,HA,1215,0.24411284718144927
all,H1,HA,HA,1218,-0.364343933062188
all,H1,HA,HA,1221,0.03771135739085487
all,H1,HA,HA,1224,0.11876623083884782
all,H1,HA,HA,1227,0.21360220836403995
all,H1,HA,HA,1230,0.12386330331397717
all,H1,HA,HA,1233,0.1546658951471622
all,H1,HA,HA,1236,-0.15739872119914255
all,H1,HA,HA,1239,0.005759443701607962
all,H1,HA,HA,1242,0.027186215545253235
all,H1,HA,HA,1245,0.3057417382116698
all,H1,HA,HA,1248,0.44726893191214756
all,H1,HA,HA,1249,0.7299816492506774
all,H1,HA,HA,1251,0.11967100822233778
all,H1,HA,HA,1254,0.42245553220226384
all,H1,HA,HA,1257,-0.22277198050968158
all,H1,HA,HA,1258,-1.0677657599491452
all,H1,HA,HA,1260,0.2746355213995808
all,H1,HA,HA,1263,0.27444633912856
all,H1,HA,HA,1266,-0.030997331357325117
all,H1,HA,HA,1269,-0.21185953192940243
all,H1,HA,HA,1270,0.007043197381828292
all,H1,HA,HA,1272,-0.22294997708009107
all,H1,HA,HA,1275,-0.11075891627509148
all,H1,HA,HA,1278,0.10168173688570342
all,H1,HA,HA,1281,0.8876283649460853
all,H1,HA,HA,1284,0.09927101977009896
all,H1,HA,HA,1287,0.03180570578170863
all,H1,HA,HA,1290,-0.15692744501416347
all,H1,HA,HA,1293,0.4506234258490623
all,H1,HA,HA,1296,0.015001408473081346
all,H1,HA,HA,1297,0.18260755916881796
all,H1,HA,HA,1299,0.0024644306319161666
all,H1,HA,HA,1302,0.09137814289404955
all,H1,HA,HA,1305,0.1779295852348542
all,H1,HA,HA,1311,0.026317775801206488
all,H1,HA,HA,1314,-0.13531850349816987
all,H1,HA,HA,1317,0.18834073664120798
all,H1,HA,HA,1320,0.1421883045017081
all,H1,HA,HA,1323,0.14998410883315655
all,H1,HA,HA,1324,0.2982048944550529
all,H1,HA,HA,1326,-0.06352109710893047
all,H1,HA,HA,1327,-0.07423161085698735
all,H1,HA,HA,1329,-0.10526696971026943
all,H1,HA,HA,1332,0.002598759024503409
all,H1,HA,HA,1333,0.11275264870212515
all,H1,HA,HA,1335,-0.06700725978502187
all,H1,HA,HA,1336,-0.06400575691644936
all,H1,HA,HA,1338,0.227684065460684
all,H1,HA,HA,1341,0.16493125188099897
all,H1,HA,HA,1344,0.19744937850538527
all,H1,HA,HA,1347,-0.24117053922887213
all,H1,HA,HA,1348,0.18428951214927514
all,H1,HA,HA,1350,0.14893732691758893
all,H1,HA,HA,1353,0.15461479156544075
all,H1,HA,HA,1354,-0.2751148544003007
all,H1,HA,HA,1356,-0.2793167574798015
all,H1,HA,HA,1359,0.05351663612026199
all,H1,HA,HA,1362,0.1259555193199781
all,H1,HA,HA,1365,-0.12865440964193275
all,H1,HA,HA,1368,0.29410591773214745
all,H1,HA,HA,1371,0.45720401121906434
all,H1,HA,HA,1374,0.14858767848828286
all,H1,HA,HA,1377,0.08302156270887566
all,H1,HA,HA,1380,0.2951614392102604
all,H1,HA,HA,1383,0.1675668198782851
all,H1,HA,HA,1384,-0.16332715354512406
all,H1,HA,HA,1386,-0.017323283847762536
all,H1,HA,HA,1389,0.1364866910137888
all,H1,HA,HA,1392,0.10613768629626616
all,H1,HA,HA,1395,0.6599157114859493
all,H1,HA,HA,1398,0.28694206532276534
all,H1,HA,HA,1399,-0.11885027999691689
all,H1,HA,HA,1401,0.0013127299200698522
all,H1,HA,HA,1404,0.19807550696710471
all,H1,HA,HA,1407,0.1579287509905211
all,H1,HA,HA,1408,0.22299929107575406
all,H1,HA,HA,1410,0.2019611078555269
all,H1,HA,HA,1413,0.02601758663091223
all,H1,HA,HA,1416,-0.12082808950737003
all,H1,HA,HA,1419,-0.5661563533574246
all,H1,HA,HA,1422,0.20832917843710488
all,H1,HA,HA,1425,0.4166710339778893
all,H1,HA,HA,1428,-0.1720292605145563
all,H1,HA,HA,1431,-0.6616475872182589
all,H1,HA,HA,1434,0.07771160951002479
all,H1,HA,HA,1437,0.308506459220647
all,H1,HA,HA,1440,0.5674881854493243
all,H1,HA,HA,1443,0.25330006750556805
all,H1,HA,HA,1446,0.004377485706199947
all,H1,HA,HA,1449,0.15182193428018076
all,H1,HA,HA,1452,0.09257751697352315
all,H1,HA,HA,1455,0.11794128902542905
all,H1,HA,HA,1458,-0.20779857858978779
all,H1,HA,HA,1461,-0.10155298601078844
all,H1,HA,HA,1464,0.08605504294299164
all,H1,HA,HA,1467,0.22547070242892528
all,H1,HA,HA,1470,-0.015952090791310155
all,H1,HA,HA,1473,0.16793195234845956
all,H1,HA,HA,1476,0.3445791120940599
all,H1,HA,HA,1482,0.023641988832662775
all,H1,HA,HA,1485,0.03476213135066246
all,H1,HA,HA,1488,0.3180956160276266
all,H1,HA,HA,1491,0.1335086567780027
all,H1,HA,HA,1494,-0.07131514130602978
all,H1,HA,HA,1497,0.08050594436607618
all,H1,HA,HA,1500,-0.20244442422071793
all,H1,HA,HA,1503,0.02967631009159141
all,H1,HA,HA,1506,0.011789113775025676
all,H1,HA,HA,1509,0.05176796246964315
all,H1,HA,HA,1512,1.2738972627686793
all,H1,HA,HA,1515,0.06262190045396972
all,H1,HA,HA,1518,0.5229294578984418
all,H1,HA,HA,1521,0.07981415343026563
all,H1,HA,HA,1524,-0.029280305183711792
all,H1,HA,HA,1527,0.12069197715761046
all,H1,HA,HA,1530,0.5769393312900749
all,H1,HA,HA,1533,0.2593224449179501
all,H1,HA,HA,1534,0.18141927260703297
all,H1,HA,HA,1536,0.2679854840565292
all,H1,HA,HA,1539,-0.19070749822616137
all,H1,HA,HA,1540,-0.20622354567093082
all,H1,HA,HA,1542,-0.08438504395895519
all,H1,HA,HA,1545,-0.20497030608243538
all,H1,HA,HA,1548,-0.18966781225911816
all,H1,HA,HA,1551,0.3989067023239244
all,H1,HA,HA,1554,-0.15632815850666326
all,H1,HA,HA,1557,0.12767927536062743
all,H1,HA,HA,1560,-0.019671997718585372
all,H1,HA,HA,1563,0.34795655020075145
all,H1,HA,HA,1564,-0.5108099259291631
all,H1,HA,HA,1566,-0.22080481782240396
all,H1,HA,HA,1569,0.22716883025749468
all,H1,HA,HA,1572,0.31743250726225336
all,H1,HA,HA,1575,-0.5394869081050137
all,H1,HA,HA,1576,-1.2188946753728696
all,H1,HA,HA,1578,-0.03849498926065233
all,H1,HA,HA,1581,0.014881629910469499
all,H1,HA,HA,1584,-0.006982729662136733
all,H1,HA,HA,1587,-0.2524499609529016
all,H1,HA,HA,1590,0.3010770163097255
all,H1,HA,HA,1591,-0.06479632575512607
all,H1,HA,HA,1593,-0.9374663128518936
all,H1,HA,HA,1596,-0.4355159706810048
all,H1,HA,HA,1599,-0.2137464544241428
all,H1,HA,HA,1602,0.02606454441944704
all,H1,HA,HA,1605,-0.19956059204573046
all,H1,HA,HA,1608,-0.41229310221669824
all,H1,HA,HA,1611,-0.7689101079880858
all,H1,HA,HA,1614,-0.6569746496893238
all,H1,HA,HA,1617,0.44106595560490536
all,H1,HA,HA,1620,0.16402418545970543
all,H1,HA,HA,1621,-0.7876039145705203
all,H1,HA,HA,1623,0.049412262904329395
all,H1,HA,HA,1626,0.29603343583148845
all,H1,HA,HA,1627,-0.2246260305293927
all,H1,HA,HA,1629,-0.21854237845339786
all,H1,HA,HA,1630,-0.7038672997797427
all,H1,HA,HA,1632,-0.44293220347805445
all,H1,HA,HA,1635,-3.471739324878862
all,H1,HA,HA,1638,-0.8407070316361775
all,H1,HA,HA,1639,-1.074730182011242
all,H1,HA,HA,1641,-1.3953100190651466
all,H1,HA,HA,1644,-3.2576308466460713
all,H1,HA,HA,1647,-1.3035180153189216
all,H1,HA,HA,1650,-1.9775295660435144
all,H1,HA,HA,1653,1.2354882311284776
all,H1,HA,HA,1656,0.9922180628860183
all,H1,HA,HA,1665,0.34530862600875445
all,H1,HA,HA,1668,0.27350120246374837
all,H1,HA,HA,1671,-0.6881388004488519
all,H1,HA,HA,1674,-0.2760785499158551
all,H1,HA,HA,1677,-0.36255342285225756
all,H1,HA,HA,1678,0.14216696633451564
all,H1,HA,HA,1680,-0.2846501626384023
all,H1,HA,HA,1683,0.2534835523782981
all,H1,HA,HA,1686,0.06468478527102618
all,H1,HA,HA,1689,-0.5694182530162957
all,H1,HA,HA,1692,-0.3920152071241786
all,H1,HA,HA,1695,0.19839506079798583
all,H1,HA,HA,1698,0.03416464975547479
all,H1,HA,HA,1700,0.6395417726562511
all,H3,HA,HA,6,-0.2876613190756343
all,H3,HA,HA,9,0.4598780416795532
all,H3,HA,HA,12,0.28918699658192376
all,H3,HA,HA,15,0.3196790521158147
all,H3,HA,HA,18,0.32382333343288755
all,H3,HA,HA,19,0.07732726737284285
all,H3,HA,HA,21,0.12881545829412827
all,H3,HA,HA,24,-1.7843872275353407
all,H3,HA,HA,27,-0.5880144311007857
all,H3,HA,HA,30,-0.6607789495653483
all,H3,HA,HA,31,-0.5958482325166352
all,H3,HA,HA,33,-0.5801704052810392
all,H3,HA,HA,36,-0.11953539662130645
all,H3,HA,HA,37,0.29180149176410436
all,H3,HA,HA,39,0.21448222038528825
all,H3,HA,HA,42,0.38298321978317884
all,H3,HA,HA,45,0.013396874637581593
all,H3,HA,HA,48,0.43621145361963026
all,H3,HA,HA,51,-0.02978781312016562
all,H3,HA,HA,54,0.12252087646259793
all,H3,HA,HA,57,0.7074304747667085
all,H3,HA,HA,60,0.3915165403937923
all,H3,HA,HA,63,0.2413125223625597
all,H3,HA,HA,66,0.1669846106258223
all,H3,HA,HA,69,-0.4683196486423343
all,H3,HA,HA,72,-0.17292330374779555
all,H3,HA,HA,75,0.11467868096258849
all,H3,HA,HA,78,0.1676195008217467
all,H3,HA,HA,81,0.14485732303097937
all,H3,HA,HA,84,-0.4311107927750294
all,H3,HA,HA,85,0.09183130871542476
all,H3,HA,HA,87,-0.012339488617027265
all,H3,HA,HA,90,-0.15718370538665016
all,H3,HA,HA,93,0.17365300789924346
all,H3,HA,HA,96,0.23146076226065823
all,H3,HA,HA,99,0.08490034632029374
all,H3,HA,HA,102,-0.16767386975449616
all,H3,HA,HA,105,-1.0738563095509168
all,H3,HA,HA,108,0.22985608275232047
all,H3,HA,HA,111,-0.15379228475374948
all,H3,HA,HA,114,-0.042975597735720766
all,H3,HA,HA,117,0.4366453496913461
all,H3,HA,HA,120,0.240466050849473
all,H3,HA,HA,123,-0.16865831863969333
all,H3,HA,HA,126,0.04868865512895448
all,H3,HA,HA,129,0.1071619954991084
all,H3,HA,HA,132,-0.21345477211468483
all,H3,HA,HA,135,0.05078447706378947
all,H3,HA,HA,138,0.3658808318026565
all,H3,HA,HA,141,0.17789290419778758
all,H3,HA,HA,144,-0.115888791807432
all,H3,HA,HA,145,0.19909604241538623
all,H3,HA,HA,147,-0.0634217739015664
all,H3,HA,HA,150,0.0247755699235225
all,H3,HA,HA,153,0.0718829181541026
all,H3,HA,HA,156,0.3643523712099546
all,H3,HA,HA,159,-0.01636806422152179
all,H3,HA,HA,162,0.08261491076411676
all,H3,HA,HA,165,-0.03996682854949087
all,H3,HA,HA,168,0.21735793373216317
all,H3,HA,HA,171,0.5534713921560328
all,H3,HA,HA,172,0.023528981407072692
all,H3,HA,HA,174,0.2848604436863299
all,H3,HA,HA,177,0.26572275045177074
all,H3,HA,HA,180,-0.12508387654633324
all,H3,HA,HA,183,0.2500562662982742
all,H3,HA,HA,186,0.027832160260030214
all,H3,HA,HA,189,0.15154792064797326
all,H3,HA,HA,192,0.23183303113902576
all,H3,HA,HA,195,-0.0237196456485117
all,H3,HA,HA,198,-0.1220697742211434
all,H3,HA,HA,201,0.30963268053747695
all,H3,HA,HA,204,0.058509478831703036
all,H3,HA,HA,207,-0.2637231886755294
all,H3,HA,HA,210,0.5868648279851855
all,H3,HA,HA,213,0.012400812406643608
all,H3,HA,HA,216,0.49217880611355036
all,H3,HA,HA,219,0.10988286394219408
all,H3,HA,HA,222,-0.09182291867616411
all,H3,HA,HA,225,0.06250944104427526
all,H3,HA,HA,228,0.08049490101902375
all,H3,HA,HA,231,0.13188343693954657
all,H3,HA,HA,234,0.12280516161442717
all,H3,HA,HA,237,-0.051228559392106604
all,H3,HA,HA,240,-0.035761159611629546
all,H3,HA,HA,243,0.32633379303181065
all,H3,HA,HA,244,0.02613023113474814
all,H3,HA,HA,246,-0.23904311927373734
all,H3,HA,HA,249,0.19639592974404765
all,H3,HA,HA,252,-0.23963971305820483
all,H3,HA,HA,255,-0.12271716171986197
all,H3,HA,HA,256,-0.7095143806284729
all,H3,HA,HA,258,-0.5230733198401413
all,H3,HA,HA,259,-0.25234247454114167
all,H3,HA,HA,261,0.10732529901270413
all,H3,HA,HA,264,0.2719863076815667
all,H3,HA,HA,267,-0.2134469605044411
all,H3,HA,HA,270,-0.003651426833539577
all,H3,HA,HA,273,-0.26749200849873117
all,H3,HA,HA,276,-0.28676317503064386
all,H3,HA,HA,279,0.0858652607812759
all,H3,HA,HA,282,-0.09694439824373641
all,H3,HA,HA,285,-0.08348295907357114
all,H3,HA,HA,288,-0.1397078984975636
all,H3,HA,HA,291,0.4454345042466738
all,H3,HA,HA,294,-0.14930658329083468
all,H3,HA,HA,297,0.10896636484033424
all,H3,HA,HA,303,-0.41534618443473764
all,H3,HA,HA,306,-0.2427941580428542
all,H3,HA,HA,309,0.09477045998713
all,H3,HA,HA,312,0.14907829710281661
all,H3,HA,HA,315,0.20361385269666882
all,H3,HA,HA,316,0.31214513838859564
all,H3,HA,HA,318,0.7597571981445268
all,H3,HA,HA,321,0.2605054495526127
all,H3,HA,HA,324,-0.11984817659630874
all,H3,HA,HA,327,0.1467190428702519
all,H3,HA,HA,330,-0.4247389273797207
all,H3,HA,HA,333,0.2619676557172462
all,H3,HA,HA,336,-0.233309433029183
all,H3,HA,HA,339,0.05090440455871655
all,H3,HA,HA,342,-0.4630993892840223
all,H3,HA,HA,345,-0.19128952657583462
all,H3,HA,HA,348,-0.040661222335858324
all,H3,HA,HA,351,0.06280389027983319
all,H3,HA,HA,354,0.23035626438684287
all,H3,HA,HA,357,-0.11269758250979331
all,H3,HA,HA,360,-0.31104189122655146
all,H3,HA,HA,363,-0.19331191431832365
all,H3,HA,HA,366,0.20190750410466982
all,H3,HA,HA,369,0.09831140444291209
all,H3,HA,HA,372,-0.32759347726971827
all,H3,HA,HA,373,0.7764257424524271
all,H3,HA,HA,375,0.12846503195286024
all,H3,HA,HA,378,0.13871278898236472
all,H3,HA,HA,379,-0.36255662711725334
all,H3,HA,HA,381,-0.5641451122891863
all,H3,HA,HA,384,0.14115117060400031
all,H3,HA,HA,387,0.2651201959021075
all,H3,HA,HA,390,0.11044339089953821
all,H3,HA,HA,393,0.7072129716446516
all,H3,HA,HA,396,0.2969400440613566
all,H3,HA,HA,399,0.08805300755484016
all,H3,HA,HA,400,-0.1391659998104257
all,H3,HA,HA,402,0.021494642929048697
all,H3,HA,HA,405,0.11940421295512564
all,H3,HA,HA,408,0.18267475419855528
all,H3,HA,HA,411,0.11483938610284192
all,H3,HA,HA,414,-0.011826468067084086
all,H3,HA,HA,417,0.030887715551826653
all,H3,HA,HA,420,0.8797867554038472
all,H3,HA,HA,423,-0.9652683963102262
all,H3,HA,HA,426,-0.29978921614011095
all,H3,HA,HA,432,0.1837295743449447
all,H3,HA,HA,435,-0.02077042681715839
all,H3,HA,HA,438,-0.06897457026799907
all,H3,HA,HA,441,-0.1603313118107762
all,H3,HA,HA,444,0.04448031131448823
all,H3,HA,HA,447,-0.05078132557782035
all,H3,HA,HA,450,0.5562122284766222
all,H3,HA,HA,453,-0.2618120216834574
all,H3,HA,HA,456,-0.04614628659995265
all,H3,HA,HA,459,0.03098087430697714
all,H3,HA,HA,462,0.2336724026843354
all,H3,HA,HA,465,0.15112044562461346
all,H3,HA,HA,468,-0.4381354721865068
all,H3,HA,HA,469,-0.34980478800617104
all,H3,HA,HA,471,0.10684703161031713
all,H3,HA,HA,474,-0.07439170992958034
all,H3,HA,HA,477,-0.34940457088908894
all,H3,HA,HA,480,-0.11979423853955469
all,H3,HA,HA,483,0.5173056371478512
all,H3,HA,HA,486,0.24867113810324776
all,H3,HA,HA,489,0.2869377130906682
all,H3,HA,HA,492,-0.21384473955490313
all,H3,HA,HA,495,-0.08815960015464028
all,H3,HA,HA,498,0.0810033873033714
all,H3,HA,HA,499,-0.11004977530849414
all,H3,HA,HA,501,0.3976010794130148
all,H3,HA,HA,504,-0.23408790705237947
all,H3,HA,HA,508,-0.21553351561865194
all,H3,HA,HA,510,0.13747135788726736
all,H3,HA,HA,513,-0.29868376745653935
all,H3,HA,HA,516,0.6944415703800746
all,H3,HA,HA,517,-0.12177474753035512
all,H3,HA,HA,519,0.21305956094184342
all,H3,HA,HA,522,0.07542071463806864
all,H3,HA,HA,525,-0.187341690007292
all,H3,HA,HA,528,-0.20767025770304615
all,H3,HA,HA,531,0.33406972449030226
all,H3,HA,HA,534,0.15591522200886573
all,H3,HA,HA,537,0.02277733764346218
all,H3,HA,HA,538,0.09935582151820412
all,H3,HA,HA,540,0.4190728618134567
all,H3,HA,HA,543,0.09034148913325703
all,H3,HA,HA,546,0.5028358682946296
all,H3,HA,HA,549,0.11510043284341849
all,H3,HA,HA,555,0.7654179688165589
all,H3,HA,HA,558,-0.1189597523742652
all,H3,HA,HA,561,0.22511507802086278
all,H3,HA,HA,564,0.13262532451192316
all,H3,HA,HA,567,-0.013426480573319922
all,H3,HA,HA,570,0.45572676516575555
all,H3,HA,HA,573,-0.5825287145898862
all,H3,HA,HA,576,-0.20570362653004698
all,H3,HA,HA,577,0.1598080706836457
all,H3,HA,HA,579,-0.10474803383916054
all,H3,HA,HA,582,-0.8123987086955876
all,H3,HA,HA,585,0.3550038539240128
all,H3,HA,HA,591,-0.030197363798426025
all,H3,HA,HA,594,0.2561455597008514
all,H3,HA,HA,597,0.153536378993065
all,H3,HA,HA,600,0.11029709289834934
all,H3,HA,HA,603,0.10333643107103452
all,H3,HA,HA,606,0.5606058796349954
all,H3,HA,HA,609,0.30084832821447627
all,H3,HA,HA,612,-0.32730751833723515
all,H3,HA,HA,615,0.048280862402451205
all,H3,HA,HA,618,-0.36112938984593906
all,H3,HA,HA,621,-0.19919337231620965
all,H3,HA,HA,624,-0.26390603411855623
all,H3,HA,HA,627,0.2803414782859126
all,H3,HA,HA,628,0.05945264387469067
all,H3,HA,HA,630,-0.07996675533541008
all,H3,HA,HA,633,0.1277827178785673
all,H3,HA,HA,636,0.020985196830749488
all,H3,HA,HA,639,-0.25511492786904716
all,H3,HA,HA,642,-0.0018228902573270516
all,H3,HA,HA,645,-0.012605186672756508
all,H3,HA,HA,648,0.09583572871973176
all,H3,HA,HA,649,0.20586185640167612
all,H3,HA,HA,651,0.15295258871316686
all,H3,HA,HA,654,0.064113135143349
all,H3,HA,HA,657,0.26959771303383456
all,H3,HA,HA,660,0.31006553297263795
all,H3,HA,HA,663,0.3890074939194555
all,H3,HA,HA,666,0.08669954602026972
all,H3,HA,HA,669,-0.6647950673520925
all,H3,HA,HA,670,0.12181890194857364
all,H3,HA,HA,672,0.15231319466992937
all,H3,HA,HA,675,-0.5786486205909867
all,H3,HA,HA,678,-0.019917317798258567
all,H3,HA,HA,681,0.1126795500217796
all,H3,HA,HA,684,0.14975617136604244
all,H3,HA,HA,687,0.4147037990159977
all,H3,HA,HA,690,0.27890500945601515
all,H3,HA,HA,693,0.2456885889945854
all,H3,HA,HA,696,0.2656465829433697
all,H3,HA,HA,699,0.20184761436541243
all,H3,HA,HA,702,0.18167683305816096
all,H3,HA,HA,705,0.03727261074405651
all,H3,HA,HA,706,0.4749298845106327
all,H3,HA,HA,708,-0.323276000979832
all,H3,HA,HA,711,-0.050166766363390465
all,H3,HA,HA,712,0.7076170763180424
all,H3,HA,HA,714,0.3978861137807224
all,H3,HA,HA,717,0.2918836724545151
all,H3,HA,HA,718,0.10977408170522028
all,H3,HA,HA,720,-0.10902466670972731
all,H3,HA,HA,723,0.16994158727013373
all,H3,HA,HA,726,0.6733496200153036
all,H3,HA,HA,729,-0.16149622886427192
all,H3,HA,HA,732,0.25161283377424853
all,H3,HA,HA,733,-0.2416362752429597
all,H3,HA,HA,735,0.04489543590759442
all,H3,HA,HA,741,0.13863537358864744
all,H3,HA,HA,744,-0.17187827697525296
all,H3,HA,HA,747,-0.19194826970225992
all,H3,HA,HA,753,-0.11134214597987559
all,H3,HA,HA,756,-0.17777613725444244
all,H3,HA,HA,759,0.3329021514102676
all,H3,HA,HA,762,0.1137960407784316
all,H3,HA,HA,765,0.12002209205317624
all,H3,HA,HA,768,0.1513931124987294
all,H3,HA,HA,771,-0.31443866498019685
all,H3,HA,HA,774,0.7303950680399378
all,H3,HA,HA,777,0.24717118758989462
all,H3,HA,HA,778,0.14508573134920763
all,H3,HA,HA,780,0.22712853377940284
all,H3,HA,HA,783,0.24606498872040156
all,H3,HA,HA,786,0.10041671013450446
all,H3,HA,HA,789,0.16207794804553846
all,H3,HA,HA,792,0.36245015851250245
all,H3,HA,HA,795,0.4309280200131773
all,H3,HA,HA,798,-0.0335826389141399
all,H3,HA,HA,799,0.07979922724279563
all,H3,HA,HA,801,-0.3811216495210416
all,H3,HA,HA,804,0.576233970297437
all,H3,HA,HA,807,0.09568163031486268
all,H3,HA,HA,810,-0.25231431389365794
all,H3,HA,HA,811,0.4575125924915542
all,H3,HA,HA,813,0.14213334116557927
all,H3,HA,HA,816,0.5939663897473962
all,H3,HA,HA,819,0.15420298315341077
all,H3,HA,HA,822,0.2804371471668729
all,H3,HA,HA,825,-0.18255303551340524
all,H3,HA,HA,829,0.2652267521477074
all,H3,HA,HA,831,-0.2149105633923901
all,H3,HA,HA,834,-0.26944165842900475
all,H3,HA,HA,837,0.6073311267440046
all,H3,HA,HA,840,-0.27170341221864397
all,H3,HA,HA,843,-0.0947025825981662
all,H3,HA,HA,846,0.18987455610224932
all,H3,HA,HA,849,0.24788005683394096
all,H3,HA,HA,855,0.0017900627189286692
all,H3,HA,HA,858,-0.05831013425776005
all,H3,HA,HA,861,0.04783884669686236
all,H3,HA,HA,864,0.26844595956663797
all,H3,HA,HA,867,0.010232008390820849
all,H3,HA,HA,870,0.35064500523505104
all,H3,HA,HA,873,0.004900964387477932
all,H3,HA,HA,876,0.17257592224137128
all,H3,HA,HA,879,0.41463231816485113
all,H3,HA,HA,882,0.40909744393699154
all,H3,HA,HA,885,0.10354951322638557
all,H3,HA,HA,888,-0.05491207817131343
all,H3,HA,HA,891,-0.23565566387748657
all,H3,HA,HA,894,-0.2992325842465738
all,H3,HA,HA,897,0.10848014083170757
all,H3,HA,HA,900,-0.04108902196482663
all,H3,HA,HA,903,0.07188606573383163
all,H3,HA,HA,906,0.21964866149573675
all,H3,HA,HA,909,-0.01713421662929474
all,H3,HA,HA,912,0.309297311948615
all,H3,HA,HA,915,0.1085787882641504
all,H3,HA,HA,918,0.36312148763118063
all,H3,HA,HA,921,-0.5205785000335286
all,H3,HA,HA,924,0.08092173426089999
all,H3,HA,HA,927,0.23234801039102684
all,H3,HA,HA,930,0.001432988160574758
all,H3,HA,HA,933,-0.44471847959531263
all,H3,HA,HA,936,0.23276893410857055
all,H3,HA,HA,939,0.5596537089519923
all,H3,HA,HA,942,-0.04184569413149369
all,H3,HA,HA,943,0.20042630619704604
all,H3,HA,HA,945,0.0100147760344853
all,H3,HA,HA,948,0.05237959664350243
all,H3,HA,HA,951,0.4943491575838303
all,H3,HA,HA,954,0.5230462419703753
all,H3,HA,HA,957,-0.06083785338792566
all,H3,HA,HA,960,0.3876797645770614
all,H3,HA,HA,963,0.4031423511097369
all,H3,HA,HA,966,-0.05260234657890678
all,H3,HA,HA,967,0.6317165316960821
all,H3,HA,HA,969,-0.007125239084060604
all,H3,HA,HA,972,-0.10211425565349952
all,H3,HA,HA,975,0.5775085901175626
all,H3,HA,HA,978,0.45375844631441553
all,H3,HA,HA,981,0.110705317796514
all,H3,HA,HA,984,0.24060136080783967
all,H3,HA,HA,987,0.07116274179896341
all,H3,HA,HA,988,0.04996869195561277
all,H3,HA,HA,990,0.07250992366786875
all,H3,HA,HA,993,0.3514243332254696
all,H3,HA,HA,994,-0.15407684765379595
all,H3,HA,HA,996,-0.016416631965984745
all,H3,HA,HA,999,0.3489662310038834
all,H3,HA,HA,1002,-0.04555603956557508
all,H3,HA,HA,1005,0.6133876379921344
all,H3,HA,HA,1009,0.04738149064351461
all,H3,HA,HA,1011,0.17210497707987824
all,H3,HA,HA,1014,0.34728207832096974
all,H3,HA,HA,1017,0.6423439351176324
all,H3,HA,HA,1020,0.1997466413140493
all,H3,HA,HA,1023,0.031285430815798154
all,H3,HA,HA,1026,0.06775235528203548
all,H3,HA,HA,1029,-0.0482109176674921
all,H3,HA,HA,1032,-0.22201658464628893
all,H3,HA,HA,1035,-0.04610267626363085
all,H3,HA,HA,1038,0.06452655269621799
all,H3,HA,HA,1041,0.3432185052826604
all,H3,HA,HA,1044,0.028249258133804397
all,H3,HA,HA,1047,0.3567804248662981
all,H3,HA,HA,1050,0.43419210302594796
all,H3,HA,HA,1053,0.5171770996530511
all,H3,HA,HA,1056,0.15973062935719645
all,H3,HA,HA,1059,0.9300655245675933
all,H3,HA,HA,1062,0.07006918913515367
all,H3,HA,HA,1065,0.7199757608162607
all,H3,HA,HA,1068,-0.22461200382408622
all,H3,HA,HA,1071,0.052196884724256515
all,H3,HA,HA,1074,-0.7129482595977747
all,H3,HA,HA,1080,0.4144830020055984
all,H3,HA,HA,1083,0.4866890817414194
all,H3,HA,HA,1089,0.44745706904952826
all,H3,HA,HA,1092,-0.05693073139759272
all,H3,HA,HA,1095,-0.06313088251366676
all,H3,HA,HA,1101,-0.024053145258648347
all,H3,HA,HA,1104,0.1758550477128231
all,H3,HA,HA,1107,-0.12922708395030846
all,H3,HA,HA,1108,0.05618234011680314
all,H3,HA,HA,1110,0.35826814202261215
all,H3,HA,HA,1113,0.0695535861094694
all,H3,HA,HA,1116,0.2605922745354532
all,H3,HA,HA,1119,0.2555045671402267
all,H3,HA,HA,1122,0.3082599058933077
all,H3,HA,HA,1125,0.6604117536481704
all,H3,HA,HA,1128,0.1898563911247077
all,H3,HA,HA,1129,-0.15436580294835894
all,H3,HA,HA,1131,0.16131962429848745
all,H3,HA,HA,1134,0.33191192449922724
all,H3,HA,HA,1137,-0.10281635376070065
all,H3,HA,HA,1140,-0.13703449605284712
all,H3,HA,HA,1143,0.14886721982396176
all,H3,HA,HA,1146,-0.19607085494308482
all,H3,HA,HA,1149,-0.05403666805062076
all,H3,HA,HA,1152,-0.14117763183736481
all,H3,HA,HA,1155,0.33773174495910624
all,H3,HA,HA,1158,0.17742675274173061
all,H3,HA,HA,1161,0.08080138048963098
all,H3,HA,HA,1164,-0.2998853180892944
all,H3,HA,HA,1167,0.4296177359583063
all,H3,HA,HA,1170,-0.2367849355879441
all,H3,HA,HA,1173,0.34657544358505554
all,H3,HA,HA,1176,0.13025020766996886
all,H3,HA,HA,1179,0.18029350564598515
all,H3,HA,HA,1182,0.1306878162649571
all,H3,HA,HA,1185,0.2885249205762832
all,H3,HA,HA,1188,0.3545526242789889
all,H3,HA,HA,1189,0.008912223307895933
all,H3,HA,HA,1191,0.1927162851361796
all,H3,HA,HA,1194,0.1394154224469264
all,H3,HA,HA,1195,0.07681346410354557
all,H3,HA,HA,1197,0.20985472339055308
all,H3,HA,HA,1198,0.009663321211714204
all,H3,HA,HA,1200,0.540344423915319
all,H3,HA,HA,1203,0.17075477892573565
all,H3,HA,HA,1206,0.35410725312834374
all,H3,HA,HA,1209,0.25720997124927
all,H3,HA,HA,1212,0.09833973700523724
all,H3,HA,HA,1215,0.1972829556770004
all,H3,HA,HA,1218,-0.2548503324600379
all,H3,HA,HA,1221,0.21551373924012338
all,H3,HA,HA,1224,0.13999796347193047
all,H3,HA,HA,1227,0.0790358991152719
all,H3,HA,HA,1230,0.08242631792264028
all,H3,HA,HA,1233,0.14152273751859296
all,H3,HA,HA,1236,0.10737009300259677
all,H3,HA,HA,1239,0.487245409051821
all,H3,HA,HA,1242,0.42211612502362106
all,H3,HA,HA,1245,0.2335120187902105
all,H3,HA,HA,1248,0.16504689995432054
all,H3,HA,HA,1251,0.6306828148427609
all,H3,HA,HA,1254,0.4065907088157328
all,H3,HA,HA,1257,-0.04663061835298492
all,H3,HA,HA,1260,0.31146351067512157
all,H3,HA,HA,1261,0.23417780589956147
all,H3,HA,HA,1263,-0.16606559041143323
all,H3,HA,HA,1266,0.2998259577110349
all,H3,HA,HA,1269,0.10999525072312102
all,H3,HA,HA,1272,-0.06736794612234896
all,H3,HA,HA,1275,0.16495696638580276
all,H3,HA,HA,1278,-0.4878759075772604
all,H3,HA,HA,1281,0.162675313582121
all,H3,HA,HA,1284,-0.029707359880204155
all,H3,HA,HA,1287,0.20898696626925406
all,H3,HA,HA,1290,0.33206215130686767
all,H3,HA,HA,1293,-0.021124681253796903
all,H3,HA,HA,1296,0.41405431869528536
all,H3,HA,HA,1299,-0.4188404659905321
all,H3,HA,HA,1302,0.19227156648717908
all,H3,HA,HA,1305,-0.3287779469895956
all,H3,HA,HA,1308,0.13925038168980403
all,H3,HA,HA,1314,-0.025704465491511116
all,H3,HA,HA,1317,-0.23486203442358078
all,H3,HA,HA,1320,0.24178959543929268
all,H3,HA,HA,1323,0.15724500600807964
all,H3,HA,HA,1326,-0.3138314448045855
all,H3,HA,HA,1329,-0.1207545276218358
all,H3,HA,HA,1332,-0.3637046195478883
all,H3,HA,HA,1335,0.373884486710947
all,H3,HA,HA,1338,0.5900089009339716
all,H3,HA,HA,1339,0.47592270353014604
all,H3,HA,HA,1341,0.3071961614403306
all,H3,HA,HA,1344,0.015108388176759703
all,H3,HA,HA,1347,0.24958777788222272
all,H3,HA,HA,1350,-0.016568318023976063
all,H3,HA,HA,1353,0.6006252814095466
all,H3,HA,HA,1356,0.07177079124795087
all,H3,HA,HA,1359,-0.0508633552294688
all,H3,HA,HA,1362,0.15862327879348223
all,H3,HA,HA,1363,-0.26756322801160565
all,H3,HA,HA,1365,-0.22832931444051802
all,H3,HA,HA,1368,0.059675665540644164
all,H3,HA,HA,1371,0.33841750371927415
all,H3,HA,HA,1374,0.23670792690265194
all,H3,HA,HA,1377,-0.09664161932710763
all,H3,HA,HA,1383,-0.5599381118620208
all,H3,HA,HA,1386,0.12456300986782931
all,H3,HA,HA,1387,-0.21204777529557656
all,H3,HA,HA,1389,0.19901021330847427
all,H3,HA,HA,1392,0.018278398654143973
all,H3,HA,HA,1395,-0.24195833752625276
all,H3,HA,HA,1398,0.20609419021145015
all,H3,HA,HA,1401,0.10333097408078686
all,H3,HA,HA,1404,0.2915415082960899
all,H3,HA,HA,1407,0.5971262815365255
all,H3,HA,HA,1410,0.6142445610246685
all,H3,HA,HA,1411,-0.2793675029393501
all,H3,HA,HA,1413,0.08583918250562098
all,H3,HA,HA,1416,0.26686378809781797
all,H3,HA,HA,1419,0.06838243761437689
all,H3,HA,HA,1422,0.03689051833781535
all,H3,HA,HA,1425,-0.07705290051531459
all,H3,HA,HA,1428,0.08559099197487728
all,H3,HA,HA,1431,0.41855927801587206
all,H3,HA,HA,1437,0.6531953372240931
all,H3,HA,HA,1440,0.1634978017165641
all,H3,HA,HA,1443,-0.2769059772477616
all,H3,HA,HA,1446,0.30734856385027526
all,H3,HA,HA,1449,-0.00604419383894307
all,H3,HA,HA,1452,-0.1043768965921766
all,H3,HA,HA,1455,0.2476391787093909
all,H3,HA,HA,1458,0.1541896971228875
all,H3,HA,HA,1461,-0.3088378004437626
all,H3,HA,HA,1464,-0.35263611530245925
all,H3,HA,HA,1467,0.07582458600077215
all,H3,HA,HA,1470,-0.07432690395277633
all,H3,HA,HA,1473,-0.26008387433556385
all,H3,HA,HA,1476,0.2469169170723835
all,H3,HA,HA,1479,0.36941327409128544
all,H3,HA,HA,1482,0.11694856244051433
all,H3,HA,HA,1485,0.40214463611790485
all,H3,HA,HA,1488,-0.030804601745526
all,H3,HA,HA,1491,0.5859368515705933
all,H3,HA,HA,1492,-0.5985310039139897
all,H3,HA,HA,1494,0.05216293459255995
all,H3,HA,HA,1497,0.27733724144117167
all,H3,HA,HA,1500,0.023346588431185
all,H3,HA,HA,1503,-0.23850187778125367
all,H3,HA,HA,1506,0.003232615618991783
all,H3,HA,HA,1509,0.1489794634769487
all,H3,HA,HA,1512,-0.0301198307797413
all,H3,HA,HA,1515,0.09179429247860997
all,H3,HA,HA,1518,0.26908415000363056
all,H3,HA,HA,1521,-0.5923791596839296
all,H3,HA,HA,1522,-0.13220184509013908
all,H3,HA,HA,1524,0.13859347429035948
all,H3,HA,HA,1527,0.14416703791762822
all,H3,HA,HA,1530,0.1016115984811961
all,H3,HA,HA,1533,0.2825891468020944
all,H3,HA,HA,1534,0.04835827994893596
all,H3,HA,HA,1536,0.3760238708533166
all,H3,HA,HA,1539,-0.18795516389910857
all,H3,HA,HA,1542,-0.021958684834291375
all,H3,HA,HA,1543,0.11496868800780692
all,H3,HA,HA,1545,0.30351940733636323
all,H3,HA,HA,1548,0.27761113721039
all,H3,HA,HA,1551,-0.02178658726531195
all,H3,HA,HA,1554,-0.03598239591196829
all,H3,HA,HA,1557,0.9988930382125112
all,H3,HA,HA,1560,0.4082202914983317
all,H3,HA,HA,1563,-0.3469623097566684
all,H3,HA,HA,1566,0.13152275418407589
all,H3,HA,HA,1567,-0.16250694297574395
all,H3,HA,HA,1569,0.1787119277612863
all,H3,HA,HA,1572,0.5014263066113149
all,H3,HA,HA,1575,0.17611390241792216
all,H3,HA,HA,1578,0.24714380332873662
all,H3,HA,HA,1581,-0.30749447627660415
all,H3,HA,HA,1584,-0.2500696619919998
all,H3,HA,HA,1587,0.06948354003264548
all,H3,HA,HA,1593,0.1547719253940647
all,H3,HA,HA,1594,-0.06650523891026842
all,H3,HA,HA,1596,-0.9995391961372148
all,H3,HA,HA,1602,-0.021209417527573986
all,H3,HA,HA,1605,-0.7378204785245748
all,H3,HA,HA,1608,-0.7513005706190385
all,H3,HA,HA,1611,-4.150691970476165
all,H3,HA,HA,1617,-0.9792769245248184
all,H3,HA,HA,1620,0.37629105660415335
all,H3,HA,HA,1623,-0.0676185690076757
all,H3,HA,HA,1624,-0.18139640781801591
all,H3,HA,HA,1626,0.025782530802176865
all,H3,HA,HA,1629,-0.4341722981150247
all,H3,HA,HA,1632,0.16678091301048048
all,H3,HA,HA,1635,-0.39661610204892184
all,H3,HA,HA,1638,-0.05830378032066996
all,H3,HA,HA,1639,0.23442792545723126
all,H3,HA,HA,1641,-0.4902774733293713
all,H3,HA,HA,1642,-0.13589447461023435
all,H3,HA,HA,1644,-1.4851884201897987
all,H3,HA,HA,1647,0.22968091824116024
all,H3,HA,HA,1650,1.1389299553960266
all,H3,HA,HA,1653,-0.0012145472276124392
all,H3,HA,HA,1662,0.014937697748659814
all,H3,HA,HA,1665,-1.7521055760856445
all,H3,HA,HA,1668,-0.05135621820992648
all,H3,HA,HA,1671,0.7588214808073781
all,H3,HA,HA,1674,-1.5890476760235583
all,H3,HA,HA,1677,-0.8247205362699864
all,H3,HA,HA,1680,-0.2064409919069943
all,H3,HA,HA,1681,0.5828394202032817
all,H3,HA,HA,1683,0.42574977189744845
all,H3,HA,HA,1686,-0.530307124001749
all,H3,HA,HA,1689,0.3434399652535276
all,H3,HA,HA,1692,0.8350951847201142
all,H3,HA,HA,1695,-0.4128579596683782
all,H3,HA,HA,1698,0.050094011310136716
all,H3,HA,HA,1700,0.10484321765630401
all,H5,HA,HA,6,0.6056054542785094
all,H5,HA,HA,9,-0.06613007492171023
all,H5,HA,HA,15,0.794552763217867
all,H5,HA,HA,16,-1.1944605170516438
all,H5,HA,HA,18,-0.10833388285348153
all,H5,HA,HA,21,-0.922148001033463
all,H5,HA,HA,24,-0.1411362271849489
all,H5,HA,HA,27,0.47635368127635475
all,H5,HA,HA,33,0.9297060637300653
all,H5,HA,HA,36,0.1365366650866153
all,H5,HA,HA,39,0.16642420363018107
all,H5,HA,HA,42,0.6191934637831386
all,H5,HA,HA,45,0.09540818504308989
all,H5,HA,HA,48,0.13352749081894422
all,H5,HA,HA,51,0.013644203859787875
all,H5,HA,HA,54,-0.7853183589074015
all,H5,HA,HA,57,0.11491782123385616
all,H5,HA,HA,60,-0.7220453303143849
all,H5,HA,HA,63,0.34469143152339193
all,H5,HA,HA,66,0.08268711451731339
all,H5,HA,HA,69,-0.4950977071990913
all,H5,HA,HA,72,0.13539516756182357
all,H5,HA,HA,75,-0.010231060258597584
all,H5,HA,HA,78,0.3074438224378778
all,H5,HA,HA,81,0.1271416924450709
all,H5,HA,HA,84,-0.01713060187039675
all,H5,HA,HA,87,0.4462364481460992
all,H5,HA,HA,90,0.08940193444182308
all,H5,HA,HA,93,0.04192669467529668
all,H5,HA,HA,96,-0.0015646735291669582
all,H5,HA,HA,99,-0.22587098313573215
all,H5,HA,HA,102,-0.14675407438816646
all,H5,HA,HA,111,0.3893495546791537
all,H5,HA,HA,114,-0.21181171289153092
all,H5,HA,HA,117,-0.5990305295579107
all,H5,HA,HA,120,0.12491190904537634
all,H5,HA,HA,123,0.08369018826824418
all,H5,HA,HA,126,0.33415051747265306
all,H5,HA,HA,129,0.2638849860921479
all,H5,HA,HA,132,0.2628614694087473
all,H5,HA,HA,135,-0.11197560934074417
all,H5,HA,HA,138,-0.46175781249890085
all,H5,HA,HA,141,-0.21113447564870125
all,H5,HA,HA,145,-0.3966695494414125
all,H5,HA,HA,147,0.2482658046362314
all,H5,HA,HA,150,1.0560665653679686
all,H5,HA,HA,153,0.16408722600463013
all,H5,HA,HA,156,-0.24271646601623964
all,H5,HA,HA,159,0.0016759380422306366
all,H5,HA,HA,162,-0.19400009954025282
all,H5,HA,HA,165,-0.22068948022264145
all,H5,HA,HA,168,0.15368304385932893
all,H5,HA,HA,171,-0.4145111486151868
all,H5,HA,HA,174,-0.16442559700822051
all,H5,HA,HA,177,-0.3589519528063187
all,H5,HA,HA,178,0.13523717085582607
all,H5,HA,HA,180,0.3834933019901252
all,H5,HA,HA,183,0.21297042870177255
all,H5,HA,HA,186,0.2523041339716915
all,H5,HA,HA,189,-0.7158046567830482
all,H5,HA,HA,192,0.3498372401181919
all,H5,HA,HA,195,-0.42241910637887264
all,H5,HA,HA,196,0.0855046370333941
all,H5,HA,HA,198,0.44905787893166066
all,H5,HA,HA,201,0.13695850482466954
all,H5,HA,HA,202,-0.002089978039504295
all,H5,HA,HA,204,0.4445431582966309
all,H5,HA,HA,207,0.17607373684951344
all,H5,HA,HA,210,0.19049552105671416
all,H5,HA,HA,213,0.010249996727244423
all,H5,HA,HA,216,0.2610250772173308
all,H5,HA,HA,219,0.15803537333114812
all,H5,HA,HA,222,0.42831622971705335
all,H5,HA,HA,225,0.11163132030512843
all,H5,HA,HA,231,-0.1823168841261918
all,H5,HA,HA,234,-0.2993141556021024
all,H5,HA,HA,237,0.5109266981273458
all,H5,HA,HA,240,0.4970955698841647
all,H5,HA,HA,243,-0.7825189279751789
all,H5,HA,HA,249,0.2565651877922562
all,H5,HA,HA,252,-0.1529989755564516
all,H5,HA,HA,255,0.06112652330815522
all,H5,HA,HA,258,-0.3227549069062073
all,H5,HA,HA,261,-0.27103996960099186
all,H5,HA,HA,264,0.056235243474080404
all,H5,HA,HA,267,0.5925811778792026
all,H5,HA,HA,270,-0.018734240682783135
all,H5,HA,HA,273,0.3373533148392067
all,H5,HA,HA,279,0.10569154142087224
all,H5,HA,HA,282,-0.026755053075996262
all,H5,HA,HA,288,0.1968525317331701
all,H5,HA,HA,291,-0.4166226601594009
all,H5,HA,HA,292,-0.028877829337020655
all,H5,HA,HA,294,-0.6895663296327417
all,H5,HA,HA,297,0.4012627083263806
all,H5,HA,HA,300,0.3824215042125585
all,H5,HA,HA,303,0.2640837614008086
all,H5,HA,HA,306,0.45404053868074856
all,H5,HA,HA,309,0.7508133239649571
all,H5,HA,HA,312,-0.37305076787742913
all,H5,HA,HA,315,-0.6322768453593138
all,H5,HA,HA,318,0.37658152076447665
all,H5,HA,HA,321,0.05750728269182812
all,H5,HA,HA,324,-0.039749024247656015
all,H5,HA,HA,327,-0.37276637949067665
all,H5,HA,HA,330,0.33263008999249205
all,H5,HA,HA,333,-0.3806218471284373
all,H5,HA,HA,336,0.24505555279720076
all,H5,HA,HA,339,-0.12061352003195705
all,H5,HA,HA,342,0.28794359595798596
all,H5,HA,HA,345,0.16004267126870175
all,H5,HA,HA,348,0.16472928320241514
all,H5,HA,HA,349,-0.07646268246642701
all,H5,HA,HA,351,0.034545925770550406
all,H5,HA,HA,354,0.19616720602770693
all,H5,HA,HA,357,0.03211513998923675
all,H5,HA,HA,358,0.10451350400787719
all,H5,HA,HA,360,-0.011798779411069577
all,H5,HA,HA,361,0.060523918070620276
all,H5,HA,HA,363,-0.07395688650887222
all,H5,HA,HA,366,-0.13001223086501348
all,H5,HA,HA,369,-0.1303238555563315
all,H5,HA,HA,375,-0.0743836521104538
all,H5,HA,HA,378,-0.3488604258511938
all,H5,HA,HA,381,-0.2884305290639614
all,H5,HA,HA,384,-0.13712173179044876
all,H5,HA,HA,387,-0.0283508813223827
all,H5,HA,HA,390,-0.24623928698951866
all,H5,HA,HA,391,-0.6423820132935164
all,H5,HA,HA,393,0.17173750321181686
all,H5,HA,HA,396,0.5610441056787938
all,H5,HA,HA,399,0.3350142728217863
all,H5,HA,HA,402,0.05288784588138232
all,H5,HA,HA,405,0.3336935679105788
all,H5,HA,HA,408,0.30198075223458537
all,H5,HA,HA,411,0.4102227504235005
all,H5,HA,HA,417,0.3637766570421384
all,H5,HA,HA,420,0.1374413622806882
all,H5,HA,HA,423,-0.1502465004477299
all,H5,HA,HA,426,0.26087394550006604
all,H5,HA,HA,429,0.4074659037167659
all,H5,HA,HA,432,0.19352825360180692
all,H5,HA,HA,433,-0.0005542464095317042
all,H5,HA,HA,435,0.5974223143388288
all,H5,HA,HA,438,0.4743681566888778
all,H5,HA,HA,441,-0.4255335192395028
all,H5,HA,HA,444,0.15640777229415412
all,H5,HA,HA,447,0.14611216634456306
all,H5,HA,HA,450,0.3396355286758557
all,H5,HA,HA,453,0.27026392616781236
all,H5,HA,HA,456,0.5788595779953596
all,H5,HA,HA,459,0.4016608229981274
all,H5,HA,HA,462,-0.7453792932982186
all,H5,HA,HA,465,-0.035529831441873855
all,H5,HA,HA,468,-0.22298698444166434
all,H5,HA,HA,471,-0.2657096902335461
all,H5,HA,HA,474,0.6896140447819323
all,H5,HA,HA,477,0.5715658980564017
all,H5,HA,HA,480,0.22032980001647207
all,H5,HA,HA,483,-0.2789951721984567
all,H5,HA,HA,486,0.07342496014082532
all,H5,HA,HA,489,-0.11139748671055709
all,H5,HA,HA,492,0.22809659288862338
all,H5,HA,HA,498,0.10403216106331697
all,H5,HA,HA,501,-0.25076479586488537
all,H5,HA,HA,504,-0.13025286872754907
all,H5,HA,HA,507,-1.7489921882274202
all,H5,HA,HA,510,0.13386568581432373
all,H5,HA,HA,513,-0.09285572109558339
all,H5,HA,HA,516,0.31647241957823835
all,H5,HA,HA,519,-0.023214341672363456
all,H5,HA,HA,522,0.03397433892663842
all,H5,HA,HA,525,-0.43150714770968984
all,H5,HA,HA,531,0.029135388148359437
all,H5,HA,HA,537,-0.3090101047775375
all,H5,HA,HA,540,-0.3373315585277022
all,H5,HA,HA,543,0.12343992870588474
all,H5,HA,HA,546,0.27749245525782223
all,H5,HA,HA,549,0.2546796323153318
all,H5,HA,HA,552,-0.19041725941093196
all,H5,HA,HA,553,0.25765603122725583
all,H5,HA,HA,555,-0.04174496018008719
all,H5,HA,HA,558,0.37619839843431363
all,H5,HA,HA,561,-0.0847320815108807
all,H5,HA,HA,564,-0.04117964260400402
all,H5,HA,HA,565,-0.2263454167178645
all,H5,HA,HA,567,0.19019512261011706
all,H5,HA,HA,571,0.48163699535269894
all,H5,HA,HA,573,0.13114928077859986
all,H5,HA,HA,579,0.14630286363338146
all,H5,HA,HA,582,0.5824378784225357
all,H5,HA,HA,585,0.20435759379878088
all,H5,HA,HA,588,0.18781737156601885
all,H5,HA,HA,591,-0.0434595622489173
all,H5,HA,HA,594,0.4211107417474136
all,H5,HA,HA,597,-0.2019937583681372
all,H5,HA,HA,600,0.5554142692367815
all,H5,HA,HA,603,0.115993609233811
all,H5,HA,HA,606,-0.12929390601491442
all,H5,HA,HA,609,0.04966610841612007
all,H5,HA,HA,612,0.048377138110153345
all,H5,HA,HA,615,-0.16937974389241103
all,H5,HA,HA,618,-0.0761222953811086
all,H5,HA,HA,621,-0.09310524122524011
all,H5,HA,HA,624,-0.04543059683944048
all,H5,HA,HA,627,0.4850775121469178
all,H5,HA,HA,630,0.15938741807484136
all,H5,HA,HA,633,0.12215275461512634
all,H5,HA,HA,636,0.37139191712732633
all,H5,HA,HA,639,0.5099865844258515
all,H5,HA,HA,642,0.09256820066380325
all,H5,HA,HA,645,0.1392160835495863
all,H5,HA,HA,648,-0.0896111512948795
all,H5,HA,HA,651,-0.03728265229566512
all,H5,HA,HA,654,0.5383869076186957
all,H5,HA,HA,657,-0.15636084507554437
all,H5,HA,HA,660,0.0916592574325402
all,H5,HA,HA,661,0.005340935181533196
all,H5,HA,HA,663,0.38139224212637807
all,H5,HA,HA,666,0.07313398086595996
all,H5,HA,HA,669,-0.31455576761295573
all,H5,HA,HA,672,-0.1315387542840528
all,H5,HA,HA,673,-0.09948956469544339
all,H5,HA,HA,675,-0.18129636371270264
all,H5,HA,HA,678,0.353581933392833
all,H5,HA,HA,681,1.488124207524326
all,H5,HA,HA,684,0.12328436195375415
all,H5,HA,HA,690,0.08459430802306318
all,H5,HA,HA,693,-0.609890171364531
all,H5,HA,HA,696,-0.36770102163240026
all,H5,HA,HA,699,-0.6696170585634846
all,H5,HA,HA,702,0.46632000264725554
all,H5,HA,HA,705,0.3939840654647644
all,H5,HA,HA,708,0.2668755664772887
all,H5,HA,HA,711,-0.0672626020750062
all,H5,HA,HA,714,0.15606131984994856
all,H5,HA,HA,717,-0.11047040233456629
all,H5,HA,HA,720,0.1092770278171484
all,H5,HA,HA,723,0.09723565044880106
all,H5,HA,HA,729,0.2055893407866049
all,H5,HA,HA,732,0.0742690699766079
all,H5,HA,HA,735,0.418553392483259
all,H5,HA,HA,741,0.34198566873566427
all,H5,HA,HA,744,0.32289312786316626
all,H5,HA,HA,745,-0.13117236953882722
all,H5,HA,HA,747,0.09150106452918044
all,H5,HA,HA,750,0.2348835754435164
all,H5,HA,HA,753,0.07242828307366292
all,H5,HA,HA,756,-0.16796358173695342
all,H5,HA,HA,759,-0.39958503998340195
all,H5,HA,HA,762,0.09759437894102635
all,H5,HA,HA,765,-0.09251016834691554
all,H5,HA,HA,768,0.5282571633258709
all,H5,HA,HA,771,0.12521263962864188
all,H5,HA,HA,774,-0.3154928027562086
all,H5,HA,HA,777,0.15949385158175922
all,H5,HA,HA,780,0.18788803471738952
all,H5,HA,HA,783,0.4554545621578065
all,H5,HA,HA,786,1.0006406375990147
all,H5,HA,HA,789,0.05726988067606198
all,H5,HA,HA,792,0.16214299062671805
all,H5,HA,HA,795,-0.18174113108122036
all,H5,HA,HA,798,0.5560578607597197
all,H5,HA,HA,801,0.30526442361723927
all,H5,HA,HA,804,0.2060867916815009
all,H5,HA,HA,807,0.32957380146265225
all,H5,HA,HA,810,0.24376549082137056
all,H5,HA,HA,813,-0.3679017516970896
all,H5,HA,HA,816,0.4628363836485154
all,H5,HA,HA,819,0.03312539159032324
all,H5,HA,HA,822,-0.5862645236801882
all,H5,HA,HA,825,0.9135013150446294
all,H5,HA,HA,828,0.4695310657984203
all,H5,HA,HA,831,-0.022833277549069633
all,H5,HA,HA,834,0.07052986260956029
all,H5,HA,HA,837,-0.08029153050604217
all,H5,HA,HA,840,0.6415006424354747
all,H5,HA,HA,846,0.028418673509195556
all,H5,HA,HA,849,-0.08668838242622016
all,H5,HA,HA,852,0.1877024991222246
all,H5,HA,HA,855,-0.23599631173365396
all,H5,HA,HA,858,0.4202801661288718
all,H5,HA,HA,861,0.2091078515097854
all,H5,HA,HA,864,0.4290329084606086
all,H5,HA,HA,867,0.3739191741011408
all,H5,HA,HA,870,0.4146220725026521
all,H5,HA,HA,873,0.1894253011666568
all,H5,HA,HA,876,0.07677243919967011
all,H5,HA,HA,879,-0.038471875647374906
all,H5,HA,HA,882,0.34386985094512335
all,H5,HA,HA,885,0.5010302506932706
all,H5,HA,HA,888,0.07358558417242574
all,H5,HA,HA,891,0.9485013182772323
all,H5,HA,HA,894,-0.08459184057833731
all,H5,HA,HA,897,-0.332180636828721
all,H5,HA,HA,900,0.181331438599851
all,H5,HA,HA,906,0.2600344246985412
all,H5,HA,HA,909,-0.04537093221029533
all,H5,HA,HA,912,0.24255762276459036
all,H5,HA,HA,918,0.7247670985469178
all,H5,HA,HA,921,0.0009855908962709957
all,H5,HA,HA,924,-0.3742717261753013
all,H5,HA,HA,927,0.38313103747035115
all,H5,HA,HA,933,0.47689314283613315
all,H5,HA,HA,936,-0.3052624840978027
all,H5,HA,HA,939,-0.03294446723039378
all,H5,HA,HA,942,0.3163364718891598
all,H5,HA,HA,945,0.18908448063649094
all,H5,HA,HA,948,-0.6187287465935233
all,H5,HA,HA,951,0.6662149712292045
all,H5,HA,HA,954,0.15775111200511524
all,H5,HA,HA,957,-0.09930391251275208
all,H5,HA,HA,960,-0.21992841483870737
all,H5,HA,HA,963,-0.10704250827451536
all,H5,HA,HA,966,-0.21048398459308057
all,H5,HA,HA,969,-0.0035322872672067795
all,H5,HA,HA,972,0.21814644205882056
all,H5,HA,HA,975,0.024192586472187586
all,H5,HA,HA,978,0.2917890730694622
all,H5,HA,HA,979,-0.25826100581731287
all,H5,HA,HA,981,0.2426807827653339
all,H5,HA,HA,984,0.3048768230174209
all,H5,HA,HA,987,-0.46217199554803934
all,H5,HA,HA,990,0.47143246908840314
all,H5,HA,HA,993,0.7194441758589883
all,H5,HA,HA,996,-0.002042871315449991
all,H5,HA,HA,999,-0.23813432698819642
all,H5,HA,HA,1002,-0.460166557155951
all,H5,HA,HA,1005,-0.22280877821466377
all,H5,HA,HA,1008,0.48282637762746583
all,H5,HA,HA,1011,-0.47180737443715937
all,H5,HA,HA,1012,0.11193917896485236
all,H5,HA,HA,1014,-0.3499739849367335
all,H5,HA,HA,1015,1.1603625835293538
all,H5,HA,HA,1017,1.027660501584651
all,H5,HA,HA,1020,0.5224048348582493
all,H5,HA,HA,1023,-0.008293066560185525
all,H5,HA,HA,1026,-0.4675724422391837
all,H5,HA,HA,1029,1.0609491425293864
all,H5,HA,HA,1032,-2.005375419191947
all,H5,HA,HA,1035,-0.6563367951293048
all,H5,HA,HA,1036,1.6140690117786558
all,H5,HA,HA,1038,-2.0317564143103417
all,H5,HA,HA,1041,0.40798236362019197
all,H5,HA,HA,1042,-0.05081385098048053
all,H5,HA,HA,1044,-0.23717609663213496
all,H5,HA,HA,1047,0.21226750927468782
all,H5,HA,HA,1050,0.08834756413110052
all,H5,HA,HA,1053,0.928058719093525
all,H5,HA,HA,1059,0.020181345191225886
all,H5,HA,HA,1062,1.7643785534893033
all,H5,HA,HA,1065,-0.21826465254193012
all,H5,HA,HA,1071,0.25971813753205175
all,H5,HA,HA,1074,-0.5656344495058856
all,H5,HA,HA,1077,-1.5191405911179088
all,H5,HA,HA,1083,0.031086195568493107
all,H5,HA,HA,1086,0.31031570580898643
all,H5,HA,HA,1092,-0.17943659578291427
all,H5,HA,HA,1095,0.5250676654816896
all,H5,HA,HA,1098,-0.48581676475350893
all,H5,HA,HA,1104,0.4244869923343332
all,H5,HA,HA,1107,0.3956999382481841
all,H5,HA,HA,1110,0.20556962301812992
all,H5,HA,HA,1113,0.23815944459081187
all,H5,HA,HA,1116,-0.32749258677236126
all,H5,HA,HA,1119,0.7606616687281126
all,H5,HA,HA,1122,0.08964369288235233
all,H5,HA,HA,1125,0.08941936063512189
all,H5,HA,HA,1128,0.09159904174777275
all,H5,HA,HA,1131,0.13416052129718747
all,H5,HA,HA,1134,-0.016444720546538352
all,H5,HA,HA,1137,0.5180388026464238
all,H5,HA,HA,1140,-0.11612093073382156
all,H5,HA,HA,1143,0.012168840829140042
all,H5,HA,HA,1146,0.6121186251321449
all,H5,HA,HA,1149,0.24296718975221546
all,H5,HA,HA,1152,0.008628691457238631
all,H5,HA,HA,1155,0.5367699438997044
all,H5,HA,HA,1158,-0.17210167959786266
all,H5,HA,HA,1161,0.6706722484587143
all,H5,HA,HA,1164,-0.23942759953412743
all,H5,HA,HA,1167,-0.8390180016224017
all,H5,HA,HA,1170,-0.004594347329257504
all,H5,HA,HA,1176,0.26235167342637694
all,H5,HA,HA,1179,0.19506647890797324
all,H5,HA,HA,1182,0.2194261071621606
all,H5,HA,HA,1185,0.13881446726052007
all,H5,HA,HA,1188,-0.4745072033079181
all,H5,HA,HA,1191,-0.26046725073561483
all,H5,HA,HA,1194,-0.1899047348667604
all,H5,HA,HA,1197,0.4973197814575735
all,H5,HA,HA,1200,-0.04990861001433452
all,H5,HA,HA,1203,-0.05228277265937664
all,H5,HA,HA,1206,-0.09605995498966124
all,H5,HA,HA,1209,-0.383838990606457
all,H5,HA,HA,1212,-0.08910140319823208
all,H5,HA,HA,1218,-0.12232568813381774
all,H5,HA,HA,1221,0.9411015605556338
all,H5,HA,HA,1224,0.08961924699634827
all,H5,HA,HA,1227,0.37034024467128707
all,H5,HA,HA,1230,0.1619854995417295
all,H5,HA,HA,1233,0.23358480439810123
all,H5,HA,HA,1236,0.027287412036582876
all,H5,HA,HA,1239,0.061628591022937634
all,H5,HA,HA,1242,-0.3097047913669432
all,H5,HA,HA,1245,0.031673497388171434
all,H5,HA,HA,1248,0.28935561228261913
all,H5,HA,HA,1251,0.1343975514179955
all,H5,HA,HA,1254,0.47260008521780617
all,H5,HA,HA,1255,-0.19412361398837885
all,H5,HA,HA,1257,0.1715643543031316
all,H5,HA,HA,1260,0.1546374383463178
all,H5,HA,HA,1263,-0.3646385751699154
all,H5,HA,HA,1266,-0.04767195306386671
all,H5,HA,HA,1272,0.49920948971218754
all,H5,HA,HA,1275,-0.35550697086091
all,H5,HA,HA,1276,-0.10095071605725038
all,H5,HA,HA,1278,0.2939460774038485
all,H5,HA,HA,1281,0.1197116709350922
all,H5,HA,HA,1284,-0.3195046477016216
all,H5,HA,HA,1287,0.10721473885741524
all,H5,HA,HA,1293,0.18939007860100984
all,H5,HA,HA,1296,-0.6410443257958583
all,H5,HA,HA,1299,0.37534381531342725
all,H5,HA,HA,1302,-0.24217926866815667
all,H5,HA,HA,1303,-0.11644734476198795
all,H5,HA,HA,1305,-0.21227869323533763
all,H5,HA,HA,1308,-0.08365894390377034
all,H5,HA,HA,1311,0.2371192025433438
all,H5,HA,HA,1317,-0.3984031656937517
all,H5,HA,HA,1320,-0.005667337691730053
all,H5,HA,HA,1323,-0.0295248063058273
all,H5,HA,HA,1326,0.1586710559852698
all,H5,HA,HA,1329,-0.0790435902023689
all,H5,HA,HA,1332,-0.3855418166348218
all,H5,HA,HA,1333,0.14424947131081825
all,H5,HA,HA,1335,-0.15503376593844923
all,H5,HA,HA,1338,-0.08412142306691194
all,H5,HA,HA,1341,0.248806844788804
all,H5,HA,HA,1347,0.022651329366310122
all,H5,HA,HA,1350,0.23185256594193307
all,H5,HA,HA,1353,0.08465453455446312
all,H5,HA,HA,1356,-0.24421565785393845
all,H5,HA,HA,1359,-0.256229490169745
all,H5,HA,HA,1360,-0.2904171274715878
all,H5,HA,HA,1362,-0.6189984458505713
all,H5,HA,HA,1365,0.21970064079796178
all,H5,HA,HA,1368,0.12801157856773823
all,H5,HA,HA,1371,0.07669320328824632
all,H5,HA,HA,1374,0.026001146099606187
all,H5,HA,HA,1377,0.5171256139548565
all,H5,HA,HA,1380,-0.14439370941094065
all,H5,HA,HA,1383,0.07280696216813198
all,H5,HA,HA,1386,-0.27568540961687105
all,H5,HA,HA,1389,-0.030405365118810392
all,H5,HA,HA,1392,0.1995861833453035
all,H5,HA,HA,1395,0.16931523329198978
all,H5,HA,HA,1398,0.22541773175227917
all,H5,HA,HA,1401,0.21145983794176015
all,H5,HA,HA,1404,-0.2586876422145206
all,H5,HA,HA,1407,0.16698587542495516
all,H5,HA,HA,1408,0.0947993276938384
all,H5,HA,HA,1410,0.3905513969305807
all,H5,HA,HA,1413,-0.23395163795167892
all,H5,HA,HA,1416,-0.3468540672302663
all,H5,HA,HA,1419,-0.26230472242796676
all,H5,HA,HA,1422,0.09753803817006189
all,H5,HA,HA,1425,-0.20830583329214025
all,H5,HA,HA,1428,0.06580525345046025
all,H5,HA,HA,1431,0.4651527038222625
all,H5,HA,HA,1434,0.26480257388202233
all,H5,HA,HA,1435,-0.12004278699942063
all,H5,HA,HA,1437,-0.08191945371508713
all,H5,HA,HA,1440,0.2561117085519758
all,H5,HA,HA,1443,0.48316376483261175
all,H5,HA,HA,1446,0.1848886210821432
all,H5,HA,HA,1449,0.10879098330305592
all,H5,HA,HA,1452,0.01930830430847272
all,H5,HA,HA,1455,-0.36496673425988574
all,H5,HA,HA,1458,0.2798370557421464
all,H5,HA,HA,1461,0.3236569602776577
all,H5,HA,HA,1464,0.16442258432468168
all,H5,HA,HA,1467,0.09687811599462735
all,H5,HA,HA,1470,-0.08525401610182827
all,H5,HA,HA,1473,-0.09711794161507568
all,H5,HA,HA,1476,0.05793808268904163
all,H5,HA,HA,1479,0.2007085207115595
all,H5,HA,HA,1482,-0.038893525516713594
all,H5,HA,HA,1488,-0.07990199585186071
all,H5,HA,HA,1491,0.21112616499721376
all,H5,HA,HA,1494,0.11467740571472557
all,H5,HA,HA,1497,-0.0095012503645428
all,H5,HA,HA,1500,-0.16158618286670065
all,H5,HA,HA,1503,-0.02436536559494514
all,H5,HA,HA,1506,-0.09403303950986702
all,H5,HA,HA,1509,0.21907715373827827
all,H5,HA,HA,1512,0.06798892361891486
all,H5,HA,HA,1515,0.23937081091710796
all,H5,HA,HA,1518,-0.3964822575897269
all,H5,HA,HA,1521,-0.6812508564863028
all,H5,HA,HA,1524,-0.09832755910708613
all,H5,HA,HA,1527,0.055020132810244524
all,H5,HA,HA,1530,-0.18462394433393348
all,H5,HA,HA,1533,0.06808220077948665
all,H5,HA,HA,1536,-0.43289708256370024
all,H5,HA,HA,1539,0.012945141113091885
all,H5,HA,HA,1540,0.09696792717622511
all,H5,HA,HA,1542,0.4638542873560757
all,H5,HA,HA,1545,-0.03198866177158889
all,H5,HA,HA,1548,-0.6885813503417568
all,H5,HA,HA,1551,-0.23772449363707748
all,H5,HA,HA,1554,-0.0012369904898067714
all,H5,HA,HA,1560,-0.189177880415256
all,H5,HA,HA,1563,0.44874950623603166
all,H5,HA,HA,1566,0.020611918069769784
all,H5,HA,HA,1569,0.01771368325055512
all,H5,HA,HA,1570,-0.2566188153817538
all,H5,HA,HA,1572,-0.12555999201337206
all,H5,HA,HA,1575,0.08190153632625237
all,H5,HA,HA,1578,0.18083340416889748
all,H5,HA,HA,1584,0.3208288896784771
all,H5,HA,HA,1587,-0.39703084266637956
all,H5,HA,HA,1590,-0.0754952074437785
all,H5,HA,HA,1593,-0.16410260786446426
all,H5,HA,HA,1597,-0.06484278366928511
all,H5,HA,HA,1599,-0.5865903322791619
all,H5,HA,HA,1602,-0.0800566580395729
all,H5,HA,HA,1605,-0.5060132765614481
all,H5,HA,HA,1608,-0.04157809690901415
all,H5,HA,HA,1611,-0.9458205735914789
all,H5,HA,HA,1614,0.34684634228374933
all,H5,HA,HA,1617,0.35517326543286853
all,H5,HA,HA,1620,-0.505731721108166
all,H5,HA,HA,1623,-0.23730440415241635
all,H5,HA,HA,1626,-0.23030442725296377
all,H5,HA,HA,1627,-0.15707059713285715
all,H5,HA,HA,1629,-0.5109532996687642
all,H5,HA,HA,1632,0.200223044630332
all,H5,HA,HA,1633,-0.5780582964817929
all,H5,HA,HA,1635,-3.319192867215673
all,H5,HA,HA,1638,-1.4323808273575935
all,H5,HA,HA,1641,-3.0533151730543695
all,H5,HA,HA,1650,-3.596920944204223
all,H5,HA,HA,1653,-1.5439550479973208
all,H5,HA,HA,1654,-0.9752920724387524
all,H5,HA,HA,1656,-0.24222064979059624
all,H5,HA,HA,1659,-0.057983230435807734
all,H5,HA,HA,1660,-1.3458316845213845
all,H5,HA,HA,1662,0.033839118298035396
all,H5,HA,HA,1671,0.36379564307343243
all,H5,HA,HA,1674,-0.9468145592042465
all,H5,HA,HA,1677,-0.14423399990691999
all,H5,HA,HA,1680,0.057273371389732396
all,H5,HA,HA,1683,-0.4644297500287392
all,H5,HA,HA,1684,0.2613854292801477
all,H5,HA,HA,1686,0.29393031241599105
all,H5,HA,HA,1689,0.30251463685338703
all,H5,HA,HA,1692,-0.8105131000628863
all,H5,HA,HA,1695,-0.2664363838567707
all,H5,HA,HA,1698,-0.3632390351135475
all,H5,HA,HA,1701,-0.2986348620639687
all,H5,HA,HA,1704,-0.396506969895149
all,H5,HA,HA,1706,0.48515438282504625
all,H7,HA,HA,36,-1.9724691706182276
all,H7,HA,HA,57,1.6776850074322087
all,H7,HA,HA,186,1.1492162854628787
all,H7,HA,HA,189,0.44961497568318476
all,H7,HA,HA,294,0.2976653267786107
all,H7,HA,HA,324,0.477046779370713
all,H7,HA,HA,351,0.3808288193278818
all,H7,HA,HA,375,0.6236210708663535
all,H7,HA,HA,510,0.7108469703534821
all,H7,HA,HA,513,0.13758703116467114
all,H7,HA,HA,525,0.49968208903946004
all,H7,HA,HA,672,0.12313755971654478
all,H7,HA,HA,741,0.8793454837314356
all,H7,HA,HA,813,1.2250635058822401
all,H7,HA,HA,852,1.7592957905964535
all,H7,HA,HA,927,0.8301385784933016
all,H7,HA,HA,948,0.679869394706365
all,H7,HA,HA,957,0.7753589011620433
all,H7,HA,HA,1011,0.45362197050158576
all,H7,HA,HA,1056,0.6044736204457244
all,H7,HA,HA,1092,0.8476986509108173
all,H7,HA,HA,1116,0.7707582538488706
all,H7,HA,HA,1167,2.0353655455628514
all,H7,HA,HA,1242,0.8016010627169478
all,H7,HA,HA,1374,0.37651437158188383
all,H7,HA,HA,1392,0.8708797678880131
all,H7,HA,HA,1647,1.3971254604877912
all,H7,HA,HA,1650,0.305272724273665
all,H7,HA,HA,1665,-1.5733053996264807
all,H9,HA,HA,6,0.645862476883397
all,H9,HA,HA,12,-0.8651785927276542
all,H9,HA,HA,15,0.5260740694567468
all,H9,HA,HA,16,-0.32391586461287547
all,H9,HA,HA,18,-0.3710124032095579
all,H9,HA,HA,24,-0.8368133412799356
all,H9,HA,HA,28,-1.1531758655769428
all,H9,HA,HA,30,-0.6650579612613946
all,H9,HA,HA,31,-1.0580706220718203
all,H9,HA,HA,33,-0.4085514602829149
all,H9,HA,HA,36,0.13010756883027944
all,H9,HA,HA,45,0.5107511328899276
all,H9,HA,HA,54,0.5906548415923637
all,H9,HA,HA,57,0.5287270996825264
all,H9,HA,HA,60,0.46068967266059474
all,H9,HA,HA,63,0.22145706614231944
all,H9,HA,HA,69,-1.1742930969443155
all,H9,HA,HA,72,-0.20557075825746013
all,H9,HA,HA,75,0.42546213773549163
all,H9,HA,HA,78,-0.16890996915950887
all,H9,HA,HA,87,-0.5706840781204935
all,H9,HA,HA,96,0.0768235691189633
all,H9,HA,HA,102,0.19043848372897035
all,H9,HA,HA,105,-0.32442680435016125
all,H9,HA,HA,108,0.3318955072071088
all,H9,HA,HA,109,-0.929538776089823
all,H9,HA,HA,111,-0.209142641035769
all,H9,HA,HA,117,-0.11604856612984042
all,H9,HA,HA,123,0.27330322973902554
all,H9,HA,HA,126,-0.7259693685807735
all,H9,HA,HA,129,0.49360335343586226
all,H9,HA,HA,132,0.21185712078292415
all,H9,HA,HA,138,0.3862845295750773
all,H9,HA,HA,141,0.6857961907993577
all,H9,HA,HA,144,0.05178555499785787
all,H9,HA,HA,147,-0.028667436658968763
all,H9,HA,HA,148,-0.9620150870390998
all,H9,HA,HA,150,-0.7688444091620729
all,H9,HA,HA,153,-0.919877200681042
all,H9,HA,HA,156,-0.2241982704161262
all,H9,HA,HA,162,-0.9192279487721693
all,H9,HA,HA,165,0.5252212742106478
all,H9,HA,HA,171,0.04485928165316749
all,H9,HA,HA,175,-1.3264577656093968
all,H9,HA,HA,177,-0.32279950087787895
all,H9,HA,HA,186,0.6313652744446385
all,H9,HA,HA,189,-0.045055137083640055
all,H9,HA,HA,192,0.0138594618419418
all,H9,HA,HA,195,0.03289147632796425
all,H9,HA,HA,201,-0.5085690392179535
all,H9,HA,HA,204,0.23212566132750564
all,H9,HA,HA,207,-0.18182725000549158
all,H9,HA,HA,210,1.2052979657743403
all,H9,HA,HA,213,0.2678161237460337
all,H9,HA,HA,216,0.6794144850000025
all,H9,HA,HA,222,0.10149566214097387
all,H9,HA,HA,228,-0.4029762525642451
all,H9,HA,HA,231,-0.0789383190670845
all,H9,HA,HA,232,0.2733670020944705
all,H9,HA,HA,234,-1.1684053828761618
all,H9,HA,HA,237,-0.2526595625353628
all,H9,HA,HA,240,0.5026641346242684
all,H9,HA,HA,246,0.4599821491960867
all,H9,HA,HA,249,-0.06476355881686807
all,H9,HA,HA,252,0.15646417008749333
all,H9,HA,HA,258,-0.49914663111589835
all,H9,HA,HA,261,0.34393213705062964
all,H9,HA,HA,264,0.25693855593779913
all,H9,HA,HA,267,-0.1732266182055891
all,H9,HA,HA,270,-0.41342066889372514
all,H9,HA,HA,273,-0.21614956632053137
all,H9,HA,HA,276,-0.29637004150296403
all,H9,HA,HA,279,0.05943867819189956
all,H9,HA,HA,285,-0.34142730366425184
all,H9,HA,HA,288,0.1572312152961481
all,H9,HA,HA,291,-0.31301312615094246
all,H9,HA,HA,294,0.16274453739387576
all,H9,HA,HA,297,-0.4682246759268296
all,H9,HA,HA,300,0.03194334245282777
all,H9,HA,HA,312,0.18487230967186039
all,H9,HA,HA,315,-1.1320918958881292
all,H9,HA,HA,318,-0.052130349153952385
all,H9,HA,HA,321,-0.1255263824099076
all,H9,HA,HA,324,0.11865226134228392
all,H9,HA,HA,327,-0.25810254474190913
all,H9,HA,HA,330,0.03127948464016578
all,H9,HA,HA,333,-0.2978323016223672
all,H9,HA,HA,339,-0.16183160741352093
all,H9,HA,HA,342,0.18010305594200404
all,H9,HA,HA,345,-0.4722048192210025
all,H9,HA,HA,346,-0.1264870145470424
all,H9,HA,HA,348,-0.002374689466759841
all,H9,HA,HA,351,0.2817553005595653
all,H9,HA,HA,354,0.5944664939440886
all,H9,HA,HA,355,-0.5039824343053322
all,H9,HA,HA,357,-0.2580074083995765
all,H9,HA,HA,360,-0.20340440849010796
all,H9,HA,HA,363,1.6381962406707518
all,H9,HA,HA,366,-0.12256200395626067
all,H9,HA,HA,369,-0.15033497527996356
all,H9,HA,HA,372,0.1540699147378497
all,H9,HA,HA,378,-0.12207490379679035
all,H9,HA,HA,381,0.29660098921743044
all,H9,HA,HA,384,0.17918720863434384
all,H9,HA,HA,387,0.10030117230788788
all,H9,HA,HA,390,-0.2618236365854506
all,H9,HA,HA,393,0.22736423353877216
all,H9,HA,HA,396,0.07100026357205637
all,H9,HA,HA,399,-0.4476886936007934
all,H9,HA,HA,402,0.7948311771949085
all,H9,HA,HA,405,0.5371100830228532
all,H9,HA,HA,411,0.6309646971658746
all,H9,HA,HA,417,-0.3594326130391649
all,H9,HA,HA,426,-0.05888666033681225
all,H9,HA,HA,429,0.06068608443500721
all,H9,HA,HA,432,0.020390847891480532
all,H9,HA,HA,438,0.5337054719767814
all,H9,HA,HA,456,0.5814549416066347
all,H9,HA,HA,459,-0.42908895568418265
all,H9,HA,HA,465,-0.20056370432272516
all,H9,HA,HA,468,-0.38936684848189695
all,H9,HA,HA,471,-0.31179974914392905
all,H9,HA,HA,480,-0.2555059088582739
all,H9,HA,HA,486,0.11518154806562207
all,H9,HA,HA,489,-0.5057997530654967
all,H9,HA,HA,492,-0.2212591341680138
all,H9,HA,HA,495,-0.8828615152395013
all,H9,HA,HA,498,-0.0922848112239317
all,H9,HA,HA,501,0.1107068782070043
all,H9,HA,HA,504,0.14151038874805377
all,H9,HA,HA,507,0.13417651997455324
all,H9,HA,HA,510,-0.017685468279586808
all,H9,HA,HA,513,0.60790609651169
all,H9,HA,HA,516,0.09623236653570179
all,H9,HA,HA,519,-0.2344877293258541
all,H9,HA,HA,522,-0.08776977783492657
all,H9,HA,HA,525,-0.21126676639211192
all,H9,HA,HA,528,0.30394002244033075
all,H9,HA,HA,531,0.6273290476022882
all,H9,HA,HA,534,0.2871373241446526
all,H9,HA,HA,537,0.17613661741184708
all,H9,HA,HA,540,0.09444686929026279
all,H9,HA,HA,543,0.6583797114811678
all,H9,HA,HA,546,-0.2616949912210259
all,H9,HA,HA,549,-0.5716803974463321
all,H9,HA,HA,552,-0.07961278056541096
all,H9,HA,HA,555,0.04568899378895096
all,H9,HA,HA,558,0.10234159546355588
all,H9,HA,HA,567,1.3521744346470155
all,H9,HA,HA,573,0.31494446925450564
all,H9,HA,HA,576,0.5460328880695191
all,H9,HA,HA,582,0.3751510760471611
all,H9,HA,HA,585,0.41170582726608534
all,H9,HA,HA,588,-0.0656304726358882
all,H9,HA,HA,591,0.06059729771697318
all,H9,HA,HA,594,0.35058988960079834
all,H9,HA,HA,597,0.11522198105657008
all,H9,HA,HA,600,0.14135926810460644
all,H9,HA,HA,603,-0.13015483864053912
all,H9,HA,HA,604,-0.4306976580257111
all,H9,HA,HA,606,-0.5312902715250094
all,H9,HA,HA,609,-0.12148636990232073
all,H9,HA,HA,612,-0.45803745353115277
all,H9,HA,HA,615,0.24888447027183178
all,H9,HA,HA,618,0.1426176818694393
all,H9,HA,HA,621,0.19959249178606614
all,H9,HA,HA,627,0.6378527706557249
all,H9,HA,HA,630,-0.1582861044853664
all,H9,HA,HA,633,0.5669268541352861
all,H9,HA,HA,636,-0.5811790398927543
all,H9,HA,HA,654,-1.0519734115087707
all,H9,HA,HA,657,-0.17361919809173362
all,H9,HA,HA,660,0.4567971478889221
all,H9,HA,HA,666,-0.009025121493979152
all,H9,HA,HA,670,-0.5749436936033683
all,H9,HA,HA,672,-0.3749531018500086
all,H9,HA,HA,678,0.06623466786142646
all,H9,HA,HA,684,-0.3248677973799854
all,H9,HA,HA,687,-0.8666565297856909
all,H9,HA,HA,693,0.4778218429413417
all,H9,HA,HA,696,0.0394133159030978
all,H9,HA,HA,699,-1.2790901971746815
all,H9,HA,HA,700,0.32429923380600245
all,H9,HA,HA,702,-0.046864072828739806
all,H9,HA,HA,708,-0.27147369713925984
all,H9,HA,HA,711,0.39354763748127036
all,H9,HA,HA,714,-0.31332549436443724
all,H9,HA,HA,717,-0.7967544480227913
all,H9,HA,HA,720,-0.02202772260552354
all,H9,HA,HA,723,0.027232157988421345
all,H9,HA,HA,729,0.16732999342820562
all,H9,HA,HA,732,-0.40982438763450596
all,H9,HA,HA,735,0.08297466572202156
all,H9,HA,HA,738,0.2908371283668148
all,H9,HA,HA,741,0.07286957069304814
all,H9,HA,HA,744,0.5375357324570122
all,H9,HA,HA,747,0.22570035914219633
all,H9,HA,HA,751,-0.3081913800495111
all,H9,HA,HA,753,-0.13184943049302533
all,H9,HA,HA,754,-0.2510190998874376
all,H9,HA,HA,756,-0.46855192971858434
all,H9,HA,HA,762,0.35225690201447624
all,H9,HA,HA,771,-0.07510275467498888
all,H9,HA,HA,774,-0.3018755252408059
all,H9,HA,HA,775,-0.0843364009076058
all,H9,HA,HA,777,-0.12032277652642334
all,H9,HA,HA,783,-0.7391973399485289
all,H9,HA,HA,795,0.09258421323689832
all,H9,HA,HA,798,0.39895992244694506
all,H9,HA,HA,801,-0.5337120463325925
all,H9,HA,HA,804,0.5471111313592631
all,H9,HA,HA,807,0.5838925611096023
all,H9,HA,HA,810,-0.08840178789981229
all,H9,HA,HA,813,-1.296026626406471
all,H9,HA,HA,816,0.1802101312058279
all,H9,HA,HA,819,-0.5688817048590806
all,H9,HA,HA,822,0.8737808424027736
all,H9,HA,HA,825,-0.13022447776741242
all,H9,HA,HA,828,0.46145895120646196
all,H9,HA,HA,829,0.04298050836211719
all,H9,HA,HA,831,0.029609796036091107
all,H9,HA,HA,834,-0.5396112847614299
all,H9,HA,HA,840,-0.4916818838354952
all,H9,HA,HA,841,0.8373004724718778
all,H9,HA,HA,843,0.3381688084194555
all,H9,HA,HA,846,0.3064579836479739
all,H9,HA,HA,849,-0.03156652503350855
all,H9,HA,HA,852,-0.19269362790223016
all,H9,HA,HA,855,0.44898554102627947
all,H9,HA,HA,858,0.4297458819939253
all,H9,HA,HA,861,0.49441217647237595
all,H9,HA,HA,864,-0.25375363048814104
all,H9,HA,HA,867,0.16734678871421987
all,H9,HA,HA,870,-0.07071603422435678
all,H9,HA,HA,873,0.8266883992009542
all,H9,HA,HA,879,0.8736499377699508
all,H9,HA,HA,882,0.8155042221331805
all,H9,HA,HA,888,0.13984011169563773
all,H9,HA,HA,889,-0.39290022692806736
all,H9,HA,HA,891,-0.03697893593630826
all,H9,HA,HA,894,-0.0714993489922269
all,H9,HA,HA,901,0.48178110633690824
all,H9,HA,HA,903,-0.2907997093506826
all,H9,HA,HA,906,1.680541641124116
all,H9,HA,HA,909,0.08891282394639347
all,H9,HA,HA,915,0.5961804887934229
all,H9,HA,HA,918,0.5481961960386098
all,H9,HA,HA,921,0.12794599530263462
all,H9,HA,HA,924,0.22968652573660284
all,H9,HA,HA,936,0.20353751632497832
all,H9,HA,HA,939,-0.0637486901151171
all,H9,HA,HA,942,0.022331222628067575
all,H9,HA,HA,948,0.2796901776776268
all,H9,HA,HA,957,0.43369593498440845
all,H9,HA,HA,963,-1.1654924563984332
all,H9,HA,HA,966,0.014093986647782745
all,H9,HA,HA,972,-0.20378004275049066
all,H9,HA,HA,984,-0.25405404840962975
all,H9,HA,HA,985,0.6974835565243988
all,H9,HA,HA,987,-0.45407664065057146
all,H9,HA,HA,990,0.026470195721124454
all,H9,HA,HA,996,-0.05290291671400235
all,H9,HA,HA,999,0.052763629732519954
all,H9,HA,HA,1002,-0.2627619269421845
all,H9,HA,HA,1005,-0.424028973213972
all,H9,HA,HA,1008,-0.42547660995180764
all,H9,HA,HA,1011,-1.286223836286345
all,H9,HA,HA,1014,-0.7110183269435236
all,H9,HA,HA,1017,0.4502762774177771
all,H9,HA,HA,1018,-0.00011776011235780955
all,H9,HA,HA,1020,-0.8525432966870506
all,H9,HA,HA,1023,0.41736316641777316
all,H9,HA,HA,1026,-0.37977542927025054
all,H9,HA,HA,1029,1.3599135592121638
all,H9,HA,HA,1038,-0.4417305445828941
all,H9,HA,HA,1041,0.5180804227606837
all,H9,HA,HA,1047,0.24874514817295584
all,H9,HA,HA,1050,0.46136526175225173
all,H9,HA,HA,1053,0.1123819815415161
all,H9,HA,HA,1062,0.3492526218923793
all,H9,HA,HA,1063,0.7075021992695203
all,H9,HA,HA,1065,-0.19370928927522538
all,H9,HA,HA,1071,0.9018017057210145
all,H9,HA,HA,1074,-0.2840101638648286
all,H9,HA,HA,1083,0.1647991319673541
all,H9,HA,HA,1086,0.02405204305159412
all,H9,HA,HA,1089,-0.2012789467504283
all,H9,HA,HA,1092,0.07667628074824956
all,H9,HA,HA,1098,0.28578374680008806
all,H9,HA,HA,1101,0.5424641555217846
all,H9,HA,HA,1104,0.22978482347460205
all,H9,HA,HA,1107,-0.0656310964929084
all,H9,HA,HA,1113,-0.158832163813552
all,H9,HA,HA,1125,-1.1531120147611302
all,H9,HA,HA,1128,-0.20341688020465526
all,H9,HA,HA,1131,0.2598871207392875
all,H9,HA,HA,1137,0.3912407592724432
all,H9,HA,HA,1140,-0.2376390350259743
all,H9,HA,HA,1143,-0.45237705038084913
all,H9,HA,HA,1152,0.14150330351943932
all,H9,HA,HA,1155,-0.23251609964825354
all,H9,HA,HA,1170,-0.254131080182705
all,H9,HA,HA,1173,0.15011947499142558
all,H9,HA,HA,1176,-0.13636080086688565
all,H9,HA,HA,1182,1.3215767835341705
all,H9,HA,HA,1185,-0.3648337439867377
all,H9,HA,HA,1194,-0.4763728412843878
all,H9,HA,HA,1197,-0.5584503511275262
all,H9,HA,HA,1200,0.11740495308745746
all,H9,HA,HA,1206,0.2501750740287687
all,H9,HA,HA,1215,-0.004157395520281006
all,H9,HA,HA,1221,-0.2287446569694607
all,H9,HA,HA,1230,0.11522036030884836
all,H9,HA,HA,1236,0.22168374917287112
all,H9,HA,HA,1239,-0.2528985243568821
all,H9,HA,HA,1242,-0.038341029458231604
all,H9,HA,HA,1248,0.5161884320407307
all,H9,HA,HA,1257,-0.4912580373812924
all,H9,HA,HA,1260,-0.47604110946787737
all,H9,HA,HA,1263,-0.06216648155643658
all,H9,HA,HA,1266,0.7275360695288243
all,H9,HA,HA,1269,0.3740047392218101
all,H9,HA,HA,1272,0.31016083235984276
all,H9,HA,HA,1275,0.06638012124987361
all,H9,HA,HA,1278,-0.0703658809199646
all,H9,HA,HA,1281,-0.27173075603641733
all,H9,HA,HA,1284,-0.5371872814084901
all,H9,HA,HA,1296,-0.15508613557779924
all,H9,HA,HA,1299,0.4065254354389756
all,H9,HA,HA,1306,0.3188667093913635
all,H9,HA,HA,1308,-0.04361590837570516
all,H9,HA,HA,1309,-0.22279685425586165
all,H9,HA,HA,1311,-0.07268096151367305
all,H9,HA,HA,1314,0.10946610774253457
all,H9,HA,HA,1315,2.6115095325028186
all,H9,HA,HA,1317,-0.38162752386613297
all,H9,HA,HA,1320,1.2536485469869088
all,H9,HA,HA,1323,0.09051320756708485
all,H9,HA,HA,1326,0.3657292266681709
all,H9,HA,HA,1329,-0.08735551135734494
all,H9,HA,HA,1332,0.39302946069871425
all,H9,HA,HA,1338,1.2235264102504038
all,H9,HA,HA,1344,-0.39496083666049747
all,H9,HA,HA,1347,0.36563928168888243
all,H9,HA,HA,1350,0.1924857938886587
all,H9,HA,HA,1359,0.27608796130652363
all,H9,HA,HA,1362,-0.09623697485526289
all,H9,HA,HA,1365,-0.7883516576436622
all,H9,HA,HA,1366,0.11387747948083159
all,H9,HA,HA,1368,-0.10185210483577811
all,H9,HA,HA,1371,-0.0952905070203612
all,H9,HA,HA,1374,-0.21742337157921166
all,H9,HA,HA,1380,0.5122899824143192
all,H9,HA,HA,1383,-0.3724887580471284
all,H9,HA,HA,1386,0.14408420746568523
all,H9,HA,HA,1389,0.895008184871334
all,H9,HA,HA,1392,-0.04671229989119197
all,H9,HA,HA,1395,0.24517066302763363
all,H9,HA,HA,1404,0.7094966776820176
all,H9,HA,HA,1407,0.004752353297509737
all,H9,HA,HA,1410,-0.36588348400716586
all,H9,HA,HA,1413,0.5378416976766027
all,H9,HA,HA,1416,0.27307432738620896
all,H9,HA,HA,1422,0.18295535501120014
all,H9,HA,HA,1425,0.2056180010390186
all,H9,HA,HA,1428,-0.285470236908598
all,H9,HA,HA,1431,-0.1139190383040608
all,H9,HA,HA,1432,-0.26151528373131017
all,H9,HA,HA,1434,0.12109655525001815
all,H9,HA,HA,1437,0.2738277234957029
all,H9,HA,HA,1443,0.046643436247095035
all,H9,HA,HA,1452,-0.08243261938705157
all,H9,HA,HA,1464,-0.645916489012484
all,H9,HA,HA,1470,-0.8051164894971098
all,H9,HA,HA,1473,0.34937214926042853
all,H9,HA,HA,1476,0.1744197157299319
all,H9,HA,HA,1479,-0.5022946571477819
all,H9,HA,HA,1482,0.5176161818279864
all,H9,HA,HA,1488,0.2594847390103232
all,H9,HA,HA,1491,-0.30213991652059696
all,H9,HA,HA,1494,-0.6674023422889704
all,H9,HA,HA,1497,0.15689630781422928
all,H9,HA,HA,1500,-0.3691274574217
all,H9,HA,HA,1503,0.08446353776247101
all,H9,HA,HA,1506,-0.4583997630614267
all,H9,HA,HA,1509,-0.202027397652103
all,H9,HA,HA,1515,-0.06152681942960064
all,H9,HA,HA,1518,0.2685455910172803
all,H9,HA,HA,1521,-0.6470656755962229
all,H9,HA,HA,1524,0.16959902069945668
all,H9,HA,HA,1527,-0.8652277073116869
all,H9,HA,HA,1530,0.017639315174366055
all,H9,HA,HA,1536,-0.15981143087436847
all,H9,HA,HA,1539,-0.6202456801036859
all,H9,HA,HA,1545,0.1219833715818729
all,H9,HA,HA,1546,-0.5521264414709934
all,H9,HA,HA,1548,-1.9207641537817826
all,H9,HA,HA,1551,-0.4380506050984496
all,H9,HA,HA,1560,0.06393573561952001
all,H9,HA,HA,1563,1.4468901274226318
all,H9,HA,HA,1566,-0.47066521560762786
all,H9,HA,HA,1572,0.3094267349847947
all,H9,HA,HA,1578,0.7275193100780611
all,H9,HA,HA,1581,-1.1539808411869623
all,H9,HA,HA,1584,-1.2910194520122482
all,H9,HA,HA,1587,-0.9415331212034511
all,H9,HA,HA,1593,-0.736646425709861
all,H9,HA,HA,1596,-1.397635837565794
all,H9,HA,HA,1602,-0.003498491435576556
all,H9,HA,HA,1608,-0.5348477569070752
all,H9,HA,HA,1614,0.6966149576478984
all,H9,HA,HA,1620,-2.2916316033304738
all,H9,HA,HA,1629,-3.371830198490442
all,H9,HA,HA,1632,0.5981459872905374
all,H9,HA,HA,1633,-0.27007889049359207
all,H9,HA,HA,1635,-0.6894020613552753
all,H9,HA,HA,1638,1.2026340127499737
all,H9,HA,HA,1653,0.4722629816440209
all,H9,HA,HA,1656,0.2526241344361726
all,H9,HA,HA,1659,1.724969624239263
all,H9,HA,HA,1665,-0.2683009971998979
all,H9,HA,HA,1671,0.3910131541595437
all,H9,HA,HA,1674,0.603008860486693
all,H9,HA,HA,1677,-1.9616665564029787
all,H9,HA,HA,1682,0.11404406041433925
all,N1,NA,NA,6,0.8580466031530743
all,N1,NA,NA,9,-0.36624369523369765
all,N1,NA,NA,12,0.19540421044306416
all,N1,NA,NA,15,0.291469402424808
all,N1,NA,NA,18,-0.054399611747726284
all,N1,NA,NA,21,0.2016713105380769
all,N1,NA,NA,24,0.06681502146113755
all,N1,NA,NA,27,0.33140444614329884
all,N1,NA,NA,30,0.1042882939214335
all,N1,NA,NA,33,0.17101848203502357
all,N1,NA,NA,36,0.30830679043731435
all,N1,NA,NA,39,-0.10470115543124209
all,N1,NA,NA,42,0.23392838703316662
all,N1,NA,NA,48,-0.10576147488976517
all,N1,NA,NA,51,-0.26333032312588717
all,N1,NA,NA,54,-0.003819484791061952
all,N1,NA,NA,57,-0.19704809994542583
all,N1,NA,NA,60,0.22993458387975513
all,N1,NA,NA,63,-0.7521298422726234
all,N1,NA,NA,64,0.36796024261511495
all,N1,NA,NA,66,0.3923274160925246
all,N1,NA,NA,69,0.2669330799421585
all,N1,NA,NA,70,-0.16054328334480905
all,N1,NA,NA,72,0.11310352983509363
all,N1,NA,NA,75,0.11395485269298408
all,N1,NA,NA,78,-0.26695651584212
all,N1,NA,NA,81,0.02428124027080064
all,N1,NA,NA,84,-0.044214096975158906
all,N1,NA,NA,87,0.09308533027931737
all,N1,NA,NA,90,-0.15774993434944828
all,N1,NA,NA,93,0.2371207870223358
all,N1,NA,NA,96,0.07136128483079582
all,N1,NA,NA,102,0.1655042976206807
all,N1,NA,NA,105,0.12530640294363746
all,N1,NA,NA,108,0.06977133799026747
all,N1,NA,NA,111,-0.3423861807756127
all,N1,NA,NA,114,0.10996909573664897
all,N1,NA,NA,117,0.20410707729572836
all,N1,NA,NA,120,-0.3392048213308884
all,N1,NA,NA,123,0.35196959397271793
all,N1,NA,NA,126,-0.2640497713562366
all,N1,NA,NA,129,0.03183165267244849
all,N1,NA,NA,132,0.03772826644248957
all,N1,NA,NA,135,0.21749989888825597
all,N1,NA,NA,138,0.05937489675154246
all,N1,NA,NA,141,-0.05773497760528658
all,N1,NA,NA,144,-0.12937983152037102
all,N1,NA,NA,147,-0.0018945462673493451
all,N1,NA,NA,150,0.05925514092564077
all,N1,NA,NA,153,-0.05850361530399789
all,N1,NA,NA,156,-0.2133764375461743
all,N1,NA,NA,159,-0.03434176463608366
all,N1,NA,NA,162,0.2363905271740524
all,N1,NA,NA,165,-0.020896743198795954
all,N1,NA,NA,168,-0.0986119643739703
all,N1,NA,NA,171,0.10408028077031371
all,N1,NA,NA,174,-0.38940976903624713
all,N1,NA,NA,177,-0.05704997410684264
all,N1,NA,NA,180,0.2664103972172087
all,N1,NA,NA,186,-0.006653903425519765
all,N1,NA,NA,189,-1.1871367930110648
all,N1,NA,NA,192,-0.5611655395129261
all,N1,NA,NA,195,0.021745656668328874
all,N1,NA,NA,198,0.5079416234764195
all,N1,NA,NA,201,0.1142841432093196
all,N1,NA,NA,204,-0.08480725327121368
all,N1,NA,NA,207,-0.232633775119548
all,N1,NA,NA,208,0.32847554284119407
all,N1,NA,NA,210,0.20910235712815037
all,N1,NA,NA,213,-0.033650194355696945
all,N1,NA,NA,216,0.04013750826639575
all,N1,NA,NA,219,0.25225421341074733
all,N1,NA,NA,222,0.2746620570060154
all,N1,NA,NA,225,-0.16095851838934386
all,N1,NA,NA,228,0.03142637949124275
all,N1,NA,NA,231,0.16517613384976934
all,N1,NA,NA,234,0.007246696340188018
all,N1,NA,NA,237,-0.28669244562386736
all,N1,NA,NA,240,-0.07430617831365094
all,N1,NA,NA,243,0.2834013133336645
all,N1,NA,NA,249,0.2529154777383649
all,N1,NA,NA,252,0.2735501812963334
all,N1,NA,NA,255,-0.1826140116126985
all,N1,NA,NA,258,0.17893667065968966
all,N1,NA,NA,261,-0.13439441190165768
all,N1,NA,NA,264,-0.4729664807129569
all,N1,NA,NA,267,0.05519938238214977
all,N1,NA,NA,270,-0.10188466454972737
all,N1,NA,NA,273,0.3493183897585397
all,N1,NA,NA,274,0.01940350861055987
all,N1,NA,NA,276,0.09922370112415194
all,N1,NA,NA,279,-0.03251257448042611
all,N1,NA,NA,282,0.09583520880674029
all,N1,NA,NA,285,0.017948173315105526
all,N1,NA,NA,288,0.4514867115153578
all,N1,NA,NA,291,-0.3963836534988587
all,N1,NA,NA,294,-0.10169531795434018
all,N1,NA,NA,297,-0.18967762169823058
all,N1,NA,NA,300,-0.08794783931750154
all,N1,NA,NA,303,-0.02940398092295766
all,N1,NA,NA,306,0.07313166085650014
all,N1,NA,NA,307,0.3088411320344898
all,N1,NA,NA,309,-0.09201464329785741
all,N1,NA,NA,312,0.026054450682691035
all,N1,NA,NA,315,-0.017770987338851362
all,N1,NA,NA,318,0.15388591322584658
all,N1,NA,NA,321,0.13701961441729388
all,N1,NA,NA,324,-0.017398539095729287
all,N1,NA,NA,327,0.050545629802608266
all,N1,NA,NA,330,0.1289797466163933
all,N1,NA,NA,333,0.24425413530368814
all,N1,NA,NA,334,-0.37780517702130034
all,N1,NA,NA,336,0.27868311959421593
all,N1,NA,NA,339,-0.002639544538828044
all,N1,NA,NA,342,-0.15121795987042266
all,N1,NA,NA,343,0.12998968632762892
all,N1,NA,NA,345,-0.01907950269967828
all,N1,NA,NA,348,0.5014063198352653
all,N1,NA,NA,351,0.20078321071085048
all,N1,NA,NA,354,0.17629721707338886
all,N1,NA,NA,355,-0.241871261659146
all,N1,NA,NA,357,0.3087219658491986
all,N1,NA,NA,360,0.16015487711222418
all,N1,NA,NA,363,-0.18457897699702921
all,N1,NA,NA,366,-0.1981299409958045
all,N1,NA,NA,369,0.17765343536944397
all,N1,NA,NA,370,0.21116201488097874
all,N1,NA,NA,372,0.13289406160610126
all,N1,NA,NA,373,-0.058124243253549736
all,N1,NA,NA,375,0.13163921566478315
all,N1,NA,NA,378,-0.01987767048578079
all,N1,NA,NA,381,0.25653781391702785
all,N1,NA,NA,384,-0.05917629263760357
all,N1,NA,NA,387,0.16798120246129994
all,N1,NA,NA,390,-0.02452178212552762
all,N1,NA,NA,393,0.32553370981313495
all,N1,NA,NA,396,0.3313881689905456
all,N1,NA,NA,399,-0.2211633045596535
all,N1,NA,NA,402,0.18843590080996833
all,N1,NA,NA,405,0.14895984941569437
all,N1,NA,NA,408,-0.2078920635333303
all,N1,NA,NA,409,0.527879922254765
all,N1,NA,NA,411,-0.18553740569521715
all,N1,NA,NA,414,-0.041198666456489785
all,N1,NA,NA,417,-0.08145583208270522
all,N1,NA,NA,420,-0.3137307989846113
all,N1,NA,NA,421,-0.26058562279641667
all,N1,NA,NA,423,-0.3419967763356131
all,N1,NA,NA,426,0.18501858212243982
all,N1,NA,NA,427,0.18261871332971094
all,N1,NA,NA,429,0.3533930285089726
all,N1,NA,NA,435,-0.14223583000805917
all,N1,NA,NA,438,0.056515099928889104
all,N1,NA,NA,441,0.3038916130083681
all,N1,NA,NA,444,0.18514538493819452
all,N1,NA,NA,447,0.10223920951051597
all,N1,NA,NA,450,-0.14008880733246065
all,N1,NA,NA,453,0.24139294975276612
all,N1,NA,NA,456,0.00850366274683885
all,N1,NA,NA,459,0.34048353034623724
all,N1,NA,NA,462,0.18104990353541708
all,N1,NA,NA,465,0.4005796869798549
all,N1,NA,NA,468,0.2248487098408295
all,N1,NA,NA,471,-0.23478301007115765
all,N1,NA,NA,472,-0.5503558712344733
all,N1,NA,NA,474,0.007502590693510627
all,N1,NA,NA,477,0.19169286576343664
all,N1,NA,NA,480,-0.0717008809258168
all,N1,NA,NA,483,0.08468642558700284
all,N1,NA,NA,486,-0.08874734146613626
all,N1,NA,NA,489,-0.03102379662701919
all,N1,NA,NA,495,-0.24835222367273277
all,N1,NA,NA,498,0.09685329631808016
all,N1,NA,NA,501,-0.31855042341096207
all,N1,NA,NA,504,0.056036032994970876
all,N1,NA,NA,507,-0.1955594943256979
all,N1,NA,NA,510,0.08731438051946445
all,N1,NA,NA,513,0.047356262834998324
all,N1,NA,NA,516,-0.030910611672212224
all,N1,NA,NA,519,0.09419708812795267
all,N1,NA,NA,522,-0.04301157061699987
all,N1,NA,NA,526,0.13182365905887594
all,N1,NA,NA,528,0.28079797211873736
all,N1,NA,NA,531,0.29355570556023575
all,N1,NA,NA,534,0.004972875285007793
all,N1,NA,NA,537,0.04477516454925554
all,N1,NA,NA,540,0.3049239421650226
all,N1,NA,NA,543,0.3777954682056777
all,N1,NA,NA,546,0.5303484930160264
all,N1,NA,NA,549,0.06600146821664578
all,N1,NA,NA,552,-0.10720665719130867
all,N1,NA,NA,555,-0.190677180685263
all,N1,NA,NA,558,0.06515447500259312
all,N1,NA,NA,561,0.2288859782737201
all,N1,NA,NA,564,0.18640049216477736
all,N1,NA,NA,567,0.23973594815875998
all,N1,NA,NA,570,0.01498824332778729
all,N1,NA,NA,571,-0.08188565105129329
all,N1,NA,NA,573,0.16223383483672302
all,N1,NA,NA,576,-0.01961309046593722
all,N1,NA,NA,579,-0.4720973936060181
all,N1,NA,NA,582,0.1267683533076291
all,N1,NA,NA,585,-0.10476503364718855
all,N1,NA,NA,588,0.18855038802387775
all,N1,NA,NA,591,0.18937249682624796
all,N1,NA,NA,594,-0.10656353177183948
all,N1,NA,NA,597,0.209463334433822
all,N1,NA,NA,600,0.2571066257639728
all,N1,NA,NA,603,0.18960887960904418
all,N1,NA,NA,606,0.043539949395073746
all,N1,NA,NA,609,0.04719062585545283
all,N1,NA,NA,615,0.0029278943109400934
all,N1,NA,NA,618,0.32983931336345484
all,N1,NA,NA,621,0.21235727751831557
all,N1,NA,NA,624,0.024024760876652118
all,N1,NA,NA,625,-0.270676223451716
all,N1,NA,NA,627,-0.17646680771463527
all,N1,NA,NA,630,-0.20217111372465776
all,N1,NA,NA,633,-0.3876722452488386
all,N1,NA,NA,636,-0.2863594709681689
all,N1,NA,NA,639,-0.04970849581639214
all,N1,NA,NA,642,0.007233637642947238
all,N1,NA,NA,645,-0.08052978088050504
all,N1,NA,NA,648,-0.40435746788239746
all,N1,NA,NA,651,-0.12402879763255605
all,N1,NA,NA,654,-0.07237012965061967
all,N1,NA,NA,657,0.657132807145721
all,N1,NA,NA,660,-0.12733603990323467
all,N1,NA,NA,663,0.10941665957417994
all,N1,NA,NA,666,0.14033696528841447
all,N1,NA,NA,669,0.43751722221540496
all,N1,NA,NA,672,0.012806307892546456
all,N1,NA,NA,675,0.35840846744754506
all,N1,NA,NA,678,0.22308935754599654
all,N1,NA,NA,681,0.6130048545621554
all,N1,NA,NA,684,-0.04164624935791731
all,N1,NA,NA,687,0.167159838627921
all,N1,NA,NA,690,0.3657324914397785
all,N1,NA,NA,693,-0.20994682020331243
all,N1,NA,NA,696,0.06998331567817292
all,N1,NA,NA,699,0.15407546651429327
all,N1,NA,NA,702,0.20880399984640197
all,N1,NA,NA,705,0.0830993859083884
all,N1,NA,NA,708,-0.06631135035493194
all,N1,NA,NA,711,0.04619214088850844
all,N1,NA,NA,714,0.10037952542005732
all,N1,NA,NA,717,0.3338873817329418
all,N1,NA,NA,720,-0.057486891966206224
all,N1,NA,NA,723,0.000921502594173039
all,N1,NA,NA,724,0.3607015183293087
all,N1,NA,NA,726,0.08073393858031343
all,N1,NA,NA,729,0.1829943775941727
all,N1,NA,NA,732,0.15817398772937433
all,N1,NA,NA,735,0.3148244147051334
all,N1,NA,NA,738,0.5418821355404279
all,N1,NA,NA,741,0.392577238257449
all,N1,NA,NA,744,0.31115390818305877
all,N1,NA,NA,747,0.2883085635715778
all,N1,NA,NA,750,-0.3827707166495558
all,N1,NA,NA,753,-0.07802943245853278
all,N1,NA,NA,756,-0.08126927852738675
all,N1,NA,NA,759,0.04768817167250819
all,N1,NA,NA,760,-0.07589458898755394
all,N1,NA,NA,762,0.07684043074128973
all,N1,NA,NA,765,-0.03462715106255231
all,N1,NA,NA,768,-0.23440713350301692
all,N1,NA,NA,771,0.018007119963388742
all,N1,NA,NA,774,-0.36292611406331626
all,N1,NA,NA,777,0.1564601671267172
all,N1,NA,NA,780,0.10712372148071296
all,N1,NA,NA,783,-0.14823991977745066
all,N1,NA,NA,786,-0.22019218329825202
all,N1,NA,NA,789,0.22440563268875754
all,N1,NA,NA,792,0.2271340043783876
all,N1,NA,NA,795,-0.3712063491094464
all,N1,NA,NA,798,-0.11827682727440006
all,N1,NA,NA,801,0.14607110067345153
all,N1,NA,NA,804,-0.21122614508412677
all,N1,NA,NA,807,0.2181584488844457
all,N1,NA,NA,810,0.16304187484236224
all,N1,NA,NA,813,0.11938555826871672
all,N1,NA,NA,816,0.0753938553421079
all,N1,NA,NA,819,0.02534991677063872
all,N1,NA,NA,822,0.3916730645095449
all,N1,NA,NA,825,-0.186659035964893
all,N1,NA,NA,828,0.3789805199681304
all,N1,NA,NA,831,0.08049482328801415
all,N1,NA,NA,832,0.40231506578783016
all,N1,NA,NA,834,0.10353056581465571
all,N1,NA,NA,837,0.07212773724333243
all,N1,NA,NA,840,0.5549594387764077
all,N1,NA,NA,846,0.1327225905196096
all,N1,NA,NA,849,0.3378143334330922
all,N1,NA,NA,852,0.31916373882719834
all,N1,NA,NA,855,-0.04871572210166155
all,N1,NA,NA,856,0.08765065365494702
all,N1,NA,NA,858,-0.04264438066564777
all,N1,NA,NA,861,-0.10065620111966722
all,N1,NA,NA,867,0.23422288275017838
all,N1,NA,NA,870,0.3860268366675559
all,N1,NA,NA,873,0.18471536800509636
all,N1,NA,NA,876,0.33110605321236874
all,N1,NA,NA,879,0.030854340280459566
all,N1,NA,NA,882,0.13468919308149707
all,N1,NA,NA,883,-0.21941564555539667
all,N1,NA,NA,885,-0.10905001553034267
all,N1,NA,NA,888,-0.08240746476403611
all,N1,NA,NA,891,0.13135766633661813
all,N1,NA,NA,894,0.047466830974431634
all,N1,NA,NA,897,-0.034139862621357896
all,N1,NA,NA,900,0.26616187756567805
all,N1,NA,NA,903,-0.20962856487385875
all,N1,NA,NA,906,-0.016808421323375893
all,N1,NA,NA,909,0.16037353805010401
all,N1,NA,NA,912,-0.10760692478164477
all,N1,NA,NA,915,-0.08989780174865625
all,N1,NA,NA,918,0.570567939845167
all,N1,NA,NA,921,-0.49167441072348017
all,N1,NA,NA,924,-0.13686073382521116
all,N1,NA,NA,927,0.3312505228564825
all,N1,NA,NA,930,0.27969863237935294
all,N1,NA,NA,933,-0.018471550167153204
all,N1,NA,NA,936,0.04157926284766281
all,N1,NA,NA,939,-0.1920164577149046
all,N1,NA,NA,942,-0.018088630776054788
all,N1,NA,NA,945,-0.13819525923459175
all,N1,NA,NA,948,0.32258637073434954
all,N1,NA,NA,951,0.19365704464264707
all,N1,NA,NA,954,0.027683957474266736
all,N1,NA,NA,957,0.02433032556637111
all,N1,NA,NA,960,0.12830559995192364
all,N1,NA,NA,963,0.5820127673378044
all,N1,NA,NA,966,0.32437783530280057
all,N1,NA,NA,969,0.07853283109728977
all,N1,NA,NA,972,-0.07026488296905127
all,N1,NA,NA,975,-0.08947002003841294
all,N1,NA,NA,978,0.08072569043567855
all,N1,NA,NA,981,-0.33127286124030886
all,N1,NA,NA,984,0.032151222390996735
all,N1,NA,NA,987,-0.1376616691499538
all,N1,NA,NA,990,0.09813821081773795
all,N1,NA,NA,993,0.32211727034721505
all,N1,NA,NA,996,0.11179550981587748
all,N1,NA,NA,999,0.17316196824241223
all,N1,NA,NA,1002,-0.3381285294341624
all,N1,NA,NA,1005,0.14686026133360336
all,N1,NA,NA,1008,-0.12127038175744469
all,N1,NA,NA,1011,-0.07027502745625924
all,N1,NA,NA,1014,-0.08637638536806075
all,N1,NA,NA,1017,-0.04367745373277457
all,N1,NA,NA,1020,-0.007955945597066288
all,N1,NA,NA,1023,-0.07247890047437723
all,N1,NA,NA,1026,0.035245633057824244
all,N1,NA,NA,1032,0.04449018729276455
all,N1,NA,NA,1035,-0.07637310921381113
all,N1,NA,NA,1036,0.15136564239697245
all,N1,NA,NA,1038,0.06950421786473093
all,N1,NA,NA,1041,0.004997159181829993
all,N1,NA,NA,1044,0.13352788604063795
all,N1,NA,NA,1047,0.26511726208785
all,N1,NA,NA,1050,-0.23231513850941188
all,N1,NA,NA,1053,0.04264242172275026
all,N1,NA,NA,1056,-0.1171083724359215
all,N1,NA,NA,1057,0.10927090359377863
all,N1,NA,NA,1059,-0.2081958044911532
all,N1,NA,NA,1062,-0.155758213972372
all,N1,NA,NA,1065,0.2724716043555683
all,N1,NA,NA,1068,0.06504393902650223
all,N1,NA,NA,1071,0.16289300584034289
all,N1,NA,NA,1077,-0.005143310266676582
all,N1,NA,NA,1083,0.3265165594362132
all,N1,NA,NA,1086,0.26133996184168434
all,N1,NA,NA,1089,0.18266207872862625
all,N1,NA,NA,1092,0.2634962472798906
all,N1,NA,NA,1098,0.2350152221598554
all,N1,NA,NA,1101,-0.011867722784448503
all,N1,NA,NA,1104,0.10874473111230872
all,N1,NA,NA,1107,0.06408581100814126
all,N1,NA,NA,1110,0.2372441366912383
all,N1,NA,NA,1113,0.0017240266100820856
all,N1,NA,NA,1116,0.2954072919656569
all,N1,NA,NA,1119,0.1839193204705122
all,N1,NA,NA,1122,0.018116455293556967
all,N1,NA,NA,1125,0.24891313200682644
all,N1,NA,NA,1128,-0.12095400228070738
all,N1,NA,NA,1131,0.026744361135261463
all,N1,NA,NA,1134,0.1846444408986941
all,N1,NA,NA,1137,-0.13124110757847954
all,N1,NA,NA,1140,0.266186188951013
all,N1,NA,NA,1143,0.645205440736192
all,N1,NA,NA,1146,0.24497228951501937
all,N1,NA,NA,1149,-0.015492537400605697
all,N1,NA,NA,1155,-0.2087101108308809
all,N1,NA,NA,1158,0.3047373243743552
all,N1,NA,NA,1161,-0.19334715054803941
all,N1,NA,NA,1164,-0.021469430339078808
all,N1,NA,NA,1167,0.2217448461460625
all,N1,NA,NA,1170,0.12521726779760456
all,N1,NA,NA,1173,-0.26724440073822064
all,N1,NA,NA,1176,0.22301668987629455
all,N1,NA,NA,1179,-0.2287047077870525
all,N1,NA,NA,1182,0.19588139638446722
all,N1,NA,NA,1185,0.25505041214712343
all,N1,NA,NA,1188,0.04679791301003953
all,N1,NA,NA,1189,-0.052015292542657986
all,N1,NA,NA,1191,0.0031135529582660415
all,N1,NA,NA,1194,-0.11218415437079454
all,N1,NA,NA,1197,-0.19404431201326672
all,N1,NA,NA,1198,-0.03466790482124872
all,N1,NA,NA,1200,0.02968245895158486
all,N1,NA,NA,1203,0.09427329450472802
all,N1,NA,NA,1206,-0.13922427475703072
all,N1,NA,NA,1209,0.7470786196551742
all,N1,NA,NA,1210,-0.10422761808615703
all,N1,NA,NA,1212,-0.6578437003753349
all,N1,NA,NA,1215,-0.18165175691670057
all,N1,NA,NA,1218,0.300711243174721
all,N1,NA,NA,1221,0.2008081616176129
all,N1,NA,NA,1227,-0.7584527668044052
all,N1,NA,NA,1230,-0.0896270266640638
all,N1,NA,NA,1231,0.016709763481090392
all,N1,NA,NA,1233,0.12829419839083697
all,N1,NA,NA,1236,0.26769608999023725
all,N1,NA,NA,1237,0.015515315480985902
all,N1,NA,NA,1239,-0.8270411203647741
all,N1,NA,NA,1242,-0.038377058012698265
all,N1,NA,NA,1243,0.08548420225918714
all,N1,NA,NA,1245,-0.2906710672839859
all,N1,NA,NA,1248,0.05641287993665488
all,N1,NA,NA,1251,-0.08888350609674704
all,N1,NA,NA,1254,-0.1378405510603144
all,N1,NA,NA,1257,5.5701431361640866e-05
all,N1,NA,NA,1260,0.21425370751207168
all,N1,NA,NA,1263,0.06290333378928166
all,N1,NA,NA,1269,0.021644244633763132
all,N1,NA,NA,1272,-0.21362553157928027
all,N1,NA,NA,1275,0.10976249567913632
all,N1,NA,NA,1278,-0.07560058440015495
all,N1,NA,NA,1281,0.08441004410424484
all,N1,NA,NA,1284,0.4506203834253122
all,N1,NA,NA,1287,0.7255355555198278
all,N1,NA,NA,1290,0.05472166120027507
all,N1,NA,NA,1293,-0.0656512532488771
all,N1,NA,NA,1296,-0.05450042145851733
all,N1,NA,NA,1299,0.2771095966275781
all,N1,NA,NA,1302,-0.2657662157818977
all,N1,NA,NA,1305,-0.2952868540323879
all,N1,NA,NA,1308,0.27959899229709967
all,N1,NA,NA,1311,0.05535520454424634
all,N1,NA,NA,1314,0.3015721242575823
all,N1,NA,NA,1317,-0.25070696649136875
all,N1,NA,NA,1323,-0.04095718726090609
all,N1,NA,NA,1329,-1.0806688192422538
all,N1,NA,NA,1332,-2.3954031705062837
all,N1,NA,NA,1335,-0.3242514472643619
all,N1,NA,NA,1338,-2.2157562847428025
all,N1,NA,NA,1341,-0.7076124389109609
all,N1,NA,NA,1342,0.21720771374267495
all,N1,NA,NA,1344,-4.6065503980874425
all,N1,NA,NA,1347,0.00046433924250463554
all,N1,NA,NA,1350,0.4140002163633675
all,N1,NA,NA,1353,-0.7240958839097307
all,N1,NA,NA,1356,-0.9937078671454319
all,N1,NA,NA,1359,-3.6020977591066736
all,N1,NA,NA,1362,-0.5369631763683288
all,N1,NA,NA,1364,-0.7640813154085794
all,N2,NA,NA,6,0.9248843141984767
all,N2,NA,NA,9,-0.5915711269877161
all,N2,NA,NA,12,0.7697789178925794
all,N2,NA,NA,15,0.4240348732384566
all,N2,NA,NA,18,-0.43853292034472174
all,N2,NA,NA,21,-0.5463834383049936
all,N2,NA,NA,24,-0.08259157606156602
all,N2,NA,NA,27,0.24057537284471184
all,N2,NA,NA,30,0.2770764690324179
all,N2,NA,NA,33,0.2801165180920065
all,N2,NA,NA,36,-0.07676828905465179
all,N2,NA,NA,39,0.44350285086440655
all,N2,NA,NA,42,0.060661741371180286
all,N2,NA,NA,43,-1.0166617027029639
all,N2,NA,NA,45,-0.17620752568549405
all,N2,NA,NA,48,0.563279340496605
all,N2,NA,NA,51,0.7442953993089054
all,N2,NA,NA,54,-0.16727232450889706
all,N2,NA,NA,57,0.17134887328848836
all,N2,NA,NA,60,-0.5408594021454858
all,N2,NA,NA,63,-0.2881254318056886
all,N2,NA,NA,66,0.33169928679104094
all,N2,NA,NA,69,0.4782891694488076
all,N2,NA,NA,75,0.1428434986668729
all,N2,NA,NA,78,0.15815215060964563
all,N2,NA,NA,81,-0.1499903188644045
all,N2,NA,NA,84,0.19942503247974344
all,N2,NA,NA,85,0.4823699756235505
all,N2,NA,NA,87,-0.1300894957060811
all,N2,NA,NA,90,-0.05936300532568257
all,N2,NA,NA,93,0.17200164762964676
all,N2,NA,NA,96,0.39983181568246556
all,N2,NA,NA,99,0.32584577698363065
all,N2,NA,NA,102,-0.436293322574745
all,N2,NA,NA,103,0.03829120371377537
all,N2,NA,NA,105,-0.15806700978060137
all,N2,NA,NA,108,0.13808659169055526
all,N2,NA,NA,111,-0.27792808565846705
all,N2,NA,NA,114,-0.296169017841279
all,N2,NA,NA,117,0.20560462038741123
all,N2,NA,NA,120,0.1268887544825586
all,N2,NA,NA,123,0.1664042945639955
all,N2,NA,NA,126,-0.24742107485559262
all,N2,NA,NA,129,0.2529326513128176
all,N2,NA,NA,132,-0.012767358426092454
all,N2,NA,NA,135,0.46500141152283664
all,N2,NA,NA,138,0.41696726043509913
all,N2,NA,NA,141,0.24684612357934133
all,N2,NA,NA,144,-0.3213582463968668
all,N2,NA,NA,147,-0.012603115523721465
all,N2,NA,NA,150,0.07857021139111414
all,N2,NA,NA,153,0.6924927405190952
all,N2,NA,NA,154,-0.8448992783141248
all,N2,NA,NA,156,0.11178421868543316
all,N2,NA,NA,159,0.3059262143010455
all,N2,NA,NA,162,-0.05678029616361909
all,N2,NA,NA,165,-0.265387017077085
all,N2,NA,NA,168,-0.4212496546357812
all,N2,NA,NA,171,0.1685430586270572
all,N2,NA,NA,174,-0.03634582370067674
all,N2,NA,NA,177,-0.16398048013606875
all,N2,NA,NA,178,-0.2537283736550071
all,N2,NA,NA,180,-0.06362347690046363
all,N2,NA,NA,183,-0.2858145511852426
all,N2,NA,NA,186,0.056040911962843235
all,N2,NA,NA,189,-0.2793862435670174
all,N2,NA,NA,192,-0.1904157754431108
all,N2,NA,NA,195,-0.29592421608783265
all,N2,NA,NA,198,-0.38342280610872215
all,N2,NA,NA,201,0.3695535226306062
all,N2,NA,NA,202,0.1364477284422297
all,N2,NA,NA,204,0.3042444586417455
all,N2,NA,NA,207,-0.10066774054223143
all,N2,NA,NA,210,0.2500519035833215
all,N2,NA,NA,213,0.10583562850847732
all,N2,NA,NA,216,0.20554644004719613
all,N2,NA,NA,219,0.1470531334841309
all,N2,NA,NA,222,0.07407180384051736
all,N2,NA,NA,225,0.21568901060093382
all,N2,NA,NA,228,0.05898737941296506
all,N2,NA,NA,231,-0.27183906034436905
all,N2,NA,NA,234,0.09679881162365826
all,N2,NA,NA,237,0.012795771265839159
all,N2,NA,NA,240,-0.19037060104798684
all,N2,NA,NA,241,0.49547003322694594
all,N2,NA,NA,243,-0.11333052089193402
all,N2,NA,NA,246,0.014800940105280387
all,N2,NA,NA,249,-0.011124675126275227
all,N2,NA,NA,252,-0.4303750495300807
all,N2,NA,NA,253,0.3578810994389583
all,N2,NA,NA,255,-0.1059145190481568
all,N2,NA,NA,258,0.007889783014823614
all,N2,NA,NA,264,-0.2349340411787153
all,N2,NA,NA,267,0.2039238187977731
all,N2,NA,NA,270,0.08839041670279178
all,N2,NA,NA,273,-0.08824120622979235
all,N2,NA,NA,276,0.11708866136222955
all,N2,NA,NA,279,0.03312787680040117
all,N2,NA,NA,282,0.2641724164653797
all,N2,NA,NA,285,0.024601970165476106
all,N2,NA,NA,288,0.07145402357683973
all,N2,NA,NA,291,-0.287992497009245
all,N2,NA,NA,294,-0.007240437706247896
all,N2,NA,NA,297,0.13494522562638714
all,N2,NA,NA,300,0.33628968719716346
all,N2,NA,NA,303,0.10065508989282586
all,N2,NA,NA,306,0.38573427137564587
all,N2,NA,NA,309,-0.4146157703835478
all,N2,NA,NA,312,0.18513724302252493
all,N2,NA,NA,315,0.12325448484862915
all,N2,NA,NA,318,-0.19254569829910526
all,N2,NA,NA,319,-0.5949062157061197
all,N2,NA,NA,321,0.1689202886484059
all,N2,NA,NA,324,0.08057590018781818
all,N2,NA,NA,327,-0.11395083882387443
all,N2,NA,NA,330,-0.15073296981186568
all,N2,NA,NA,333,-0.22089978010581177
all,N2,NA,NA,336,0.03411196656331151
all,N2,NA,NA,339,0.00795111605938248
all,N2,NA,NA,342,-0.15991437380310805
all,N2,NA,NA,348,0.42512610263984235
all,N2,NA,NA,351,-0.14852517880968602
all,N2,NA,NA,352,0.08864504129862089
all,N2,NA,NA,354,-0.08206963606804217
all,N2,NA,NA,357,-0.13518712679134845
all,N2,NA,NA,360,0.11428006588245172
all,N2,NA,NA,363,-0.05233972606425323
all,N2,NA,NA,366,-0.123883319778985
all,N2,NA,NA,369,0.1816990225280432
all,N2,NA,NA,372,-0.2680037051914859
all,N2,NA,NA,375,0.08710123575212565
all,N2,NA,NA,378,-0.07661383557089653
all,N2,NA,NA,381,0.03746668316776268
all,N2,NA,NA,384,-0.035716415058984236
all,N2,NA,NA,387,0.4959246631688421
all,N2,NA,NA,390,-0.027238416714516954
all,N2,NA,NA,393,-0.11419088292969297
all,N2,NA,NA,396,0.14048364706409686
all,N2,NA,NA,399,0.09717689265485484
all,N2,NA,NA,402,0.2297387140371974
all,N2,NA,NA,405,0.28416781540729197
all,N2,NA,NA,408,0.1360527204721593
all,N2,NA,NA,411,0.1697143811316226
all,N2,NA,NA,414,-0.43431061321653447
all,N2,NA,NA,417,-0.06970654953007108
all,N2,NA,NA,418,-0.38859235488733174
all,N2,NA,NA,420,-0.1480478082672362
all,N2,NA,NA,423,-0.3542538975998896
all,N2,NA,NA,426,-0.0905514478308708
all,N2,NA,NA,429,0.18031302062854834
all,N2,NA,NA,432,0.13566216799053116
all,N2,NA,NA,435,0.021747623839423146
all,N2,NA,NA,438,0.4114287993310055
all,N2,NA,NA,441,0.2513665464117559
all,N2,NA,NA,444,0.3512909910061426
all,N2,NA,NA,447,0.15253723391989393
all,N2,NA,NA,450,0.11223763249908866
all,N2,NA,NA,453,-0.541575168768736
all,N2,NA,NA,454,0.3106856988359685
all,N2,NA,NA,456,0.10153168598052162
all,N2,NA,NA,459,-0.007355787916995334
all,N2,NA,NA,462,0.14912933156894148
all,N2,NA,NA,465,-0.1419171941441331
all,N2,NA,NA,466,-0.03488234353226353
all,N2,NA,NA,468,-0.059517097432571796
all,N2,NA,NA,471,0.09212836870720559
all,N2,NA,NA,472,-0.13481977793819963
all,N2,NA,NA,474,-0.2877947275358621
all,N2,NA,NA,475,-0.0014063013294282817
all,N2,NA,NA,477,0.39212097337237756
all,N2,NA,NA,483,-0.20471765189754704
all,N2,NA,NA,486,0.20059826708769846
all,N2,NA,NA,487,-0.36988962641587114
all,N2,NA,NA,489,0.24125677648427749
all,N2,NA,NA,492,-0.3540998772101827
all,N2,NA,NA,495,0.46915503716122614
all,N2,NA,NA,498,0.2325451602191076
all,N2,NA,NA,501,0.09055102125636309
all,N2,NA,NA,504,0.28608660519005974
all,N2,NA,NA,505,0.06063957345121725
all,N2,NA,NA,507,-0.12346813065165653
all,N2,NA,NA,510,0.40155773482569673
all,N2,NA,NA,513,-0.13465961065588664
all,N2,NA,NA,516,-0.21471154423562072
all,N2,NA,NA,519,0.02454741803301422
all,N2,NA,NA,522,0.0016895776463301815
all,N2,NA,NA,525,0.27924271703055464
all,N2,NA,NA,528,0.1915248360562471
all,N2,NA,NA,531,0.117437533719689
all,N2,NA,NA,537,0.06798352278276104
all,N2,NA,NA,540,0.2177138062324675
all,N2,NA,NA,543,-0.39650945444719965
all,N2,NA,NA,546,0.18226726961192408
all,N2,NA,NA,549,0.14576207781428327
all,N2,NA,NA,552,-0.24751450867900454
all,N2,NA,NA,555,0.07935383107638559
all,N2,NA,NA,558,0.07382711132844012
all,N2,NA,NA,561,-0.2589285023827134
all,N2,NA,NA,564,-0.5228451696750106
all,N2,NA,NA,568,-0.04136090754748008
all,N2,NA,NA,570,0.0102111598987679
all,N2,NA,NA,573,0.04901745929833889
all,N2,NA,NA,576,-0.17740198711663563
all,N2,NA,NA,579,-0.00042844240797739223
all,N2,NA,NA,582,0.27957303795473476
all,N2,NA,NA,585,0.19464559580600008
all,N2,NA,NA,588,0.05934966244380892
all,N2,NA,NA,591,-0.018951971932726117
all,N2,NA,NA,594,-0.23456831429443176
all,N2,NA,NA,597,-0.11201301730715069
all,N2,NA,NA,600,-0.33112242619473653
all,N2,NA,NA,603,0.12303243575260603
all,N2,NA,NA,606,0.08947005654418894
all,N2,NA,NA,609,-0.25139879540369786
all,N2,NA,NA,612,0.136741324011789
all,N2,NA,NA,615,0.01677326348357111
all,N2,NA,NA,618,-0.1427502163048925
all,N2,NA,NA,621,-0.1422879674348065
all,N2,NA,NA,624,-0.024006587140387406
all,N2,NA,NA,627,-0.004219577376422155
all,N2,NA,NA,630,0.20261643026622614
all,N2,NA,NA,633,0.13369071971362592
all,N2,NA,NA,636,-0.14855719151991756
all,N2,NA,NA,639,-0.2572350361147319
all,N2,NA,NA,642,-0.02452787643856936
all,N2,NA,NA,645,0.35930457062313587
all,N2,NA,NA,648,0.40706754885204866
all,N2,NA,NA,651,-0.07956113372858184
all,N2,NA,NA,657,0.004313583919481463
all,N2,NA,NA,660,-0.1247128254919426
all,N2,NA,NA,663,0.1891691985871704
all,N2,NA,NA,666,0.4401471723729667
all,N2,NA,NA,669,0.030050583832947876
all,N2,NA,NA,670,-0.11793871526396735
all,N2,NA,NA,672,0.12445872390072102
all,N2,NA,NA,675,0.0043693176014988145
all,N2,NA,NA,678,-0.23843581374953543
all,N2,NA,NA,681,0.2882167640073941
all,N2,NA,NA,684,-0.02230867576786902
all,N2,NA,NA,687,0.3281315370871558
all,N2,NA,NA,690,-0.3060439894801368
all,N2,NA,NA,693,0.42279428835565386
all,N2,NA,NA,696,0.1163924637969106
all,N2,NA,NA,699,-0.06716182917778063
all,N2,NA,NA,702,-0.16044303638864155
all,N2,NA,NA,705,0.18078881305493177
all,N2,NA,NA,708,-0.07309949984627101
all,N2,NA,NA,711,-0.12610836781798118
all,N2,NA,NA,714,0.36634469020103877
all,N2,NA,NA,717,0.07011897385160985
all,N2,NA,NA,720,-0.3444307443651143
all,N2,NA,NA,726,-0.15096432233893975
all,N2,NA,NA,729,-0.03618158373105666
all,N2,NA,NA,732,0.16234878963508778
all,N2,NA,NA,735,0.08105679788832285
all,N2,NA,NA,738,0.27001717571718403
all,N2,NA,NA,741,0.20091227586465601
all,N2,NA,NA,744,0.216539021188772
all,N2,NA,NA,747,0.07143722525107718
all,N2,NA,NA,750,-0.23915266638922
all,N2,NA,NA,753,0.16785818535535887
all,N2,NA,NA,756,0.1276491927856607
all,N2,NA,NA,759,-0.1986199410988854
all,N2,NA,NA,762,-0.37182837123879225
all,N2,NA,NA,763,0.29981143031289553
all,N2,NA,NA,765,0.06703355285461302
all,N2,NA,NA,768,-0.18923569198416232
all,N2,NA,NA,771,0.12534815800797297
all,N2,NA,NA,774,0.09592044293899862
all,N2,NA,NA,777,-0.23496383881028093
all,N2,NA,NA,780,0.23944696850292332
all,N2,NA,NA,783,-0.1562032267181221
all,N2,NA,NA,786,-0.03716959176118734
all,N2,NA,NA,789,0.2707279719574926
all,N2,NA,NA,792,0.18403073151489552
all,N2,NA,NA,795,-0.28653585342293086
all,N2,NA,NA,798,0.41994762318544615
all,N2,NA,NA,801,0.1259737244058226
all,N2,NA,NA,802,0.2812992985284153
all,N2,NA,NA,804,0.19825116242868954
all,N2,NA,NA,807,-0.1417801473414962
all,N2,NA,NA,810,-0.019923236937983407
all,N2,NA,NA,813,-0.12612631330797752
all,N2,NA,NA,816,0.12156229853924615
all,N2,NA,NA,819,0.2594649356723027
all,N2,NA,NA,822,-0.10192788865428266
all,N2,NA,NA,825,-0.09307576126618816
all,N2,NA,NA,828,-0.02935304653186966
all,N2,NA,NA,831,0.2441531577706904
all,N2,NA,NA,834,0.0471395119837266
all,N2,NA,NA,837,0.030501116574115993
all,N2,NA,NA,840,-0.03354710752755272
all,N2,NA,NA,843,0.05654837966309051
all,N2,NA,NA,846,-0.1395223573351604
all,N2,NA,NA,847,-0.06338658358594917
all,N2,NA,NA,849,-0.17439812238015476
all,N2,NA,NA,852,0.28784293126269456
all,N2,NA,NA,855,0.14780328469600146
all,N2,NA,NA,858,-0.07124657071288973
all,N2,NA,NA,861,-0.0648139539241346
all,N2,NA,NA,862,-0.4011564141248288
all,N2,NA,NA,864,-0.2593431949917422
all,N2,NA,NA,867,-0.4169383422544267
all,N2,NA,NA,870,0.4022700780050476
all,N2,NA,NA,873,0.2670519866061837
all,N2,NA,NA,874,-0.3099198322251278
all,N2,NA,NA,876,-0.22679073613063327
all,N2,NA,NA,879,-0.4231695818688152
all,N2,NA,NA,882,-0.0846240132128174
all,N2,NA,NA,888,-0.14920989769980567
all,N2,NA,NA,891,0.2959045158040111
all,N2,NA,NA,894,-0.21713352468623515
all,N2,NA,NA,897,-0.1273440490296992
all,N2,NA,NA,898,0.25532683232189723
all,N2,NA,NA,900,-0.27195738180573603
all,N2,NA,NA,903,-0.0755331674602252
all,N2,NA,NA,906,0.2714883098393548
all,N2,NA,NA,909,-0.05680953370501486
all,N2,NA,NA,912,0.16384174479065963
all,N2,NA,NA,915,0.554469237379824
all,N2,NA,NA,918,-0.2048987551248942
all,N2,NA,NA,921,0.20530140946786185
all,N2,NA,NA,924,0.04467371265565333
all,N2,NA,NA,927,-0.1918873821117436
all,N2,NA,NA,930,-0.3062301728002541
all,N2,NA,NA,933,0.25105705744763934
all,N2,NA,NA,936,-0.17581284653835091
all,N2,NA,NA,939,0.15655609508743729
all,N2,NA,NA,942,-0.17981440869387855
all,N2,NA,NA,945,-0.10724747940309208
all,N2,NA,NA,948,-0.5557404582868347
all,N2,NA,NA,951,0.31333688124260295
all,N2,NA,NA,954,0.2769789449036934
all,N2,NA,NA,957,0.13428314253245288
all,N2,NA,NA,960,0.3228574541845473
all,N2,NA,NA,963,-0.07662228711603403
all,N2,NA,NA,966,0.08034612559822797
all,N2,NA,NA,969,0.0994702444698626
all,N2,NA,NA,972,-0.0018638419502013046
all,N2,NA,NA,975,-0.02595304729404115
all,N2,NA,NA,978,-0.0480621908398985
all,N2,NA,NA,979,0.09072104217901197
all,N2,NA,NA,981,0.07134170416975147
all,N2,NA,NA,984,-0.06454734044669275
all,N2,NA,NA,987,0.10419573673780005
all,N2,NA,NA,990,-0.4839421085830478
all,N2,NA,NA,993,0.05849349196843873
all,N2,NA,NA,996,-0.09510445680936974
all,N2,NA,NA,999,0.1804206824159709
all,N2,NA,NA,1002,0.07631583159127218
all,N2,NA,NA,1005,0.1322513040895164
all,N2,NA,NA,1008,0.15233927297396888
all,N2,NA,NA,1011,-0.012997844084546045
all,N2,NA,NA,1012,0.3055150477381746
all,N2,NA,NA,1014,-0.2154049608499212
all,N2,NA,NA,1017,0.0703681619873434
all,N2,NA,NA,1020,0.4093211395081844
all,N2,NA,NA,1023,0.49668182224625257
all,N2,NA,NA,1026,-0.007289117830962172
all,N2,NA,NA,1029,0.09082045585944516
all,N2,NA,NA,1032,0.2028028008711069
all,N2,NA,NA,1035,-0.23953540905213538
all,N2,NA,NA,1038,0.322657118893295
all,N2,NA,NA,1041,0.15383278667099481
all,N2,NA,NA,1044,0.04854863032711706
all,N2,NA,NA,1047,0.3584807122527102
all,N2,NA,NA,1050,0.015033325152029419
all,N2,NA,NA,1053,-0.11437741938024835
all,N2,NA,NA,1059,-0.031416265587081715
all,N2,NA,NA,1062,0.006186910612044981
all,N2,NA,NA,1065,-0.2443335898602763
all,N2,NA,NA,1068,-0.3469160176493843
all,N2,NA,NA,1071,0.13143150619285315
all,N2,NA,NA,1074,0.3015234969018804
all,N2,NA,NA,1077,-0.10435243079272664
all,N2,NA,NA,1080,0.019150367182451816
all,N2,NA,NA,1089,-0.01129806208195236
all,N2,NA,NA,1092,-0.024400937655116035
all,N2,NA,NA,1095,0.2802682134338393
all,N2,NA,NA,1098,-0.12012773532602689
all,N2,NA,NA,1101,0.003680003300653117
all,N2,NA,NA,1104,0.4382122793548429
all,N2,NA,NA,1107,-0.35350334784063614
all,N2,NA,NA,1108,-0.37146291448871527
all,N2,NA,NA,1110,0.03425762025505868
all,N2,NA,NA,1113,-0.16119378804639484
all,N2,NA,NA,1114,0.033893884047094064
all,N2,NA,NA,1116,0.16121816285014348
all,N2,NA,NA,1119,0.10393817180388365
all,N2,NA,NA,1122,0.07291236331750135
all,N2,NA,NA,1125,0.12386552363564308
all,N2,NA,NA,1128,0.11918728522328315
all,N2,NA,NA,1131,-0.2624475263036383
all,N2,NA,NA,1134,-0.2595442167349709
all,N2,NA,NA,1137,-0.10501578156469142
all,N2,NA,NA,1140,0.3153568241998978
all,N2,NA,NA,1143,0.40045975632861425
all,N2,NA,NA,1146,-0.15160632431233648
all,N2,NA,NA,1152,0.10465107753963235
all,N2,NA,NA,1155,0.07207207767891681
all,N2,NA,NA,1158,0.5298755959281736
all,N2,NA,NA,1161,0.41867524225317027
all,N2,NA,NA,1164,-0.2107404414918286
all,N2,NA,NA,1167,-0.22724070605352645
all,N2,NA,NA,1168,0.25125653599065007
all,N2,NA,NA,1170,0.167322429871236
all,N2,NA,NA,1173,-0.48730664834207316
all,N2,NA,NA,1176,0.12786626847899463
all,N2,NA,NA,1179,-0.2669851709031418
all,N2,NA,NA,1182,0.10635689071076021
all,N2,NA,NA,1185,0.08440434591028931
all,N2,NA,NA,1188,-0.12156386219884613
all,N2,NA,NA,1191,-0.023348633932720714
all,N2,NA,NA,1194,0.07795276015319062
all,N2,NA,NA,1197,0.3457453868762026
all,N2,NA,NA,1200,-0.03624215613780612
all,N2,NA,NA,1203,-0.2049936763317298
all,N2,NA,NA,1206,-0.2185352831355555
all,N2,NA,NA,1207,0.34772688338898794
all,N2,NA,NA,1209,-0.15888330299561434
all,N2,NA,NA,1212,-0.2065183138672106
all,N2,NA,NA,1215,-0.3327134129822927
all,N2,NA,NA,1218,0.055361415557946755
all,N2,NA,NA,1221,-0.08468982574957458
all,N2,NA,NA,1224,0.19673727778424918
all,N2,NA,NA,1227,-0.06075267392355865
all,N2,NA,NA,1230,0.24111148128064516
all,N2,NA,NA,1233,-0.26735888720016765
all,N2,NA,NA,1236,0.16077178202179418
all,N2,NA,NA,1239,0.10348135075094206
all,N2,NA,NA,1242,1.065180217467088
all,N2,NA,NA,1245,-0.07548614942341678
all,N2,NA,NA,1248,-0.08777643791200403
all,N2,NA,NA,1251,0.09853662718573478
all,N2,NA,NA,1254,-0.10392755866268867
all,N2,NA,NA,1257,-0.13870633684636485
all,N2,NA,NA,1258,-0.3172172481245171
all,N2,NA,NA,1260,-0.7000355836010158
all,N2,NA,NA,1263,0.16098043970866455
all,N2,NA,NA,1266,-0.17615974836467144
all,N2,NA,NA,1269,0.0755853768790181
all,N2,NA,NA,1272,0.286737199287398
all,N2,NA,NA,1275,-0.13387313377842947
all,N2,NA,NA,1276,0.044928137445206
all,N2,NA,NA,1278,0.13138020970171926
all,N2,NA,NA,1281,0.3135009710193749
all,N2,NA,NA,1282,-0.1688079714073384
all,N2,NA,NA,1284,-0.052433284351612194
all,N2,NA,NA,1287,-0.4137372214526156
all,N2,NA,NA,1288,0.6861865640612043
all,N2,NA,NA,1290,-0.043840209110060056
all,N2,NA,NA,1293,0.25589075700943287
all,N2,NA,NA,1296,-0.10689710252171337
all,N2,NA,NA,1299,-0.24373922814430543
all,N2,NA,NA,1302,0.37446472484401466
all,N2,NA,NA,1305,-0.26141792106569495
all,N2,NA,NA,1308,0.23122831333831517
all,N2,NA,NA,1309,0.3732035427232183
all,N2,NA,NA,1311,0.34455834755518183
all,N2,NA,NA,1317,0.34671173160331814
all,N2,NA,NA,1320,0.03140472456910435
all,N2,NA,NA,1323,-0.1444147875959676
all,N2,NA,NA,1326,0.1269944102848319
all,N2,NA,NA,1329,-0.5400645256287354
all,N2,NA,NA,1332,0.05631165485657243
all,N2,NA,NA,1335,0.17460515477439778
all,N2,NA,NA,1338,-0.2656563870607657
all,N2,NA,NA,1341,-0.49667718260473964
all,N2,NA,NA,1344,0.20899591350430688
all,N2,NA,NA,1347,0.4914709151334569
all,N2,NA,NA,1350,0.24892656036510402
all,N2,NA,NA,1353,0.12459076713367404
all,N2,NA,NA,1356,0.01922314768717273
all,N2,NA,NA,1359,-0.6958926467674657
all,N2,NA,NA,1362,0.220177618255608
all,N2,NA,NA,1365,-2.339041966676882
all,N2,NA,NA,1368,-4.488886649502579
all,N2,NA,NA,1371,-0.965207894638035
all,N2,NA,NA,1377,-1.9120273946626642
all,N2,NA,NA,1380,-0.4397877094372932
all,N2,NA,NA,1383,0.20546677439117478
all,N2,NA,NA,1386,-0.0348373010051897
all,N2,NA,NA,1389,-0.3428303055253754
all,N2,NA,NA,1392,-0.5666070907819551
all,N2,NA,NA,1395,0.35516585677248896
all,N2,NA,NA,1398,0.2503730609297336
all,N2,NA,NA,1404,0.5761670935166402
all,N2,NA,NA,1407,-1.3283594197001236
all,N2,NA,NA,1409,1.2171246322237805
all,N6,NA,NA,6,0.4031106430840117
all,N6,NA,NA,12,-0.5889514483026741
all,N6,NA,NA,18,-0.4048963458490426
all,N6,NA,NA,36,1.1655436455199897
all,N6,NA,NA,42,-0.9021230129708678
all,N6,NA,NA,49,-3.194360132193353
all,N6,NA,NA,54,-0.32007484144143944
all,N6,NA,NA,99,-0.7018137078544282
all,N6,NA,NA,114,0.3022334622306567
all,N6,NA,NA,132,0.4076875379825553
all,N6,NA,NA,156,0.05050603943826947
all,N6,NA,NA,162,-0.0709890483824592
all,N6,NA,NA,207,-0.04214926026887903
all,N6,NA,NA,228,0.16287428268966864
all,N6,NA,NA,234,0.8134958751410918
all,N6,NA,NA,237,0.5217393218850611
all,N6,NA,NA,240,0.15112284221294606
all,N6,NA,NA,255,-0.012786133860836768
all,N6,NA,NA,273,-0.3570870007408999
all,N6,NA,NA,285,0.7271292392320512
all,N6,NA,NA,291,0.16483335238073057
all,N6,NA,NA,300,-0.3835416264649854
all,N6,NA,NA,324,0.10723750267374992
all,N6,NA,NA,345,0.3809810744413081
all,N6,NA,NA,351,0.7498815056481445
all,N6,NA,NA,354,1.2017691243236281
all,N6,NA,NA,360,0.4571097546225175
all,N6,NA,NA,370,0.36855924244913335
all,N6,NA,NA,375,0.57445073369713
all,N6,NA,NA,393,0.21043783928242848
all,N6,NA,NA,396,-0.3752704725724473
all,N6,NA,NA,405,0.13341164804517974
all,N6,NA,NA,411,0.7649933008741461
all,N6,NA,NA,429,-0.41605735593757254
all,N6,NA,NA,456,1.0116722567332668
all,N6,NA,NA,474,0.32189469895269957
all,N6,NA,NA,477,1.3676385068170447
all,N6,NA,NA,483,0.6353165171843289
all,N6,NA,NA,489,-0.7216589826404594
all,N6,NA,NA,492,-0.42832432854713354
all,N6,NA,NA,504,0.2568638594630863
all,N6,NA,NA,516,-0.36754212793342733
all,N6,NA,NA,522,-0.7166151857486052
all,N6,NA,NA,540,0.2014060750234699
all,N6,NA,NA,552,0.44342991212857447
all,N6,NA,NA,561,0.5121159046074397
all,N6,NA,NA,564,-0.15619528196871832
all,N6,NA,NA,570,0.2552425174793768
all,N6,NA,NA,579,0.46150196405272814
all,N6,NA,NA,585,0.23691590092157389
all,N6,NA,NA,594,-0.9457944879180156
all,N6,NA,NA,597,0.396872145108948
all,N6,NA,NA,600,0.506095868481849
all,N6,NA,NA,603,0.3706549741109654
all,N6,NA,NA,633,-0.5902121831137832
all,N6,NA,NA,645,0.4769897582891366
all,N6,NA,NA,648,-0.3380918417040846
all,N6,NA,NA,660,0.3993386782643511
all,N6,NA,NA,666,0.5592773149846515
all,N6,NA,NA,669,-0.12472801306804071
all,N6,NA,NA,672,0.09731125613331916
all,N6,NA,NA,678,0.20124206372173745
all,N6,NA,NA,684,0.9539111962912372
all,N6,NA,NA,690,1.2338510995712102
all,N6,NA,NA,720,0.2762680422921617
all,N6,NA,NA,741,0.7319820944703962
all,N6,NA,NA,750,0.030370809396332965
all,N6,NA,NA,753,0.5830063137000202
all,N6,NA,NA,756,0.4239008319739897
all,N6,NA,NA,762,-0.7589567125988589
all,N6,NA,NA,765,0.5889158366145091
all,N6,NA,NA,775,0.07953689963285553
all,N6,NA,NA,777,0.08697051023737114
all,N6,NA,NA,783,-0.13059976333771797
all,N6,NA,NA,786,-0.0683499059960741
all,N6,NA,NA,798,-0.3026068953251551
all,N6,NA,NA,804,0.40340846537586933
all,N6,NA,NA,807,0.740952413266057
all,N6,NA,NA,828,0.23509599866211264
all,N6,NA,NA,849,0.13078482260959703
all,N6,NA,NA,861,0.6799728711461134
all,N6,NA,NA,864,-0.10868241667606031
all,N6,NA,NA,873,-0.03654363636167774
all,N6,NA,NA,909,0.44871624485180556
all,N6,NA,NA,924,-0.17490320335950366
all,N6,NA,NA,933,0.29541788880860353
all,N6,NA,NA,942,-0.2816632778484419
all,N6,NA,NA,951,0.3791744113479564
all,N6,NA,NA,963,0.2260253166486237
all,N6,NA,NA,975,-0.03864792225774013
all,N6,NA,NA,978,0.01080342415388812
all,N6,NA,NA,987,-0.2057290850540719
all,N6,NA,NA,1002,0.0032032930866998286
all,N6,NA,NA,1005,-0.9086038049175166
all,N6,NA,NA,1017,1.020387661102957
all,N6,NA,NA,1020,0.599683553825924
all,N6,NA,NA,1026,-0.1837388719722353
all,N6,NA,NA,1035,0.011678940184849168
all,N6,NA,NA,1041,-0.6767278487138875
all,N6,NA,NA,1047,-0.44282920946883325
all,N6,NA,NA,1062,0.06895705486564685
all,N6,NA,NA,1065,-0.01593456629581807
all,N6,NA,NA,1077,0.33436109644312123
all,N6,NA,NA,1086,0.5515077626579833
all,N6,NA,NA,1095,0.19029389006202438
all,N6,NA,NA,1107,0.9502546570502013
all,N6,NA,NA,1125,-0.7253584248247109
all,N6,NA,NA,1131,0.5033405162754565
all,N6,NA,NA,1140,-0.12696649383427902
all,N6,NA,NA,1152,-0.5784886795128477
all,N6,NA,NA,1155,-0.07679667791970403
all,N6,NA,NA,1167,0.34431761554344875
all,N6,NA,NA,1170,0.3248933129331467
all,N6,NA,NA,1176,0.7477656516814646
all,N6,NA,NA,1185,0.05123790974055595
all,N6,NA,NA,1188,-0.08924463085883645
all,N6,NA,NA,1194,-0.5642042198450744
all,N6,NA,NA,1221,0.3410924113712461
all,N6,NA,NA,1227,0.07847855350469823
all,N6,NA,NA,1233,-0.04147506113042892
all,N6,NA,NA,1251,0.6832812428050975
all,N6,NA,NA,1260,0.07376636602910039
all,N6,NA,NA,1263,-1.2829777182249826
all,N6,NA,NA,1272,0.6443639671489302
all,N6,NA,NA,1275,-0.716145678118369
all,N6,NA,NA,1284,0.03821789656243883
all,N6,NA,NA,1287,-0.18490052652091035
all,N6,NA,NA,1299,-0.15262257156043774
all,N6,NA,NA,1320,-3.1939660499192937
all,N6,NA,NA,1326,-1.2589985590198216
all,N6,NA,NA,1329,-0.573606349321647
all,N6,NA,NA,1332,-0.9862483521467893
all,N6,NA,NA,1338,-0.9884237447681297
all,N6,NA,NA,1365,0.9069840971217371
all,N6,NA,NA,1374,-2.10140234743849
all,N6,NA,NA,1380,-2.421544660532275
all,N8,NA,NA,6,-0.7946594782243411
all,N8,NA,NA,12,-0.03986370917783845
all,N8,NA,NA,15,0.1645960029724076
all,N8,NA,NA,33,0.06836026018577965
all,N8,NA,NA,48,0.43704157045101905
all,N8,NA,NA,49,0.5662582059847242
all,N8,NA,NA,63,0.30829449708799816
all,N8,NA,NA,78,0.43704251672599925
all,N8,NA,NA,129,0.1036529961900256
all,N8,NA,NA,141,0.3454179493379055
all,N8,NA,NA,153,0.007928209315872608
all,N8,NA,NA,171,0.6613093711391392
all,N8,NA,NA,174,0.2640442276807998
all,N8,NA,NA,180,-0.15334115851252575
all,N8,NA,NA,201,0.3964838614279703
all,N8,NA,NA,213,0.4277638555015913
all,N8,NA,NA,216,0.6498606201957617
all,N8,NA,NA,225,-1.841531919844049
all,N8,NA,NA,240,0.37428948868900175
all,N8,NA,NA,246,0.8235120463570585
all,N8,NA,NA,279,-0.2679234395836781
all,N8,NA,NA,303,0.26966636251101817
all,N8,NA,NA,306,0.18343437056290487
all,N8,NA,NA,309,0.46587008660446655
all,N8,NA,NA,315,0.40104836456874593
all,N8,NA,NA,324,-0.27267356809751797
all,N8,NA,NA,327,0.47794620139611543
all,N8,NA,NA,348,-0.3886280675774773
all,N8,NA,NA,369,0.3992347516044285
all,N8,NA,NA,378,0.31371214875794456
all,N8,NA,NA,384,0.3823013271721663
all,N8,NA,NA,387,0.07795444516706654
all,N8,NA,NA,393,0.1704218456954914
all,N8,NA,NA,408,0.48549271139994227
all,N8,NA,NA,444,1.111584529699853
all,N8,NA,NA,453,-0.3721325464802022
all,N8,NA,NA,465,0.1158242282229999
all,N8,NA,NA,477,1.0238229415737865
all,N8,NA,NA,504,0.3200713720326583
all,N8,NA,NA,507,0.4345308117345097
all,N8,NA,NA,513,0.20237816191719252
all,N8,NA,NA,555,0.21433275056494608
all,N8,NA,NA,558,0.05573894325375184
all,N8,NA,NA,582,0.5702872375518033
all,N8,NA,NA,621,0.21941459591663046
all,N8,NA,NA,648,0.3160308328313282
all,N8,NA,NA,660,0.3072815118801693
all,N8,NA,NA,675,-0.10671589133436214
all,N8,NA,NA,717,0.16049339167221946
all,N8,NA,NA,741,0.29501950566825824
all,N8,NA,NA,747,-0.39774159427421946
all,N8,NA,NA,762,0.3433660393108931
all,N8,NA,NA,771,0.8804437001075311
all,N8,NA,NA,777,1.181586724200554
all,N8,NA,NA,828,0.8518207695397194
all,N8,NA,NA,831,0.43666907668771837
all,N8,NA,NA,840,-0.3147305847821305
all,N8,NA,NA,861,0.7162534268289544
all,N8,NA,NA,873,0.2819666577256686
all,N8,NA,NA,879,0.4913804997069463
all,N8,NA,NA,888,0.28439419500250096
all,N8,NA,NA,894,0.6096710727053061
all,N8,NA,NA,897,-0.5172815242291574
all,N8,NA,NA,903,0.9794510335481468
all,N8,NA,NA,939,1.1159291566769438
all,N8,NA,NA,943,0.5258137677934233
all,N8,NA,NA,945,0.7205019663094162
all,N8,NA,NA,966,0.3726369919168786
all,N8,NA,NA,969,0.5052652430126687
all,N8,NA,NA,975,-0.681414492932747
all,N8,NA,NA,1014,0.5633843663487381
all,N8,NA,NA,1026,-0.363877831699398
all,N8,NA,NA,1029,0.21968905390227625
all,N8,NA,NA,1047,-0.49117529742851296
all,N8,NA,NA,1050,-0.03539621011976231
all,N8,NA,NA,1059,-0.4083437493841048
all,N8,NA,NA,1071,0.47387789991474394
all,N8,NA,NA,1083,-0.20547702173875504
all,N8,NA,NA,1104,0.3852289648412911
all,N8,NA,NA,1110,-0.3370393243827392
all,N8,NA,NA,1131,0.4133308724000822
all,N8,NA,NA,1143,0.6624898752963323
all,N8,NA,NA,1161,0.06917886266578983
all,N8,NA,NA,1170,0.041108028830221646
all,N8,NA,NA,1182,0.3276895935411272
all,N8,NA,NA,1185,0.22449345859907058
all,N8,NA,NA,1200,0.2609465784616184
all,N8,NA,NA,1203,-0.2987407737199408
all,N8,NA,NA,1227,0.6347050246532251
all,N8,NA,NA,1245,0.6420656113538935
all,N8,NA,NA,1254,0.8698579292662192
all,N8,NA,NA,1257,0.4344965165501154
all,N8,NA,NA,1290,0.31207121539965577
all,N8,NA,NA,1305,0.14093735926346154
all,N8,NA,NA,1314,0.5260451958312837
all,N8,NA,NA,1341,-0.33865952413555606
all,N8,NA,NA,1359,-1.238034508371854
all,N8,NA,NA,1374,-1.3231699452924335
all,N8,NA,NA,1380,-1.5639575830819368
all,N8,NA,NA,1383,-0.02824167032523567
all,N8,NA,NA,1386,-1.1185270151404045
all,N8,NA,NA,1389,-1.4664691057707409
all,N8,NA,NA,1401,-3.6675011257211456
all,N8,NA,NA,1404,-0.8513628581001451
all,N8,NA,NA,1407,-0.8563913805823609
all,N9,NA,NA,12,2.37824796612256
all,N9,NA,NA,30,1.0184649212155263
all,N9,NA,NA,39,1.7967335227789705
all,N9,NA,NA,42,0.9265687711199464
all,N9,NA,NA,438,-0.2910121653043491
all,N9,NA,NA,456,0.19221881880715766
all,N9,NA,NA,507,0.29207850920411216
all,N9,NA,NA,537,1.3400559748517409
all,N9,NA,NA,558,0.40584647079379554
all,N9,NA,NA,693,-0.05844136555327568
all,N9,NA,NA,768,0.8809348389076025
all,N9,NA,NA,807,0.7187429442885512
all,N9,NA,NA,825,0.7378152503274504
all,N9,NA,NA,975,-0.38171105509256953
all,N9,NA,NA,981,0.3289198581328761
all,N9,NA,NA,1020,0.9392938072275641
all,N9,NA,NA,1041,0.6882902354794671
all,N9,NA,NA,1062,0.6988032427044002
all,N9,NA,NA,1080,0.45066062497878573
all,N9,NA,NA,1098,0.27690049462423405
all,N9,NA,NA,1107,1.0690183932074775
all,N9,NA,NA,1110,0.09621306237063099
all,N9,NA,NA,1182,0.8737162565991913
all,N9,NA,NA,1251,-0.03302352241973434
all,N9,NA,NA,1269,0.9925574445316192
all,N9,NA,NA,1287,0.44054715891996654
all,N9,NA,NA,1326,0.17812911899849576
all,N9,NA,NA,1371,1.5493031581127554
all,all,MP,M1,27,-6.284415298259564
all,all,MP,M1,30,-0.2788783802548063
all,all,MP,M1,33,-0.7456927696184561
all,all,MP,M1,36,-0.20859816844263412
all,all,MP,M1,39,-0.8422023700512037
all,all,MP,M1,42,-0.5001995176713915
all,all,MP,M1,45,0.20365556042341262
all,all,MP,M1,48,0.25351728630310016
all,all,MP,M1,51,0.3337184386127131
all,all,MP,M1,54,-3.305535107964649
all,all,MP,M1,57,-5.254908945199588
all,all,MP,M1,60,-4.394111763057198
all,all,MP,M1,63,-1.8595618944139396
all,all,MP,M1,66,-3.9029832328084506
all,all,MP,M1,69,-0.5777974773345308
all,all,MP,M1,72,0.2079283373058518
all,all,MP,M1,75,-0.5044327983371967
all,all,MP,M1,78,-1.6419949285917443
all,all,MP,M1,79,-2.229796786835936
all,all,MP,M1,81,-1.1286858052112212
all,all,MP,M1,82,-0.5658748779955094
all,all,MP,M1,84,-0.5299150481145839
all,all,MP,M1,87,-0.2638428628328408
all,all,MP,M1,90,-0.6611043836469817
all,all,MP,M1,93,0.19463995013635796
all,all,MP,M1,96,-0.7342360642486848
all,all,MP,M1,99,0.0861711499119205
all,all,MP,M1,102,-0.046131139966026725
all,all,MP,M1,105,-0.1600725620311157
all,all,MP,M1,108,0.032472137838000584
all,all,MP,M1,111,0.08259080568357928
all,all,MP,M1,114,-0.4220594258946917
all,all,MP,M1,117,0.2305063911457348
all,all,MP,M1,120,-0.7691980743003084
all,all,MP,M1,123,0.1285844279032205
all,all,MP,M1,126,-0.12147689121136557
all,all,MP,M1,132,0.16810272125914688
all,all,MP,M1,136,0.02810532086897158
all,all,MP,M1,138,-0.5464016506812684
all,all,MP,M1,141,-1.633495696851307
all,all,MP,M1,144,-1.9030093048927295
all,all,MP,M1,145,-0.9520534210107171
all,all,MP,M1,147,-0.979644849656775
all,all,MP,M1,150,-0.29446679539287307
all,all,MP,M1,153,-0.7437126616716233
all,all,MP,M1,154,-0.2781653675481681
all,all,MP,M1,156,-2.989370198524373
all,all,MP,M1,159,-1.8158787355579629
all,all,MP,M1,162,-0.659172557866938
all,all,MP,M1,163,-0.24154020311731347
all,all,MP,M1,165,-0.9251341733933158
all,all,MP,M1,168,0.21943516160972054
all,all,MP,M1,171,-0.0773913302942571
all,all,MP,M1,174,-0.3056413135167002
all,all,MP,M1,177,0.26216436877719723
all,all,MP,M1,178,-0.3096710329292411
all,all,MP,M1,180,0.04580347983626454
all,all,MP,M1,183,0.3343695510618987
all,all,MP,M1,186,0.3713597677947838
all,all,MP,M1,189,0.293595226112732
all,all,MP,M1,192,0.27862862839077696
all,all,MP,M1,195,-2.43631213452182
all,all,MP,M1,198,-5.748147815509189
all,all,MP,M1,201,-1.914887246794232
all,all,MP,M1,204,-4.423296659338664
all,all,MP,M1,207,-1.1114525819085004
all,all,MP,M1,210,-0.5114014917811335
all,all,MP,M1,213,-1.5897134719512078
all,all,MP,M1,214,-3.6441814230260614
all,all,MP,M1,216,-0.5860606785744488
all,all,MP,M1,219,-1.9038772817523686
all,all,MP,M1,220,-3.248147692132206
all,all,MP,M1,222,-1.1615926487839818
all,all,MP,M1,225,-0.7448721588262481
all,all,MP,M1,228,-2.6106980123892307
all,all,MP,M1,229,-2.1516401070485474
all,all,MP,M1,231,-1.8358708853116512
all,all,MP,M1,232,-0.8195490801918237
all,all,MP,M1,234,0.568349444429981
all,all,MP,M1,237,0.14670655511274192
all,all,MP,M1,240,0.03870025192325662
all,all,MP,M1,243,-0.37768907699015875
all,all,MP,M1,246,0.06324876258308826
all,all,MP,M1,249,-0.06618446050008042
all,all,MP,M1,250,-0.18420004975638163
all,all,MP,M1,252,0.17794303777673767
all,all,MP,M1,255,0.29115828777195096
all,all,MP,M1,258,0.04335854640338077
all,all,MP,M1,261,0.07249140723239327
all,all,MP,M1,264,-0.17514329804219148
all,all,MP,M1,267,-0.1924201434725534
all,all,MP,M1,270,0.5951574514393282
all,all,MP,M1,273,0.3908200428991795
all,all,MP,M1,276,0.3982626465476579
all,all,MP,M1,282,-0.2812419683667734
all,all,MP,M1,283,-0.2596624961925914
all,all,MP,M1,285,-0.03737183592994709
all,all,MP,M1,288,0.09175150746816586
all,all,MP,M1,291,0.36165121221090896
all,all,MP,M1,294,-0.14586791827117962
all,all,MP,M1,295,0.21949733248855724
all,all,MP,M1,297,-0.06697527376749524
all,all,MP,M1,300,-0.08234245827457298
all,all,MP,M1,301,0.4791971532917477
all,all,MP,M1,303,-0.15598900345525152
all,all,MP,M1,306,0.1340716687100174
all,all,MP,M1,307,0.4131344861735684
all,all,MP,M1,309,0.43589332250696433
all,all,MP,M1,312,0.018533018900488987
all,all,MP,M1,313,-0.19850702010701846
all,all,MP,M1,315,-0.06263246536619727
all,all,MP,M1,318,-0.03768385150779188
all,all,MP,M1,321,0.5016412386758973
all,all,MP,M1,324,0.027476615666413094
all,all,MP,M1,327,0.23591081456007074
all,all,MP,M1,330,-0.1607425162700285
all,all,MP,M1,333,0.06268233322199825
all,all,MP,M1,336,0.3974463706601883
all,all,MP,M1,339,0.25938001023096424
all,all,MP,M1,342,0.10119738038183375
all,all,MP,M1,345,0.21462763050478087
all,all,MP,M1,348,0.08261644803494568
all,all,MP,M1,349,-0.0024017223290804042
all,all,MP,M1,351,-0.12560447479461054
all,all,MP,M1,354,-0.00047922517594338465
all,all,MP,M1,357,0.0891384058598221
all,all,MP,M1,360,0.23800705184704216
all,all,MP,M1,363,-0.09830529670317774
all,all,MP,M1,366,0.034558219364753305
all,all,MP,M1,369,-0.1355289036786917
all,all,MP,M1,372,-0.09822853497805839
all,all,MP,M1,375,0.19687845174912538
all,all,MP,M1,378,-0.06513719866957587
all,all,MP,M1,381,0.4179317016723517
all,all,MP,M1,387,0.022272869321288226
all,all,MP,M1,390,0.10753921036215171
all,all,MP,M1,393,0.7409266024967283
all,all,MP,M1,396,-0.016992120006305036
all,all,MP,M1,399,-0.1746536454900429
all,all,MP,M1,400,-0.20027408971992675
all,all,MP,M1,402,0.34555616259262206
all,all,MP,M1,408,0.04673726580351739
all,all,MP,M1,411,0.1243329493739529
all,all,MP,M1,414,0.22106640943415842
all,all,MP,M1,417,0.23593394462535486
all,all,MP,M1,420,0.43258578974979545
all,all,MP,M1,423,0.1343119813961732
all,all,MP,M1,426,0.1983728016854649
all,all,MP,M1,429,0.3513982436794099
all,all,MP,M1,430,0.11264276192336657
all,all,MP,M1,432,0.1676404464475718
all,all,MP,M1,435,-0.1340373481432948
all,all,MP,M1,436,0.25414189326398384
all,all,MP,M1,438,0.029131511174732495
all,all,MP,M1,441,0.13942288644864353
all,all,MP,M1,444,0.23855858631792162
all,all,MP,M1,447,0.0975048818617013
all,all,MP,M1,450,0.18293565391724312
all,all,MP,M1,453,0.20505600405028335
all,all,MP,M1,456,0.0184857473236459
all,all,MP,M1,459,-0.04451266029145905
all,all,MP,M1,462,0.3540677493771069
all,all,MP,M1,465,-0.10182480026330953
all,all,MP,M1,468,0.24619690332631305
all,all,MP,M1,471,-0.028378578544196686
all,all,MP,M1,474,-0.19793642657166655
all,all,MP,M1,477,0.07588742871850031
all,all,MP,M1,478,0.2421142468001244
all,all,MP,M1,480,-0.3250950273849688
all,all,MP,M1,483,0.3040843689333334
all,all,MP,M1,486,0.09919731841147213
all,all,MP,M1,487,0.46533392890359876
all,all,MP,M1,489,-0.20609233049417902
all,all,MP,M1,492,0.15963891310464348
all,all,MP,M1,498,0.39309977354786524
all,all,MP,M1,501,0.2715150643194358
all,all,MP,M1,504,-0.019809221395535138
all,all,MP,M1,507,0.4437798594052913
all,all,MP,M1,510,0.2358395755177198
all,all,MP,M1,513,0.24520715309577917
all,all,MP,M1,514,-0.0038194229384308706
all,all,MP,M1,516,0.13445405440299932
all,all,MP,M1,519,0.0764583639379107
all,all,MP,M1,520,-1.0585146138929806
all,all,MP,M1,522,-0.03283460659320838
all,all,MP,M1,525,0.20377699298628438
all,all,MP,M1,528,0.04593512173286801
all,all,MP,M1,531,-0.47423101989870603
all,all,MP,M1,532,-0.2312263131594025
all,all,MP,M1,534,0.3624841586763473
all,all,MP,M1,540,0.5077179811805138
all,all,MP,M1,541,0.03510123145370539
all,all,MP,M1,543,0.17343222318618293
all,all,MP,M1,546,0.129444841373021
all,all,MP,M1,549,0.3794140596332011
all,all,MP,M1,552,0.4017771562164043
all,all,MP,M1,555,0.3883611054587217
all,all,MP,M1,558,0.23232303951148117
all,all,MP,M1,561,0.06328512179358667
all,all,MP,M1,564,0.4391002581150759
all,all,MP,M1,570,-0.01031779450203632
all,all,MP,M1,573,0.06667805582751743
all,all,MP,M1,576,0.08430508837097647
all,all,MP,M1,579,0.3013346704983635
all,all,MP,M1,582,0.3613058064447696
all,all,MP,M1,585,-0.2648187899426041
all,all,MP,M1,588,0.10883506575220714
all,all,MP,M1,591,0.061969336655628184
all,all,MP,M1,594,0.2850522363339429
all,all,MP,M1,597,-0.4392298637539093
all,all,MP,M1,600,0.005031929300182925
all,all,MP,M1,603,0.010882138809125946
all,all,MP,M1,606,0.3602176547836298
all,all,MP,M1,612,-0.007550176810456749
all,all,MP,M1,615,0.3529184781294019
all,all,MP,M1,618,0.04689777654090242
all,all,MP,M1,621,0.049743690486588034
all,all,MP,M1,624,-0.33938516376470285
all,all,MP,M1,627,-0.03930266504278616
all,all,MP,M1,628,-0.19914964953561076
all,all,MP,M1,630,-0.08395129381342879
all,all,MP,M1,633,0.021649000592544834
all,all,MP,M1,639,0.18689263413108181
all,all,MP,M1,642,-0.07557150311632033
all,all,MP,M1,645,-0.007191440778568457
all,all,MP,M1,649,0.18824335310673945
all,all,MP,M1,651,-0.09968050731048472
all,all,MP,M1,654,0.2203270462619412
all,all,MP,M1,657,0.12205224167142925
all,all,MP,M1,660,0.16515173769949323
all,all,MP,M1,663,0.2746687561569029
all,all,MP,M1,666,0.3878937394340548
all,all,MP,M1,669,-0.08046991490596657
all,all,MP,M1,672,0.6038854946292779
all,all,MP,M1,675,-0.16852546357362785
all,all,MP,M1,678,0.23071757434204565
all,all,MP,M1,681,0.08516500471730966
all,all,MP,M1,684,-0.18078308679797628
all,all,MP,M1,685,-0.030311739581218772
all,all,MP,M1,687,-0.17169300349868846
all,all,MP,M1,688,-1.8216824323403527
all,all,MP,M1,690,0.08738799027852921
all,all,MP,M1,693,-0.3151480530660988
all,all,MP,M1,696,-0.4960989530077105
all,all,MP,M1,699,-0.8234290485215424
all,all,MP,M1,702,-2.7546498493446374
all,all,MP,M1,705,-5.099528176327616
all,all,MP,M1,708,0.1315028310390175
all,all,MP,M1,709,-1.814080415220465
all,all,MP,M1,711,-0.005655786798270442
all,all,MP,M1,714,-5.833650263655855
all,all,MP,M2,760,-0.1181783369709219
all,all,MP,M2,761,-0.5977562209509754
all,all,MP,M2,763,-0.37674130225457475
all,all,MP,M2,766,-0.3667436160301373
all,all,MP,M2,769,-0.2752629195312736
all,all,MP,M2,772,0.3341756878033532
all,all,MP,M2,775,0.15441539018784015
all,all,MP,M2,778,-0.13699227982094242
all,all,MP,M2,781,0.22597104000655321
all,all,MP,M2,784,-0.2079047352042689
all,all,MP,M2,787,-0.20133413600620198
all,all,MP,M2,790,-0.17972353637770588
all,all,MP,M2,793,-0.10054357088552439
all,all,MP,M2,794,-0.8385539848983514
all,all,MP,M2,796,-3.5267736774001213
all,all,MP,M2,799,-4.5532179636475005
all,all,MP,M2,800,-0.10848314462116573
all,all,MP,M2,802,-2.4302827555848587
all,all,MP,M2,805,-0.7025893018899443
all,all,MP,M2,806,-0.34015057720354885
all,all,MP,M2,808,0.13097699288882392
all,all,MP,M2,814,-0.3142731259660867
all,all,MP,M2,817,-0.5242839537954568
all,all,MP,M2,820,-2.795977781638502
all,all,MP,M2,823,-0.0032897122570030744
all,all,MP,M2,826,-2.6151408273448573
all,all,MP,M2,829,-0.2025984960492097
all,all,MP,M2,832,-0.8014008411219256
all,all,MP,M2,835,-1.8533340867450634
all,all,MP,M2,838,0.3409906075261328
all,all,MP,M2,841,-0.18073119343988125
all,all,MP,M2,844,-0.6331883864864253
all,all,MP,M2,845,-1.1927460315702896
all,all,MP,M2,847,-1.7138493224232891
all,all,MP,M2,850,-0.5952738387383896
all,all,MP,M2,853,-1.0152114333019038
all,all,MP,M2,856,-1.664528030333509
all,all,MP,M2,859,-1.8009940500665933
all,all,MP,M2,862,-0.2606703166827146
all,all,MP,M2,863,-0.8815823081763284
all,all,MP,M2,865,-0.010066714908690497
all,all,MP,M2,868,-1.0061371270918809
all,all,MP,M2,869,-0.11570621334050303
all,all,MP,M2,871,-0.7733841192053588
all,all,MP,M2,874,-0.2173600355153917
all,all,MP,M2,877,-1.2537357489489842
all,all,MP,M2,880,-0.9240770715523782
all,all,MP,M2,883,-1.5639709077014483
all,all,MP,M2,886,-0.3512862823790166
all,all,MP,M2,889,0.3673213841764872
all,all,MP,M2,892,-0.20998969216643915
all,all,MP,M2,895,-0.4617251502189655
all,all,MP,M2,898,-0.9001345516718651
all,all,MP,M2,901,-0.08660164141387303
all,all,MP,M2,905,-1.7578047332025843
all,all,MP,M2,907,-3.867082048248261
all,all,MP,M2,910,-0.23888139004391365
all,all,MP,M2,913,0.14096244591471585
all,all,MP,M2,916,-0.13366312353804227
all,all,MP,M2,917,-2.374613662980304
all,all,MP,M2,919,-1.3551611640203673
all,all,MP,M2,922,-1.3622173110727196
all,all,MP,M2,925,0.09568608480934356
all,all,MP,M2,928,-1.958803410851466
all,all,MP,M2,931,-1.6685937585197423
all,all,MP,M2,934,-1.020689953132922
all,all,MP,M2,937,-0.38489179414124153
all,all,MP,M2,940,-0.23517422017592912
all,all,MP,M2,943,-1.1656945589380099
all,all,MP,M2,946,-1.9719654582244488
all,all,MP,M2,949,-4.337922441691372
all,all,MP,M2,952,-0.02026743495076902
all,all,MP,M2,955,-0.9265752278012295
all,all,MP,M2,958,-1.4055878661322607
all,all,MP,M2,961,-1.7414115717184893
all,all,MP,M2,964,-3.66133899381902
all,all,MP,M2,967,-2.9568122980320144
all,all,MP,M2,970,-1.7608991740171804
all,all,MP,M2,973,-0.10850914904433595
all,all,MP,M2,974,-0.2873099848232997
all,all,MP,M2,976,-0.18554121594683412
all,all,MP,M2,979,-1.249445840542639
all,all,MP,M2,981,-3.4372452150255763
all,all,MP,M2;M1,6,0.23461159333165063
all,all,MP,M2;M1,9,-1.6551297736723722
all,all,MP,M2;M1,10,-1.1648077278106839
all,all,MP,M2;M1,12,0.6714054708948033
all,all,MP,M2;M1,15,-0.49810359415161437
all,all,MP,M2;M1,18,-2.1400551069497307
all,all,MP,M2;M1,21,-0.7772023715837598
all,all,MP,M2;M1,24,-2.1293448659180836
all,all,MP,M2;M1,727,-1.0429572362025898
all,all,MP,M2;M1,742,-0.7209656370405444
all,all,NP,NP,6,-1.5740462120796281
all,all,NP,NP,9,-0.19019424964747897
all,all,NP,NP,12,-0.47188329492282777
all,all,NP,NP,15,-2.2565102840196407
all,all,NP,NP,18,-4.554195831154937
all,all,NP,NP,21,-1.5101473171351427
all,all,NP,NP,22,-2.144481595086182
all,all,NP,NP,24,-1.1712222945993636
all,all,NP,NP,27,-0.3467640182018332
all,all,NP,NP,30,0.014047658466161017
all,all,NP,NP,33,0.03355340990526043
all,all,NP,NP,36,-0.08393702470344064
all,all,NP,NP,42,0.10477547472851746
all,all,NP,NP,45,-0.22556056298032878
all,all,NP,NP,48,-0.18557963161204874
all,all,NP,NP,51,0.20227432964225406
all,all,NP,NP,54,0.23740652281492847
all,all,NP,NP,57,-2.057767861090706
all,all,NP,NP,60,-1.0782368315159745
all,all,NP,NP,63,-0.04070207373066203
all,all,NP,NP,66,0.033467262206760356
all,all,NP,NP,69,-0.01802434456604617
all,all,NP,NP,72,0.026764278913943597
all,all,NP,NP,75,-0.4836405466595538
all,all,NP,NP,76,-0.912076633970213
all,all,NP,NP,78,-0.09107331116523704
all,all,NP,NP,81,0.07980301255181271
all,all,NP,NP,84,0.3125507638221305
all,all,NP,NP,87,0.015477157766819797
all,all,NP,NP,90,-0.15706103088908044
all,all,NP,NP,91,0.07788960116287195
all,all,NP,NP,93,-0.026630164816027167
all,all,NP,NP,99,0.0666486372983218
all,all,NP,NP,102,0.03611555269171315
all,all,NP,NP,105,0.2823820770264504
all,all,NP,NP,108,-0.04746553623321935
all,all,NP,NP,111,-0.03576573949806255
all,all,NP,NP,112,0.12641465672726118
all,all,NP,NP,114,-0.11152150043332645
all,all,NP,NP,117,0.37119765503024377
all,all,NP,NP,120,-0.13361107768179076
all,all,NP,NP,123,-0.32154455886908484
all,all,NP,NP,126,-0.12506675272275658
all,all,NP,NP,132,0.15105925499366066
all,all,NP,NP,135,-0.022579379266513665
all,all,NP,NP,138,-0.23686585651220804
all,all,NP,NP,139,-0.5313699513486234
all,all,NP,NP,141,0.017427019998979644
all,all,NP,NP,144,-0.2130002071524601
all,all,NP,NP,147,-0.4325955675723335
all,all,NP,NP,150,0.08944615191903721
all,all,NP,NP,153,-0.061804229526369506
all,all,NP,NP,156,0.10772650912897068
all,all,NP,NP,159,0.2559358847804668
all,all,NP,NP,162,0.10459751978601262
all,all,NP,NP,163,0.12050908114306401
all,all,NP,NP,165,0.4901070996763601
all,all,NP,NP,166,0.006037422111276017
all,all,NP,NP,168,-0.10144998049450606
all,all,NP,NP,171,-0.014527661710633891
all,all,NP,NP,174,-0.02462120336988742
all,all,NP,NP,177,-0.2245865222721778
all,all,NP,NP,180,0.016810084343915233
all,all,NP,NP,181,0.28569180865605137
all,all,NP,NP,183,0.10805897605053301
all,all,NP,NP,186,0.07864183954836615
all,all,NP,NP,189,-0.2539208402436704
all,all,NP,NP,192,0.06184875932994166
all,all,NP,NP,195,-0.0604731927930273
all,all,NP,NP,201,0.02481053059626071
all,all,NP,NP,204,-0.03905571157949014
all,all,NP,NP,207,0.08699697354679307
all,all,NP,NP,210,0.17759397997440868
all,all,NP,NP,213,0.11859751435749803
all,all,NP,NP,216,0.06612584425022379
all,all,NP,NP,219,-0.042102814574304065
all,all,NP,NP,220,0.3675242702756059
all,all,NP,NP,222,-0.28627267921892136
all,all,NP,NP,223,-0.2437379429471159
all,all,NP,NP,225,-0.05734340961632417
all,all,NP,NP,228,0.21577255466468315
all,all,NP,NP,231,-0.048937761259287844
all,all,NP,NP,234,-0.22694623096648225
all,all,NP,NP,235,0.2165031064834711
all,all,NP,NP,237,-0.07059506866419199
all,all,NP,NP,240,-0.09804688594909874
all,all,NP,NP,243,-0.03632617809852302
all,all,NP,NP,246,0.03502797669018751
all,all,NP,NP,249,0.22405158343265003
all,all,NP,NP,252,0.3025914701091629
all,all,NP,NP,255,0.18107161003642805
all,all,NP,NP,258,0.08664210995399431
all,all,NP,NP,261,0.4283640400054717
all,all,NP,NP,264,-0.22547334209234818
all,all,NP,NP,267,0.31470354426417874
all,all,NP,NP,270,-1.2750847997847317
all,all,NP,NP,273,0.2330891496462298
all,all,NP,NP,276,0.09218650511761985
all,all,NP,NP,279,-0.049231263150759305
all,all,NP,NP,282,0.1808726411299022
all,all,NP,NP,285,0.06182325654929086
all,all,NP,NP,288,-0.18846067267240676
all,all,NP,NP,291,-0.2856175289256718
all,all,NP,NP,292,0.6145535616159887
all,all,NP,NP,294,-0.21448822786055088
all,all,NP,NP,295,0.2948174163297222
all,all,NP,NP,297,-0.3534751046306962
all,all,NP,NP,298,0.8028813396585955
all,all,NP,NP,300,0.11539185263947886
all,all,NP,NP,303,-0.015277650473199803
all,all,NP,NP,306,0.11225731884910424
all,all,NP,NP,309,0.07275109589669151
all,all,NP,NP,315,-0.21577255452526142
all,all,NP,NP,316,0.06490473460353423
all,all,NP,NP,318,-0.30182430288896606
all,all,NP,NP,321,0.07573025617906026
all,all,NP,NP,322,-0.052868361186029694
all,all,NP,NP,324,-0.017633788301495264
all,all,NP,NP,327,-0.08994836837361098
all,all,NP,NP,328,-0.11238473140201465
all,all,NP,NP,330,-0.14602445987962298
all,all,NP,NP,333,0.34230833772040103
all,all,NP,NP,336,0.09709571860885276
all,all,NP,NP,339,0.12359270253263488
all,all,NP,NP,342,-0.03288794316435914
all,all,NP,NP,345,0.11578607920834356
all,all,NP,NP,348,-0.08633908618953197
all,all,NP,NP,349,-0.19216013889535208
all,all,NP,NP,351,-0.0956976433601539
all,all,NP,NP,352,0.08463873553147351
all,all,NP,NP,354,0.12268338846652786
all,all,NP,NP,357,0.1910077446906821
all,all,NP,NP,363,-0.1409908938695613
all,all,NP,NP,366,-0.09715574332306205
all,all,NP,NP,369,0.2762998921431067
all,all,NP,NP,372,0.12643917217864453
all,all,NP,NP,375,0.048269329067600966
all,all,NP,NP,378,0.08835455062720651
all,all,NP,NP,381,0.04460614550473052
all,all,NP,NP,384,-0.05688872259479962
all,all,NP,NP,387,0.09524866923399948
all,all,NP,NP,390,-0.01281588546067409
all,all,NP,NP,393,-0.07961835016258616
all,all,NP,NP,396,-0.042122437009887104
all,all,NP,NP,397,0.2966344565325745
all,all,NP,NP,399,-0.1971083926339291
all,all,NP,NP,402,-0.05008552969389019
all,all,NP,NP,405,0.08146623184982152
all,all,NP,NP,406,0.682498737325296
all,all,NP,NP,408,0.07958187779062716
all,all,NP,NP,414,0.18446146081362408
all,all,NP,NP,420,0.15773120520093065
all,all,NP,NP,423,0.0057512624598901425
all,all,NP,NP,426,0.3575344796348112
all,all,NP,NP,427,0.21530637301693073
all,all,NP,NP,429,0.06916097011597659
all,all,NP,NP,432,0.4153097707188003
all,all,NP,NP,435,0.051076431681471274
all,all,NP,NP,438,0.2648513829280148
all,all,NP,NP,441,0.22207509292408298
all,all,NP,NP,444,-0.03984918667132062
all,all,NP,NP,447,-0.058966834265762144
all,all,NP,NP,448,0.23426422542738348
all,all,NP,NP,450,0.1559591027939554
all,all,NP,NP,453,-0.15877693421166544
all,all,NP,NP,454,-0.13979623825178356
all,all,NP,NP,456,-0.3018045452613203
all,all,NP,NP,459,-0.0799951048543645
all,all,NP,NP,460,0.5416175014629766
all,all,NP,NP,462,-0.024684802363064955
all,all,NP,NP,465,0.049532584863216086
all,all,NP,NP,466,0.09068797595316959
all,all,NP,NP,468,0.3236189061512097
all,all,NP,NP,471,0.2416355693210269
all,all,NP,NP,474,-0.04102092352585236
all,all,NP,NP,480,0.0889222169658159
all,all,NP,NP,483,-0.043518142377696155
all,all,NP,NP,484,0.1713122100398084
all,all,NP,NP,486,-0.06449654187144338
all,all,NP,NP,492,0.29877993657647856
all,all,NP,NP,495,-0.3857107524951564
all,all,NP,NP,496,-0.5917137153849512
all,all,NP,NP,498,0.024485054275405954
all,all,NP,NP,504,-0.09742105651202076
all,all,NP,NP,507,0.05052008157310869
all,all,NP,NP,510,-0.06628066299068187
all,all,NP,NP,513,-0.1886853137396942
all,all,NP,NP,516,0.353994844213387
all,all,NP,NP,519,-0.06433131743027667
all,all,NP,NP,520,0.4039932128819924
all,all,NP,NP,522,-0.24824549180182764
all,all,NP,NP,523,0.47814792383257154
all,all,NP,NP,525,-0.012587424354013214
all,all,NP,NP,528,0.48118172033835244
all,all,NP,NP,531,0.0775803758933184
all,all,NP,NP,534,0.11835156161234213
all,all,NP,NP,537,-0.04953998937220164
all,all,NP,NP,540,-0.19244086198759527
all,all,NP,NP,543,0.09062501123538337
all,all,NP,NP,546,0.15390809570915726
all,all,NP,NP,549,-0.049830827723281464
all,all,NP,NP,552,-0.012873897778343503
all,all,NP,NP,555,0.2831766969810961
all,all,NP,NP,558,0.07609251793489799
all,all,NP,NP,561,0.33410824151050134
all,all,NP,NP,564,0.12418291986385173
all,all,NP,NP,567,-1.1188831394967593
all,all,NP,NP,570,0.10042141749839277
all,all,NP,NP,576,0.16457742399524042
all,all,NP,NP,577,-0.3449989208415675
all,all,NP,NP,579,0.26008844582744434
all,all,NP,NP,582,-0.2089003823599088
all,all,NP,NP,583,-0.26677784457193016
all,all,NP,NP,585,-0.0033062079881318687
all,all,NP,NP,591,0.1934164000654623
all,all,NP,NP,594,0.01839921506724914
all,all,NP,NP,595,0.17868902364672284
all,all,NP,NP,597,0.06582676277156677
all,all,NP,NP,600,0.06769608885444672
all,all,NP,NP,603,0.01336266476021479
all,all,NP,NP,606,0.1387181763086699
all,all,NP,NP,609,-0.2352542034316518
all,all,NP,NP,610,-0.20357895325034486
all,all,NP,NP,612,0.5547399775848059
all,all,NP,NP,615,0.33464779233675507
all,all,NP,NP,618,0.23007060351404857
all,all,NP,NP,622,0.14317003753007793
all,all,NP,NP,624,-0.06940171875743437
all,all,NP,NP,627,-0.12020667184212222
all,all,NP,NP,630,0.04577470733297678
all,all,NP,NP,633,0.1072739973674145
all,all,NP,NP,636,0.4215283319395797
all,all,NP,NP,637,0.24939386766524396
all,all,NP,NP,639,-0.2110508117304847
all,all,NP,NP,640,0.5550079759758206
all,all,NP,NP,642,0.21855397392277806
all,all,NP,NP,645,-0.24485329745261858
all,all,NP,NP,646,-0.3707612667673456
all,all,NP,NP,648,-0.009140365905357273
all,all,NP,NP,651,0.11564192759461767
all,all,NP,NP,654,0.03711924550256012
all,all,NP,NP,657,0.08270379212559807
all,all,NP,NP,660,-0.5252102552683581
all,all,NP,NP,661,0.3605482840550039
all,all,NP,NP,663,-0.1678695592373591
all,all,NP,NP,669,0.16477359799627703
all,all,NP,NP,672,-0.09830798768943697
all,all,NP,NP,675,0.13602265741561326
all,all,NP,NP,678,-0.0226036681286301
all,all,NP,NP,681,0.1604716966958805
all,all,NP,NP,684,0.21112503467522944
all,all,NP,NP,687,0.0383031849941541
all,all,NP,NP,690,0.09543133776749353
all,all,NP,NP,693,-0.1663916184858807
all,all,NP,NP,696,-0.281446773139451
all,all,NP,NP,699,0.12874963154586855
all,all,NP,NP,702,-0.05427076069259853
all,all,NP,NP,705,0.012173034129455508
all,all,NP,NP,706,0.13122520581525285
all,all,NP,NP,708,-0.014228520734835867
all,all,NP,NP,711,-0.044686167480642226
all,all,NP,NP,717,0.12662319412335243
all,all,NP,NP,720,-0.18105659553798759
all,all,NP,NP,723,0.43288641474674366
all,all,NP,NP,726,0.006058797036343311
all,all,NP,NP,727,0.3019810760665499
all,all,NP,NP,729,-0.0710727074531782
all,all,NP,NP,732,-0.09950543844785548
all,all,NP,NP,735,-0.05192294117749077
all,all,NP,NP,736,0.029960762491590083
all,all,NP,NP,738,0.18668593329225505
all,all,NP,NP,741,0.10148382287307134
all,all,NP,NP,744,0.3560279682336949
all,all,NP,NP,747,0.4169302847323867
all,all,NP,NP,750,0.13055806296058553
all,all,NP,NP,753,-0.0058841058922712575
all,all,NP,NP,756,0.009810267131247944
all,all,NP,NP,759,-0.11493587650742647
all,all,NP,NP,762,0.004896512108152132
all,all,NP,NP,765,-0.03482230933838379
all,all,NP,NP,768,0.4699052144852116
all,all,NP,NP,771,0.07357341030440263
all,all,NP,NP,774,0.2245537983168886
all,all,NP,NP,775,-0.10745882550864483
all,all,NP,NP,777,0.1605651772328179
all,all,NP,NP,780,-0.12905931838061702
all,all,NP,NP,781,-0.12549205706379013
all,all,NP,NP,783,-0.1641796739627428
all,all,NP,NP,786,-0.049951141226692294
all,all,NP,NP,789,0.07672111182840244
all,all,NP,NP,790,0.36523996828231664
all,all,NP,NP,792,-0.045074240241948574
all,all,NP,NP,795,0.35131819800388625
all,all,NP,NP,796,-0.0023847918957586103
all,all,NP,NP,798,0.14669584993000584
all,all,NP,NP,799,0.16521384405516287
all,all,NP,NP,801,-0.06912429276228864
all,all,NP,NP,804,0.2551764681341748
all,all,NP,NP,807,-0.289177131160565
all,all,NP,NP,810,0.10423696865180919
all,all,NP,NP,813,0.1174169777748374
all,all,NP,NP,816,0.20439429069793916
all,all,NP,NP,819,-0.12868533140173316
all,all,NP,NP,822,-0.12674619482748645
all,all,NP,NP,825,0.10287686793429476
all,all,NP,NP,826,0.22715599470913672
all,all,NP,NP,828,0.033615973854997615
all,all,NP,NP,831,0.13797061702880675
all,all,NP,NP,834,-0.058803193706418955
all,all,NP,NP,837,-0.31144493889255526
all,all,NP,NP,840,-0.003792266825602264
all,all,NP,NP,843,-0.1100229522710092
all,all,NP,NP,846,-0.012032623382872032
all,all,NP,NP,849,-0.10221003602674043
all,all,NP,NP,852,0.27813403093395384
all,all,NP,NP,855,0.06004895287605892
all,all,NP,NP,858,0.14340308850925168
all,all,NP,NP,861,-0.0044037728102321195
all,all,NP,NP,864,0.24920735973086966
all,all,NP,NP,867,0.02343010536451047
all,all,NP,NP,870,0.2140162504523249
all,all,NP,NP,873,0.046028513742696515
all,all,NP,NP,876,0.01771821141839524
all,all,NP,NP,877,0.059896775417409634
all,all,NP,NP,879,0.42457254327235394
all,all,NP,NP,882,0.0023891016549263087
all,all,NP,NP,885,0.27310594755524176
all,all,NP,NP,888,0.184655855056535
all,all,NP,NP,891,-0.2795419581807493
all,all,NP,NP,892,-0.3537953509438806
all,all,NP,NP,894,-0.16110088538554398
all,all,NP,NP,897,0.2723108863224078
all,all,NP,NP,900,0.07021216737626233
all,all,NP,NP,903,0.0504968908308836
all,all,NP,NP,906,0.20306325751152327
all,all,NP,NP,909,0.28752914719144934
all,all,NP,NP,912,0.2931817787853516
all,all,NP,NP,915,-0.12393847743499986
all,all,NP,NP,916,0.31466094462825783
all,all,NP,NP,918,0.08438779336579018
all,all,NP,NP,921,-0.11077230474799932
all,all,NP,NP,924,0.016664538338981072
all,all,NP,NP,927,-0.01710984122890839
all,all,NP,NP,930,0.013602400677348256
all,all,NP,NP,933,-0.20063497953922654
all,all,NP,NP,936,0.11031604160391606
all,all,NP,NP,939,-0.06884304657120606
all,all,NP,NP,942,0.17332059902420754
all,all,NP,NP,943,-0.1440072797293374
all,all,NP,NP,945,0.07863022851318273
all,all,NP,NP,948,-0.22102505142558734
all,all,NP,NP,949,-0.7704078927454981
all,all,NP,NP,951,-0.13156395772248225
all,all,NP,NP,954,0.2305385361867952
all,all,NP,NP,957,0.16450411509377413
all,all,NP,NP,960,-0.07364366164064766
all,all,NP,NP,963,0.1379948784830856
all,all,NP,NP,966,-0.045008075516144656
all,all,NP,NP,969,-0.08523584097828804
all,all,NP,NP,972,0.24460579667214527
all,all,NP,NP,975,-0.06075171627351953
all,all,NP,NP,978,0.2782464344784328
all,all,NP,NP,981,0.03852866977622551
all,all,NP,NP,982,-0.18173956254963886
all,all,NP,NP,984,0.002158930915851731
all,all,NP,NP,987,0.20765277473383187
all,all,NP,NP,996,0.23179974256460198
all,all,NP,NP,999,0.22142529359426685
all,all,NP,NP,1002,0.3205841473321861
all,all,NP,NP,1005,-0.10082617251931947
all,all,NP,NP,1008,0.03936453933587884
all,all,NP,NP,1011,0.04115685510828772
all,all,NP,NP,1014,-0.05412810738110707
all,all,NP,NP,1017,-0.14556869121162969
all,all,NP,NP,1020,-0.10611756932875846
all,all,NP,NP,1021,-0.18872133009489436
all,all,NP,NP,1023,-0.2327525908407049
all,all,NP,NP,1024,-0.18294497667801535
all,all,NP,NP,1026,-0.01018025621042161
all,all,NP,NP,1027,-0.03860915070168371
all,all,NP,NP,1029,-0.045581728394445416
all,all,NP,NP,1030,-0.5107466578102606
all,all,NP,NP,1032,-0.14456963443339843
all,all,NP,NP,1035,0.2755946404246926
all,all,NP,NP,1038,0.02603211310043247
all,all,NP,NP,1041,0.1148870996352288
all,all,NP,NP,1042,-0.37118293373356953
all,all,NP,NP,1044,0.019389696409169377
all,all,NP,NP,1047,0.21736659112618967
all,all,NP,NP,1050,0.011098616006760598
all,all,NP,NP,1053,0.3880987572620315
all,all,NP,NP,1056,0.21598755008195428
all,all,NP,NP,1059,0.23598200621408522
all,all,NP,NP,1062,-0.13496480402607153
all,all,NP,NP,1063,0.4332465222900311
all,all,NP,NP,1065,0.02042644180222018
all,all,NP,NP,1068,0.12016032547010311
all,all,NP,NP,1071,-0.021991639762526192
all,all,NP,NP,1072,-0.26944951696741926
all,all,NP,NP,1074,0.023356588490508888
all,all,NP,NP,1077,0.20858887193074857
all,all,NP,NP,1080,-0.006951693201173591
all,all,NP,NP,1081,0.12073677898018602
all,all,NP,NP,1083,-0.07140836752505289
all,all,NP,NP,1086,0.053216490740905016
all,all,NP,NP,1089,0.32549375515355744
all,all,NP,NP,1092,-0.06732170385489995
all,all,NP,NP,1095,-0.003756683903780894
all,all,NP,NP,1098,0.18139396805368427
all,all,NP,NP,1101,0.009892296649053667
all,all,NP,NP,1104,0.15071851916468398
all,all,NP,NP,1107,0.1109907695887739
all,all,NP,NP,1110,0.058554583820506004
all,all,NP,NP,1113,0.03226829276441483
all,all,NP,NP,1116,0.10074166775093851
all,all,NP,NP,1119,0.20459408818707295
all,all,NP,NP,1125,0.11045656547171236
all,all,NP,NP,1128,0.04678631036328718
all,all,NP,NP,1131,0.12764747534841323
all,all,NP,NP,1134,0.0996318194176971
all,all,NP,NP,1135,0.12008620657547377
all,all,NP,NP,1137,-0.05816790947915863
all,all,NP,NP,1140,0.2034952023819879
all,all,NP,NP,1141,0.0988950503328176
all,all,NP,NP,1143,0.005616957849915144
all,all,NP,NP,1144,0.35768860672012226
all,all,NP,NP,1146,-0.02800510778265467
all,all,NP,NP,1149,-0.3254667408182418
all,all,NP,NP,1150,-0.9925540457863125
all,all,NP,NP,1152,0.21319229639312218
all,all,NP,NP,1155,-0.29580472807158076
all,all,NP,NP,1161,0.09475363077095536
all,all,NP,NP,1164,0.3008015827868511
all,all,NP,NP,1165,-0.23291858095580967
all,all,NP,NP,1167,0.010470799467192177
all,all,NP,NP,1170,-0.02311453429619323
all,all,NP,NP,1171,-0.23377551701550953
all,all,NP,NP,1173,0.041913212379120754
all,all,NP,NP,1176,-0.17782553432334477
all,all,NP,NP,1179,-0.008669042091304893
all,all,NP,NP,1182,0.14978021308232686
all,all,NP,NP,1185,0.03011431398262715
all,all,NP,NP,1188,0.09275626228366514
all,all,NP,NP,1191,0.1563601121432054
all,all,NP,NP,1194,-0.004808481151846369
all,all,NP,NP,1197,-0.036953764422841415
all,all,NP,NP,1198,0.1846594353606083
all,all,NP,NP,1200,-0.1282358395716581
all,all,NP,NP,1203,0.012092726708787383
all,all,NP,NP,1206,0.2686658214717464
all,all,NP,NP,1209,0.10619086813234269
all,all,NP,NP,1212,-0.09521187650308498
all,all,NP,NP,1215,0.21615846675002243
all,all,NP,NP,1218,-0.17594125586544096
all,all,NP,NP,1221,0.037929625525681084
all,all,NP,NP,1224,0.3331865169885829
all,all,NP,NP,1227,0.08074871396236795
all,all,NP,NP,1230,0.06962820750241475
all,all,NP,NP,1233,0.28020555997953317
all,all,NP,NP,1236,0.116552027267669
all,all,NP,NP,1239,0.2347781879986995
all,all,NP,NP,1242,0.03175409530028338
all,all,NP,NP,1245,-0.11763093615740866
all,all,NP,NP,1246,0.2133815686675825
all,all,NP,NP,1248,-0.1863595554043316
all,all,NP,NP,1251,0.047135489892772706
all,all,NP,NP,1254,0.02117847130447657
all,all,NP,NP,1257,0.2466811401078927
all,all,NP,NP,1260,0.3674047141817686
all,all,NP,NP,1263,-0.44643270300308546
all,all,NP,NP,1264,0.3807869925124869
all,all,NP,NP,1266,-0.15119006142476576
all,all,NP,NP,1269,-0.22779279568684493
all,all,NP,NP,1272,0.12772583490886255
all,all,NP,NP,1275,0.33061731679772144
all,all,NP,NP,1281,-0.03606688657059324
all,all,NP,NP,1284,0.14969008282193672
all,all,NP,NP,1287,0.15041952830504576
all,all,NP,NP,1290,0.1368120235214442
all,all,NP,NP,1293,-0.04325515696366566
all,all,NP,NP,1296,0.04395754065144904
all,all,NP,NP,1299,0.40147448512072453
all,all,NP,NP,1302,0.10233197270325267
all,all,NP,NP,1305,-0.11633670015378263
all,all,NP,NP,1306,-0.1177578195767648
all,all,NP,NP,1308,0.13071238181839678
all,all,NP,NP,1311,-0.06395611974028695
all,all,NP,NP,1314,0.07236761695940276
all,all,NP,NP,1317,0.17745471174019128
all,all,NP,NP,1321,0.06144124309275353
all,all,NP,NP,1323,0.07418502117650946
all,all,NP,NP,1326,0.014377490664634446
all,all,NP,NP,1329,-0.0022027086779192184
all,all,NP,NP,1332,0.14371225381420438
all,all,NP,NP,1335,0.6055689429500641
all,all,NP,NP,1336,-0.20970876911152833
all,all,NP,NP,1338,-0.04362650703359933
all,all,NP,NP,1347,-0.16710536115707
all,all,NP,NP,1350,-0.22706998547296875
all,all,NP,NP,1353,-0.1607862349631166
all,all,NP,NP,1354,0.522773697308628
all,all,NP,NP,1356,0.1842196605742212
all,all,NP,NP,1359,-0.12490012751353743
all,all,NP,NP,1362,-0.20042816484638695
all,all,NP,NP,1365,-0.519128521936611
all,all,NP,NP,1366,0.2522046146397609
all,all,NP,NP,1368,0.22971702367504598
all,all,NP,NP,1371,0.2561783594383333
all,all,NP,NP,1374,-0.3648956675001826
all,all,NP,NP,1375,0.8465911261767465
all,all,NP,NP,1377,0.2704270239562481
all,all,NP,NP,1380,-0.4501766969078139
all,all,NP,NP,1381,0.09600434203618108
all,all,NP,NP,1383,-1.1326456863676273
all,all,NP,NP,1386,-0.34876262215855786
all,all,NP,NP,1389,0.09640868279761998
all,all,NP,NP,1392,-2.068028015644689
all,all,NP,NP,1395,-5.678974722786318
all,all,NP,NP,1398,-0.05062475407307171
all,all,NP,NP,1401,-0.14555965291745082
all,all,NP,NP,1404,-1.1275057922604863
all,all,NP,NP,1407,-0.919329745944466
all,all,NP,NP,1410,-2.0977136357150847
all,all,NP,NP,1413,-0.820311494788447
all,all,NP,NP,1416,-2.812221072522605
all,all,NP,NP,1419,-3.7886859231795755
all,all,NP,NP,1422,-2.0164957658212264
all,all,NP,NP,1425,-3.2621963506624008
all,all,NP,NP,1428,-1.6570771358570942
all,all,NP,NP,1431,-2.168619730798322
all,all,NP,NP,1434,-0.6825408223033309
all,all,NP,NP,1437,-0.6381562681887117
all,all,NP,NP,1440,-0.2483582203029395
all,all,NP,NP,1446,0.36303996564770186
all,all,NP,NP,1449,0.3008158665548658
all,all,NP,NP,1452,0.082464270970149
all,all,NP,NP,1455,-0.08916302547356404
all,all,NP,NP,1458,-1.2959334260336828
all,all,NP,NP,1461,-1.0473862415465498
all,all,NP,NP,1464,-1.5903690190555786
all,all,NP,NP,1467,-0.9913046462522516
all,all,NP,NP,1470,-2.919962115138647
all,all,NP,NP,1473,-1.6135879198213412
all,all,NP,NP,1476,-0.6053490731695831
all,all,NP,NP,1479,-0.36258529931823896
all,all,NP,NP,1482,-0.1237343638101931
all,all,NP,NP,1485,0.35128314558388396
all,all,NP,NP,1488,0.2956976526207772
all,all,NP,NP,1491,-0.571892792750906
all,all,NP,NP,1494,-0.6575461927227135
all,all,NP,NP,1496,0.8298634449845947
all,all,NS,NEP,715,-0.13401264204057767
all,all,NS,NEP,718,0.023656108980502112
all,all,NS,NEP,721,0.41041317375742115
all,all,NS,NEP,722,0.48379623888788503
all,all,NS,NEP,724,0.22696889286514585
all,all,NS,NEP,727,-0.09379129707838997
all,all,NS,NEP,728,0.7783344830089077
all,all,NS,NEP,730,-0.23156105072560773
all,all,NS,NEP,731,-0.25315663592859156
all,all,NS,NEP,733,0.19546321388099347
all,all,NS,NEP,736,0.11270098355094701
all,all,NS,NEP,739,0.41175831150723446
all,all,NS,NEP,742,0.5945525981457157
all,all,NS,NEP,745,0.15454721645179317
all,all,NS,NEP,748,-0.01875804322149583
all,all,NS,NEP,751,0.18125950929249693
all,all,NS,NEP,754,0.23722997422992448
all,all,NS,NEP,757,-0.024157418721136345
all,all,NS,NEP,760,0.10362179186756851
all,all,NS,NEP,763,0.4602862361555057
all,all,NS,NEP,766,0.1522106633128854
all,all,NS,NEP,769,0.23630189591053874
all,all,NS,NEP,775,-0.7111900277912854
all,all,NS,NEP,778,0.17497100791146925
all,all,NS,NEP,779,-0.3890333373060024
all,all,NS,NEP,781,0.2825265390896583
all,all,NS,NEP,784,0.06069994407155259
all,all,NS,NEP,785,-0.6154763168204063
all,all,NS,NEP,787,-0.539766629951538
all,all,NS,NEP,788,0.08848014041244934
all,all,NS,NEP,790,-0.47122404037221854
all,all,NS,NEP,793,-1.8064755918590965
all,all,NS,NEP,796,0.47667290440569726
all,all,NS,NEP,799,0.15848330337069852
all,all,NS,NEP,802,0.1915715294753433
all,all,NS,NEP,805,-0.2576582352769459
all,all,NS,NEP,808,-0.6365708708516146
all,all,NS,NEP,811,-0.5473067196708523
all,all,NS,NEP,812,0.5024048837912423
all,all,NS,NEP,814,0.03805036817737326
all,all,NS,NEP,817,0.10158678461277112
all,all,NS,NEP,820,-0.12179229796095736
all,all,NS,NEP,823,0.22042684769687487
all,all,NS,NEP,826,-1.4004580327856047
all,all,NS,NEP,829,-2.1117254075771172
all,all,NS,NEP,832,-1.0028371271060268
all,all,NS,NEP,835,-0.5763528353417662
all,all,NS,NEP,837,0.8479061156247022
all,all,NS,NEP;NS1,6,0.32508083351906913
all,all,NS,NEP;NS1,9,1.299770965315981
all,all,NS,NEP;NS1,12,0.744786210869047
all,all,NS,NEP;NS1,15,0.36867961081489026
all,all,NS,NEP;NS1,18,-0.38948209509560994
all,all,NS,NEP;NS1,19,1.3122777678238293
all,all,NS,NEP;NS1,21,0.03517370974406587
all,all,NS,NEP;NS1,24,0.2713188140013733
all,all,NS,NEP;NS1,27,-0.057455184950394984
all,all,NS,NEP;NS1,30,-5.652037240987267
all,all,NS,NEP;NS1,592,-0.028512681624522626
all,all,NS,NEP;NS1,610,0.47198910029052427
all,all,NS,NEP;NS1,631,0.6174189445821485
all,all,NS,NEP;NS1,640,0.1856964531715558
all,all,NS,NS1,33,-2.4954760364580295
all,all,NS,NS1,36,0.45491224570308014
all,all,NS,NS1,39,0.3747243084549191
all,all,NS,NS1,42,-0.0453931383312673
all,all,NS,NS1,45,0.006304494344202605
all,all,NS,NS1,51,-0.040652313121652496
all,all,NS,NS1,54,-0.3016899319096246
all,all,NS,NS1,55,0.28350742780265004
all,all,NS,NS1,57,-1.078170552484462
all,all,NS,NS1,60,0.11745074057572628
all,all,NS,NS1,61,-0.316025442972788
all,all,NS,NS1,63,0.08927238637474731
all,all,NS,NS1,66,0.6106350989946403
all,all,NS,NS1,69,-0.28804462713538714
all,all,NS,NS1,72,-0.833090683536032
all,all,NS,NS1,75,-0.19746269967034033
all,all,NS,NS1,78,-0.2066817897069828
all,all,NS,NS1,79,0.01212470852049441
all,all,NS,NS1,81,-0.25266584136750625
all,all,NS,NS1,84,0.181396676564605
all,all,NS,NS1,87,-0.23883415611688544
all,all,NS,NS1,90,-0.3454070785741674
all,all,NS,NS1,93,0.15885455170533708
all,all,NS,NS1,96,0.042638354752707636
all,all,NS,NS1,97,-0.7097986210775946
all,all,NS,NS1,99,-0.1072584196608077
all,all,NS,NS1,102,-0.1773936867021279
all,all,NS,NS1,103,-0.40746863567685987
all,all,NS,NS1,105,-1.9080510518092053
all,all,NS,NS1,106,0.055399706808402185
all,all,NS,NS1,108,0.5435265289744459
all,all,NS,NS1,111,-1.147232355295922
all,all,NS,NS1,112,0.13828180569782608
all,all,NS,NS1,114,-0.19205867164348167
all,all,NS,NS1,117,0.187230830186605
all,all,NS,NS1,120,-0.08341604218957527
all,all,NS,NS1,123,0.0649300595420575
all,all,NS,NS1,126,0.2198119922789539
all,all,NS,NS1,127,0.18609381399935912
all,all,NS,NS1,129,0.3870934207075361
all,all,NS,NS1,130,0.73833621768868
all,all,NS,NS1,132,0.08502406194002148
all,all,NS,NS1,135,-0.14415240845856162
all,all,NS,NS1,136,0.018997589001349888
all,all,NS,NS1,138,0.0480281589202539
all,all,NS,NS1,141,-0.2515667437894612
all,all,NS,NS1,144,0.051327892842925465
all,all,NS,NS1,147,-0.04962472754651724
all,all,NS,NS1,150,-0.10323987962682162
all,all,NS,NS1,153,-0.16820022462076792
all,all,NS,NS1,154,-0.25331367565756197
all,all,NS,NS1,156,-0.1426734116560208
all,all,NS,NS1,159,0.4364169610736945
all,all,NS,NS1,162,0.03529701015711103
all,all,NS,NS1,165,0.13904550641480967
all,all,NS,NS1,168,0.3241876766171395
all,all,NS,NS1,171,0.23178734813746535
all,all,NS,NS1,174,0.2525250837423433
all,all,NS,NS1,177,0.27549435406739753
all,all,NS,NS1,180,0.19089957068358188
all,all,NS,NS1,183,0.20282072799571463
all,all,NS,NS1,186,0.033489545124810415
all,all,NS,NS1,189,0.17982099243287966
all,all,NS,NS1,192,0.4276598567649301
all,all,NS,NS1,195,-0.038849830073683596
all,all,NS,NS1,198,-0.1024274448902478
all,all,NS,NS1,199,-0.3381103858523197
all,all,NS,NS1,201,0.28840985784572903
all,all,NS,NS1,204,0.12271232196834399
all,all,NS,NS1,205,-0.31939035616437084
all,all,NS,NS1,207,0.19167509782222672
all,all,NS,NS1,210,0.28443362439348224
all,all,NS,NS1,213,0.019914615900034217
all,all,NS,NS1,216,0.1043862961715687
all,all,NS,NS1,219,0.3205810549521641
all,all,NS,NS1,222,0.15920510892193923
all,all,NS,NS1,225,0.07534870286651858
all,all,NS,NS1,228,0.10031935465491337
all,all,NS,NS1,231,0.44115369950504313
all,all,NS,NS1,234,-0.0034809076024120943
all,all,NS,NS1,240,-0.015491419961348873
all,all,NS,NS1,243,0.14405619074658463
all,all,NS,NS1,246,0.13031551993379517
all,all,NS,NS1,249,0.3062497752721043
all,all,NS,NS1,252,0.3406712768495185
all,all,NS,NS1,255,0.6540272734863254
all,all,NS,NS1,258,0.47967315469933247
all,all,NS,NS1,261,-0.16411262330340567
all,all,NS,NS1,262,0.04437198496635679
all,all,NS,NS1,264,0.36761337175841513
all,all,NS,NS1,267,0.03280931735272012
all,all,NS,NS1,268,0.1801961826448516
all,all,NS,NS1,270,-0.07185373777782841
all,all,NS,NS1,273,0.1439679331380008
all,all,NS,NS1,276,0.28732276177460875
all,all,NS,NS1,282,-0.2558459843223238
all,all,NS,NS1,285,0.3697318560990306
all,all,NS,NS1,288,-0.03282055445266521
all,all,NS,NS1,291,0.10152920369368804
all,all,NS,NS1,292,-0.08295138952057624
all,all,NS,NS1,294,-0.3153631033181145
all,all,NS,NS1,297,-0.057609885733010464
all,all,NS,NS1,298,0.5306877150562003
all,all,NS,NS1,300,0.08540992841706978
all,all,NS,NS1,303,-0.31309864172565793
all,all,NS,NS1,307,-0.14133445877949066
all,all,NS,NS1,309,0.26827701474388066
all,all,NS,NS1,313,-0.4536354279090057
all,all,NS,NS1,315,0.49660383964009275
all,all,NS,NS1,318,-0.16521883506842214
all,all,NS,NS1,321,0.11160922306812576
all,all,NS,NS1,324,0.2099648726676629
all,all,NS,NS1,327,-0.007362966085221393
all,all,NS,NS1,330,0.0740606599361483
all,all,NS,NS1,333,0.4649183581843213
all,all,NS,NS1,336,-0.12789144131554134
all,all,NS,NS1,339,0.34654846380441107
all,all,NS,NS1,342,-0.010063797619977263
all,all,NS,NS1,343,-0.22887067971192632
all,all,NS,NS1,345,-0.028507695683174256
all,all,NS,NS1,348,0.10941300209356894
all,all,NS,NS1,351,-0.08305761493811986
all,all,NS,NS1,352,0.04289399121314444
all,all,NS,NS1,354,0.3325603279031878
all,all,NS,NS1,355,0.026628916473330592
all,all,NS,NS1,357,0.14103785700330806
all,all,NS,NS1,360,0.09974317756194487
all,all,NS,NS1,363,0.12220871123445864
all,all,NS,NS1,366,0.1942741998419984
all,all,NS,NS1,369,0.46660362121775173
all,all,NS,NS1,372,-0.11543190992639582
all,all,NS,NS1,375,-0.020912432188977856
all,all,NS,NS1,378,-0.06685216033161825
all,all,NS,NS1,381,0.10213382716216605
all,all,NS,NS1,384,0.06122360663898755
all,all,NS,NS1,387,0.30648830596290694
all,all,NS,NS1,388,-0.0889823456335629
all,all,NS,NS1,390,-0.050113093823699384
all,all,NS,NS1,393,-0.23640526449339727
all,all,NS,NS1,396,0.28383578047366786
all,all,NS,NS1,399,0.11531059431822199
all,all,NS,NS1,402,-0.13696713604458027
all,all,NS,NS1,405,-0.3061233068083967
all,all,NS,NS1,408,0.5926965219148503
all,all,NS,NS1,411,0.2273316305179781
all,all,NS,NS1,414,0.17112868291229238
all,all,NS,NS1,417,0.11959986935318374
all,all,NS,NS1,418,0.12101223963477349
all,all,NS,NS1,420,0.002556500170486161
all,all,NS,NS1,421,0.16987899819872576
all,all,NS,NS1,423,-0.05323153941883755
all,all,NS,NS1,426,0.2270868621196804
all,all,NS,NS1,429,0.1850403198946412
all,all,NS,NS1,430,-0.20764437037242298
all,all,NS,NS1,432,0.13322751601843566
all,all,NS,NS1,435,0.3884826511580404
all,all,NS,NS1,436,0.08110888591600783
all,all,NS,NS1,438,0.16075783385561043
all,all,NS,NS1,439,-0.2122413003082782
all,all,NS,NS1,441,-0.027248394988930197
all,all,NS,NS1,442,0.3065625826718028
all,all,NS,NS1,444,-0.4821611227554965
all,all,NS,NS1,447,0.2437875678466155
all,all,NS,NS1,450,-0.15802040285181634
all,all,NS,NS1,453,0.3412823993683255
all,all,NS,NS1,456,0.06604665283900406
all,all,NS,NS1,459,-0.3054503326722728
all,all,NS,NS1,462,-0.08749061397957632
all,all,NS,NS1,465,0.04528578056708924
all,all,NS,NS1,468,0.5473077212448592
all,all,NS,NS1,471,0.18242919988287623
all,all,NS,NS1,474,-0.021198913404569343
all,all,NS,NS1,477,0.06896512983739336
all,all,NS,NS1,480,-0.26024234129584084
all,all,NS,NS1,483,-1.9911801258021506
all,all,NS,NS1,486,-0.23237181685775163
all,all,NS,NS1,487,0.0025698039534992473
all,all,NS,NS1,489,-0.0893279510460923
all,all,NS,NS1,492,-0.9367680582798634
all,all,NS,NS1,495,-2.4012251657520274
all,all,NS,NS1,498,-1.7252249082112643
all,all,NS,NS1,501,-3.9249364015935666
all,all,PA,PA,6,0.7185324624810251
all,all,PA,PA,9,0.04762377912461694
all,all,PA,PA,12,0.5948139509711963
all,all,PA,PA,15,-0.38560391457799614
all,all,PA,PA,16,-0.4127649200905555
all,all,PA,PA,18,0.16099236196445268
all,all,PA,PA,21,0.49794653671013817
all,all,PA,PA,24,0.10914415804369622
all,all,PA,PA,27,-0.13261204017478548
all,all,PA,PA,30,0.08740638056694874
all,all,PA,PA,33,-0.1314989212074921
all,all,PA,PA,39,-0.45674437134114826
all,all,PA,PA,42,-1.2010052978048167
all,all,PA,PA,45,-0.32288258748397214
all,all,PA,PA,48,-0.17978439532765336
all,all,PA,PA,51,-0.8377145632005076
all,all,PA,PA,54,-0.37208792153093584
all,all,PA,PA,57,0.49097031987882656
all,all,PA,PA,60,-1.5795185493754305
all,all,PA,PA,66,0.015289622648751139
all,all,PA,PA,69,0.012821170566750868
all,all,PA,PA,72,-0.1510543641641025
all,all,PA,PA,75,-0.04734850144067152
all,all,PA,PA,78,0.037909071271998676
all,all,PA,PA,81,-0.35173437754906467
all,all,PA,PA,82,-0.635749469740481
all,all,PA,PA,84,-0.07766731023667015
all,all,PA,PA,87,-0.20700703449272778
all,all,PA,PA,90,-0.19365246116194537
all,all,PA,PA,93,0.03975462468222527
all,all,PA,PA,96,0.21349449604111417
all,all,PA,PA,99,-0.09701342055103991
all,all,PA,PA,102,-0.1359972410553555
all,all,PA,PA,105,-0.027393768719353603
all,all,PA,PA,108,0.1532414439556268
all,all,PA,PA,111,-0.38982345670691587
all,all,PA,PA,114,0.017992157885323715
all,all,PA,PA,117,0.07551206483467011
all,all,PA,PA,120,0.0962015916772814
all,all,PA,PA,123,0.043952730027503835
all,all,PA,PA,124,-0.040544904490322706
all,all,PA,PA,126,0.15026525079320147
all,all,PA,PA,129,0.010434415078703647
all,all,PA,PA,132,-0.07906858595800732
all,all,PA,PA,135,0.06243182111930562
all,all,PA,PA,138,-0.13016812148543597
all,all,PA,PA,144,0.1294359374535657
all,all,PA,PA,147,-0.03461174773827464
all,all,PA,PA,150,-0.01344694118298866
all,all,PA,PA,153,-0.11042752196527945
all,all,PA,PA,156,0.13785292255315112
all,all,PA,PA,159,0.05515897714897183
all,all,PA,PA,162,0.08523983562635445
all,all,PA,PA,165,0.08786132263565777
all,all,PA,PA,168,0.28150776006830447
all,all,PA,PA,169,0.3924510775691215
all,all,PA,PA,171,0.04404248094789487
all,all,PA,PA,174,-0.07562968005044465
all,all,PA,PA,177,-0.09517196850886939
all,all,PA,PA,180,-0.6120716426560572
all,all,PA,PA,183,-0.18405715929897368
all,all,PA,PA,186,0.3812798492225102
all,all,PA,PA,189,-0.13532482566775633
all,all,PA,PA,192,0.07012379204291205
all,all,PA,PA,195,0.12540868195531976
all,all,PA,PA,198,-0.18544236664136413
all,all,PA,PA,201,0.006146605563925357
all,all,PA,PA,204,-0.00544120750841566
all,all,PA,PA,207,0.3901024758690662
all,all,PA,PA,210,-0.015763604623130173
all,all,PA,PA,211,0.31927045660146847
all,all,PA,PA,213,-0.192549142904683
all,all,PA,PA,214,-0.15063779320761772
all,all,PA,PA,216,0.12154447601427494
all,all,PA,PA,219,0.2781144321442775
all,all,PA,PA,222,-0.05921619184861056
all,all,PA,PA,223,0.11805974172577376
all,all,PA,PA,225,-0.09381208825441546
all,all,PA,PA,228,-0.041709200204902104
all,all,PA,PA,231,-0.09747856230249813
all,all,PA,PA,234,0.2408556470429442
all,all,PA,PA,237,0.09739547183924827
all,all,PA,PA,240,0.17731215846292156
all,all,PA,PA,243,-0.3218425930224505
all,all,PA,PA,244,-0.08587349950688059
all,all,PA,PA,246,0.006690713213247705
all,all,PA,PA,249,-0.30389545056827066
all,all,PA,PA,250,0.019486644972375317
all,all,PA,PA,252,0.02304825846987521
all,all,PA,PA,255,0.2084792703758264
all,all,PA,PA,261,0.05943340927208695
all,all,PA,PA,267,0.253329673371102
all,all,PA,PA,270,0.31219931635286574
all,all,PA,PA,273,0.033346909872510766
all,all,PA,PA,276,-0.19083053652439655
all,all,PA,PA,279,0.41857683251653194
all,all,PA,PA,282,0.22822783916629247
all,all,PA,PA,285,0.3410080888734456
all,all,PA,PA,288,-0.2565311205977841
all,all,PA,PA,291,0.29151234368294116
all,all,PA,PA,294,0.37161626361827604
all,all,PA,PA,297,0.08522452079581848
all,all,PA,PA,300,0.08198465348235161
all,all,PA,PA,303,0.29480606647596136
all,all,PA,PA,306,-0.06449244113668524
all,all,PA,PA,309,0.49124434728608973
all,all,PA,PA,312,-0.029901316679227765
all,all,PA,PA,315,-0.26629498913605454
all,all,PA,PA,316,0.04415640992362507
all,all,PA,PA,318,-0.048827096403238554
all,all,PA,PA,321,0.20607718091788185
all,all,PA,PA,324,0.234657598136641
all,all,PA,PA,325,0.2014861501958372
all,all,PA,PA,327,0.018883307127358556
all,all,PA,PA,330,-0.012103837211892532
all,all,PA,PA,333,-0.01909445964185616
all,all,PA,PA,336,-0.34150173438978976
all,all,PA,PA,339,0.15559025355256123
all,all,PA,PA,342,0.2784299645665169
all,all,PA,PA,345,-0.26918181242114625
all,all,PA,PA,346,-0.2324975255669402
all,all,PA,PA,348,0.5120317057164798
all,all,PA,PA,351,-0.2122284558988945
all,all,PA,PA,354,0.014638708919870064
all,all,PA,PA,357,0.0016567312275492935
all,all,PA,PA,360,-0.03588424235760341
all,all,PA,PA,363,0.1340964430149841
all,all,PA,PA,366,0.32147821646644037
all,all,PA,PA,369,0.06775228221566984
all,all,PA,PA,370,0.17796075186741364
all,all,PA,PA,372,0.05527635783737511
all,all,PA,PA,373,0.45985587754980134
all,all,PA,PA,375,-0.3011254119160423
all,all,PA,PA,378,-0.10093645055292928
all,all,PA,PA,381,0.04372442049685434
all,all,PA,PA,384,0.006226850076462384
all,all,PA,PA,387,0.17527526263923734
all,all,PA,PA,390,-0.15810969460564936
all,all,PA,PA,393,-0.20190200157682406
all,all,PA,PA,394,-0.16924324201745503
all,all,PA,PA,396,-0.195596344330664
all,all,PA,PA,399,-0.05500376849835199
all,all,PA,PA,402,0.004930387263193184
all,all,PA,PA,405,-0.159852931263408
all,all,PA,PA,408,-0.15583210425847532
all,all,PA,PA,411,-0.0771871938763086
all,all,PA,PA,414,0.4100515926715027
all,all,PA,PA,417,-0.013303560787592428
all,all,PA,PA,420,0.11462538718747455
all,all,PA,PA,423,0.2544487179615606
all,all,PA,PA,426,-0.009993529043205404
all,all,PA,PA,429,-0.11153433100981103
all,all,PA,PA,432,0.07795426113724362
all,all,PA,PA,435,0.406091197550543
all,all,PA,PA,438,0.1503430167433172
all,all,PA,PA,441,0.12208497427315933
all,all,PA,PA,444,0.15671168378906786
all,all,PA,PA,447,0.05436851880140539
all,all,PA,PA,450,0.05205675384214165
all,all,PA,PA,453,0.45076993247562774
all,all,PA,PA,456,0.001152741695788398
all,all,PA,PA,459,0.17726942039758
all,all,PA,PA,462,0.07095839742630039
all,all,PA,PA,468,0.22640709364673758
all,all,PA,PA,471,0.24778280894520552
all,all,PA,PA,474,-0.03511926370328949
all,all,PA,PA,477,-0.05325928751834672
all,all,PA,PA,480,-0.3301461339860283
all,all,PA,PA,483,-0.19913838644157655
all,all,PA,PA,486,-0.1334411310792457
all,all,PA,PA,489,0.031469429590986295
all,all,PA,PA,492,0.1970812576432178
all,all,PA,PA,495,-0.006464536440091435
all,all,PA,PA,498,0.08376576318481681
all,all,PA,PA,501,-0.006537008746922798
all,all,PA,PA,502,-0.13777145689925271
all,all,PA,PA,504,0.19444936380781302
all,all,PA,PA,507,0.004727187628690806
all,all,PA,PA,508,-0.059679154169952
all,all,PA,PA,510,-0.011831765808132645
all,all,PA,PA,513,0.6350420857353708
all,all,PA,PA,516,0.12189355547131384
all,all,PA,PA,519,-0.06806824018945494
all,all,PA,PA,520,0.6507791163890844
all,all,PA,PA,522,0.04560629701170503
all,all,PA,PA,523,-0.09152510467222724
all,all,PA,PA,525,0.06415571547111494
all,all,PA,PA,528,-0.06020172260734449
all,all,PA,PA,531,0.15750760709318007
all,all,PA,PA,534,0.41932788821537753
all,all,PA,PA,535,-0.04725796138858213
all,all,PA,PA,537,0.001060682395227154
all,all,PA,PA,540,-0.17037853327777
all,all,PA,PA,543,0.24300037575698646
all,all,PA,PA,549,-0.1143247233693867
all,all,PA,PA,552,0.021752115540188244
all,all,PA,PA,553,-0.4612294748265686
all,all,PA,PA,555,-0.010261065632744697
all,all,PA,PA,558,-0.3866414419997944
all,all,PA,PA,559,0.21382371301952408
all,all,PA,PA,561,-0.07195603526392447
all,all,PA,PA,567,0.3045086454056307
all,all,PA,PA,570,-0.7279098950909683
all,all,PA,PA,762,-0.061067164576012516
all,all,PA,PA,765,-0.21316603343594295
all,all,PA,PA,766,1.6029012493102164
all,all,PA,PA,768,0.06234078044355307
all,all,PA,PA,771,0.17257113572090027
all,all,PA,PA,774,0.0066824155219719905
all,all,PA,PA,777,0.2080971466345826
all,all,PA,PA,780,0.005147111288945641
all,all,PA,PA,781,0.03540587088999672
all,all,PA,PA,783,-0.05419994221210197
all,all,PA,PA,786,0.05886794695030455
all,all,PA,PA,789,0.13139550557772733
all,all,PA,PA,792,-0.03593060357140794
all,all,PA,PA,795,0.257024942875073
all,all,PA,PA,796,0.26800428838429
all,all,PA,PA,798,0.27303551232710277
all,all,PA,PA,801,0.21447421850680692
all,all,PA,PA,804,0.0364565373810719
all,all,PA,PA,805,0.10644242633687659
all,all,PA,PA,807,-0.13914121388505502
all,all,PA,PA,808,0.1263345401153535
all,all,PA,PA,810,0.5714200219335182
all,all,PA,PA,813,-0.033076260694227186
all,all,PA,PA,816,0.11959668803913392
all,all,PA,PA,819,0.48657988144428954
all,all,PA,PA,822,0.03737252155659287
all,all,PA,PA,825,-0.09502640782808755
all,all,PA,PA,828,0.07007705610531496
all,all,PA,PA,831,0.2543020554995642
all,all,PA,PA,834,-0.17389927676494485
all,all,PA,PA,835,-0.1767795678767292
all,all,PA,PA,837,-0.019533734329345104
all,all,PA,PA,840,0.16465808967922838
all,all,PA,PA,843,-0.0719709154466234
all,all,PA,PA,846,0.3448569990873658
all,all,PA,PA,847,-0.0276067014661302
all,all,PA,PA,849,0.33166019048143747
all,all,PA,PA,850,0.09727332588588493
all,all,PA,PA,852,-0.010643892235793762
all,all,PA,PA,858,-0.1808316229801823
all,all,PA,PA,861,0.16586360399849748
all,all,PA,PA,862,-0.006493014440193415
all,all,PA,PA,864,-0.0057001498457072315
all,all,PA,PA,867,0.3457839772862582
all,all,PA,PA,868,0.0924148850242198
all,all,PA,PA,870,0.5323147320477021
all,all,PA,PA,873,0.23342079376626196
all,all,PA,PA,876,0.12244681248993391
all,all,PA,PA,879,-0.17449721413613867
all,all,PA,PA,882,0.12787185552301683
all,all,PA,PA,885,-0.0728411597193278
all,all,PA,PA,888,0.30836918626546295
all,all,PA,PA,891,0.1692539952484459
all,all,PA,PA,894,0.06786529266220948
all,all,PA,PA,897,-0.09156878567368423
all,all,PA,PA,900,-0.24498339627289833
all,all,PA,PA,903,0.20363883602359492
all,all,PA,PA,906,0.38704760654055165
all,all,PA,PA,909,0.03773371766836302
all,all,PA,PA,910,-0.014703016871001139
all,all,PA,PA,912,-0.06041319667313066
all,all,PA,PA,915,0.06883106349751579
all,all,PA,PA,918,-0.2583260965650747
all,all,PA,PA,921,0.1923192971963549
all,all,PA,PA,924,-0.16266024281683478
all,all,PA,PA,927,0.055349589372154964
all,all,PA,PA,930,0.22102005110636058
all,all,PA,PA,936,-0.10095262978649926
all,all,PA,PA,939,-0.02846596479769078
all,all,PA,PA,942,0.06622471334367584
all,all,PA,PA,945,0.05077306644233784
all,all,PA,PA,948,0.42552389647896205
all,all,PA,PA,954,0.1490964744652954
all,all,PA,PA,957,-0.18419985377743528
all,all,PA,PA,960,0.169283129102463
all,all,PA,PA,963,0.04921149348013886
all,all,PA,PA,966,-0.03527402039653079
all,all,PA,PA,969,0.021910761245791874
all,all,PA,PA,972,0.09014441301778592
all,all,PA,PA,975,-0.312887070893579
all,all,PA,PA,978,0.0674026759597524
all,all,PA,PA,981,0.05260615691978879
all,all,PA,PA,984,0.19840191951544064
all,all,PA,PA,987,0.21051713565277566
all,all,PA,PA,990,0.42615044499957416
all,all,PA,PA,993,-0.08929511566457557
all,all,PA,PA,996,-0.04908840599523997
all,all,PA,PA,999,0.1973694064935392
all,all,PA,PA,1002,0.13003981045403537
all,all,PA,PA,1003,0.18250349971617907
all,all,PA,PA,1005,0.005757481954131745
all,all,PA,PA,1006,-0.05622857708821438
all,all,PA,PA,1008,0.14700282166304812
all,all,PA,PA,1011,-0.16120789930976728
all,all,PA,PA,1017,0.2930241929129422
all,all,PA,PA,1020,-0.02295951248731297
all,all,PA,PA,1023,0.19445994806337719
all,all,PA,PA,1024,0.1491131871324516
all,all,PA,PA,1026,-0.10536467201311087
all,all,PA,PA,1029,-0.04287203520064037
all,all,PA,PA,1032,0.1043056106396637
all,all,PA,PA,1033,0.018357993016783408
all,all,PA,PA,1035,-0.15769361104976026
all,all,PA,PA,1038,-0.22379946073121804
all,all,PA,PA,1041,0.05147428644777601
all,all,PA,PA,1044,-0.4656143227201024
all,all,PA,PA,1047,0.1861538387839647
all,all,PA,PA,1050,0.23059273487159312
all,all,PA,PA,1053,0.06131500424257058
all,all,PA,PA,1056,0.30456361907729285
all,all,PA,PA,1059,0.2131158685744567
all,all,PA,PA,1062,0.1867308688087601
all,all,PA,PA,1065,0.0952359038168762
all,all,PA,PA,1066,0.17306050392008696
all,all,PA,PA,1068,0.17326277542602123
all,all,PA,PA,1071,0.21221879615929176
all,all,PA,PA,1074,-0.036741303836500705
all,all,PA,PA,1077,0.015339545383915538
all,all,PA,PA,1083,0.40186048948160386
all,all,PA,PA,1086,0.03211191075056179
all,all,PA,PA,1089,-0.13090132572473465
all,all,PA,PA,1092,0.05245543160768307
all,all,PA,PA,1095,0.11823371777643363
all,all,PA,PA,1096,-0.06968635003292242
all,all,PA,PA,1098,0.2697480327226213
all,all,PA,PA,1101,0.11894519573479083
all,all,PA,PA,1107,-0.1384683438280534
all,all,PA,PA,1110,-0.07700295392473615
all,all,PA,PA,1113,-0.17718293517251418
all,all,PA,PA,1116,0.29894952642009465
all,all,PA,PA,1119,0.31076508723507873
all,all,PA,PA,1125,0.2565432775089325
all,all,PA,PA,1128,0.3147870425335925
all,all,PA,PA,1131,0.21417215653006838
all,all,PA,PA,1134,0.6055627060598437
all,all,PA,PA,1137,0.24772186641731817
all,all,PA,PA,1140,0.21837069304881215
all,all,PA,PA,1143,-0.22588100543114636
all,all,PA,PA,1146,-0.01231902150357922
all,all,PA,PA,1149,0.20618600202386078
all,all,PA,PA,1152,0.07873813571028788
all,all,PA,PA,1153,0.36566959959056994
all,all,PA,PA,1155,0.0722913555441132
all,all,PA,PA,1158,-0.0006756933254119055
all,all,PA,PA,1161,0.21421392412188034
all,all,PA,PA,1164,0.05930102607396799
all,all,PA,PA,1167,-0.03038908925994059
all,all,PA,PA,1168,0.045402992916210076
all,all,PA,PA,1170,-0.09289100638508209
all,all,PA,PA,1173,0.07004386920930711
all,all,PA,PA,1176,0.010605152307500726
all,all,PA,PA,1179,-0.008993420341928566
all,all,PA,PA,1182,-0.41218638706631294
all,all,PA,PA,1185,-0.0010199133346499752
all,all,PA,PA,1188,-0.08237055794520355
all,all,PA,PA,1191,0.14578636410144624
all,all,PA,PA,1194,0.6251529868877056
all,all,PA,PA,1197,0.07249896193113589
all,all,PA,PA,1198,-0.08814468329449777
all,all,PA,PA,1200,-0.16698458300067037
all,all,PA,PA,1201,0.7608615181910987
all,all,PA,PA,1203,-0.2482865635583012
all,all,PA,PA,1206,-0.4359908600446108
all,all,PA,PA,1207,-0.14937227448637705
all,all,PA,PA,1209,0.016257861865958772
all,all,PA,PA,1212,-0.26931128965608314
all,all,PA,PA,1215,0.08381294580068867
all,all,PA,PA,1221,0.05061987504296659
all,all,PA,PA,1224,-0.03517821367856571
all,all,PA,PA,1227,-0.11642928761176134
all,all,PA,PA,1230,0.09391073764309632
all,all,PA,PA,1233,-0.1379199799895071
all,all,PA,PA,1236,-0.07735562610452221
all,all,PA,PA,1239,0.10850628940701575
all,all,PA,PA,1242,0.27798915326934237
all,all,PA,PA,1245,0.09710512578699348
all,all,PA,PA,1248,0.16834620814664247
all,all,PA,PA,1249,-0.2748775420126018
all,all,PA,PA,1251,0.253548880317821
all,all,PA,PA,1254,-0.02824576970627374
all,all,PA,PA,1257,0.29011845021145205
all,all,PA,PA,1260,0.16267448515216604
all,all,PA,PA,1263,0.21075180433360144
all,all,PA,PA,1269,-0.03669365182625346
all,all,PA,PA,1272,0.05792877467723484
all,all,PA,PA,1275,-0.5068681977494639
all,all,PA,PA,1278,-0.0751400094144144
all,all,PA,PA,1281,0.021733851586611508
all,all,PA,PA,1284,0.009989672446132632
all,all,PA,PA,1287,0.13382536262291744
all,all,PA,PA,1290,-0.18047386286891393
all,all,PA,PA,1293,0.009097843146528874
all,all,PA,PA,1296,0.1730179554971128
all,all,PA,PA,1299,0.19213256883314755
all,all,PA,PA,1302,0.1720054747346425
all,all,PA,PA,1305,0.03363708831992436
all,all,PA,PA,1308,-0.04554554576631453
all,all,PA,PA,1311,0.024282334642377817
all,all,PA,PA,1314,0.08384240882824953
all,all,PA,PA,1317,0.1881681527456321
all,all,PA,PA,1320,0.47198702786403834
all,all,PA,PA,1324,0.16397428228055563
all,all,PA,PA,1326,-0.10414848646809967
all,all,PA,PA,1327,0.6055729306093347
all,all,PA,PA,1329,0.16116330536268625
all,all,PA,PA,1332,0.11598595694048608
all,all,PA,PA,1335,0.22990941594155723
all,all,PA,PA,1338,0.04951684001239672
all,all,PA,PA,1341,0.4364940995342983
all,all,PA,PA,1344,0.01773588817989356
all,all,PA,PA,1347,0.017132517341751693
all,all,PA,PA,1350,-0.028743155075365328
all,all,PA,PA,1353,-0.13554057067219774
all,all,PA,PA,1356,0.27964254244272635
all,all,PA,PA,1359,-0.020181968223968533
all,all,PA,PA,1360,0.20031779760709104
all,all,PA,PA,1362,-0.5312394700018429
all,all,PA,PA,1365,0.1742034108630284
all,all,PA,PA,1368,0.1842503218388122
all,all,PA,PA,1371,0.13863512851308682
all,all,PA,PA,1374,0.4094469344842079
all,all,PA,PA,1377,-0.050676798932566686
all,all,PA,PA,1383,-0.08462220463562407
all,all,PA,PA,1386,-0.08870228710637593
all,all,PA,PA,1389,0.13181281413908644
all,all,PA,PA,1392,0.04723450039235446
all,all,PA,PA,1395,-0.0879815709910574
all,all,PA,PA,1398,0.06708816488996774
all,all,PA,PA,1401,0.3224396501947665
all,all,PA,PA,1404,0.24572125093892574
all,all,PA,PA,1405,0.17569788581625864
all,all,PA,PA,1407,-0.12504302202859896
all,all,PA,PA,1408,-0.2582440789107458
all,all,PA,PA,1410,-0.2858889764471169
all,all,PA,PA,1413,0.3578446964116843
all,all,PA,PA,1416,0.09219233425890731
all,all,PA,PA,1419,0.033607030812084916
all,all,PA,PA,1422,0.03966461415111003
all,all,PA,PA,1425,0.22983515480253472
all,all,PA,PA,1428,0.44053111043311655
all,all,PA,PA,1434,-0.08403208910119137
all,all,PA,PA,1437,0.28419517299074226
all,all,PA,PA,1440,0.0609565692702767
all,all,PA,PA,1443,-0.11615264098925715
all,all,PA,PA,1444,0.31631826233752003
all,all,PA,PA,1446,-0.12640515593396182
all,all,PA,PA,1449,0.3506542657869478
all,all,PA,PA,1452,-0.08223548545149133
all,all,PA,PA,1458,0.8066650795090416
all,all,PA,PA,1461,0.3089630517171199
all,all,PA,PA,1464,0.27352594692865245
all,all,PA,PA,1467,-0.18507872505035533
all,all,PA,PA,1468,0.4000311571402045
all,all,PA,PA,1470,0.1581306020407564
all,all,PA,PA,1473,0.33475211218734985
all,all,PA,PA,1476,0.44286080608056605
all,all,PA,PA,1479,0.19964554917908892
all,all,PA,PA,1482,0.13999511413728571
all,all,PA,PA,1483,0.46706601624027233
all,all,PA,PA,1485,-0.02889251259750045
all,all,PA,PA,1486,0.024008309431600705
all,all,PA,PA,1488,-0.06266524415306741
all,all,PA,PA,1491,0.09774776022226464
all,all,PA,PA,1494,-0.152970942036251
all,all,PA,PA,1497,-0.10293521819588322
all,all,PA,PA,1498,-0.16989583679049475
all,all,PA,PA,1500,-0.006975258845423364
all,all,PA,PA,1503,0.08918700179279486
all,all,PA,PA,1506,0.4136802356149838
all,all,PA,PA,1509,-0.14249029954992593
all,all,PA,PA,1512,-0.17341485903084938
all,all,PA,PA,1515,0.26077468091913897
all,all,PA,PA,1518,0.07756351998499963
all,all,PA,PA,1521,0.14096860743386536
all,all,PA,PA,1522,0.14775665238565022
all,all,PA,PA,1524,-0.13651499972056103
all,all,PA,PA,1527,0.16480329816165087
all,all,PA,PA,1530,0.10655124638496666
all,all,PA,PA,1531,0.050977471222303436
all,all,PA,PA,1533,0.06206334896046167
all,all,PA,PA,1534,0.17273583927039407
all,all,PA,PA,1536,-0.11663724168462603
all,all,PA,PA,1539,-0.07065910105724343
all,all,PA,PA,1542,-0.04714775933351287
all,all,PA,PA,1545,0.26159921534765934
all,all,PA,PA,1548,0.05166525768346349
all,all,PA,PA,1551,0.0972597874157942
all,all,PA,PA,1554,0.41397987547321935
all,all,PA,PA,1557,0.6052057041654233
all,all,PA,PA,1560,-0.35115460108783964
all,all,PA,PA,1563,0.27682964718691533
all,all,PA,PA,1566,-0.06779669369990338
all,all,PA,PA,1572,0.09122191981618982
all,all,PA,PA,1575,0.04169691508947804
all,all,PA,PA,1578,-0.14680897297351447
all,all,PA,PA,1579,-0.05316114126516421
all,all,PA,PA,1581,0.02194277021622325
all,all,PA,PA,1584,0.393982344974213
all,all,PA,PA,1587,0.19433486534192188
all,all,PA,PA,1590,0.01006603360862678
all,all,PA,PA,1591,-0.5057043599047326
all,all,PA,PA,1593,0.05506984471662038
all,all,PA,PA,1594,-0.2155715464302682
all,all,PA,PA,1596,-0.022604614604825057
all,all,PA,PA,1599,0.1165985481049179
all,all,PA,PA,1602,0.17350145683517945
all,all,PA,PA,1605,0.1660912317263264
all,all,PA,PA,1608,0.07652823226747171
all,all,PA,PA,1614,0.07100778529684539
all,all,PA,PA,1617,-0.06755979549337736
all,all,PA,PA,1620,-0.029384924336644115
all,all,PA,PA,1623,-0.05611140189780697
all,all,PA,PA,1626,0.15416305729027624
all,all,PA,PA,1629,-0.17096787775671443
all,all,PA,PA,1632,0.24401669016859392
all,all,PA,PA,1635,-0.6249317281312735
all,all,PA,PA,1638,0.004501201983402314
all,all,PA,PA,1641,0.04775109804234236
all,all,PA,PA,1645,-0.4365179496703141
all,all,PA,PA,1647,-0.05482120705381083
all,all,PA,PA,1648,-0.11917077680966065
all,all,PA,PA,1650,0.09239160766148237
all,all,PA,PA,1651,-0.022720057940525132
all,all,PA,PA,1653,0.04095148322729622
all,all,PA,PA,1656,-0.0465539681041545
all,all,PA,PA,1659,0.2732524501404411
all,all,PA,PA,1662,0.23667572307874196
all,all,PA,PA,1665,-0.36960040986382015
all,all,PA,PA,1668,-0.1682050240158898
all,all,PA,PA,1671,-0.052525021114938814
all,all,PA,PA,1674,0.07757098555413959
all,all,PA,PA,1675,-0.01004738343562621
all,all,PA,PA,1677,-0.08398586216034454
all,all,PA,PA,1680,0.1816824772518094
all,all,PA,PA,1686,-0.2587123013199306
all,all,PA,PA,1687,-0.051309805854025406
all,all,PA,PA,1689,-0.1724492885768798
all,all,PA,PA,1692,0.13957648002873757
all,all,PA,PA,1695,0.3104904546075829
all,all,PA,PA,1696,0.1914660965612101
all,all,PA,PA,1698,0.14416026749819488
all,all,PA,PA,1701,0.40800411610739423
all,all,PA,PA,1704,0.16058376187388423
all,all,PA,PA,1707,0.2769849929952855
all,all,PA,PA,1710,-0.0258605517780837
all,all,PA,PA,1713,0.14729876353251345
all,all,PA,PA,1716,0.3696696387571365
all,all,PA,PA,1719,0.07823924979244168
all,all,PA,PA,1722,-0.14155819221255253
all,all,PA,PA,1728,0.23415096251853365
all,all,PA,PA,1734,0.25340392878906154
all,all,PA,PA,1740,0.10471531803018462
all,all,PA,PA,1744,0.07275381017267522
all,all,PA,PA,1746,-0.04282470565041037
all,all,PA,PA,1747,-0.3128341902962079
all,all,PA,PA,1749,0.20053729424076885
all,all,PA,PA,1752,-0.00778426594246423
all,all,PA,PA,1755,-0.18962472948730558
all,all,PA,PA,1758,0.18764197143517927
all,all,PA,PA,1761,-0.10380911893202178
all,all,PA,PA,1764,0.12869023338292213
all,all,PA,PA,1767,0.08177027173234813
all,all,PA,PA,1770,-0.17253132510007527
all,all,PA,PA,1773,0.1873774236665416
all,all,PA,PA,1776,-0.09198379226530908
all,all,PA,PA,1779,-0.3508239917018595
all,all,PA,PA,1782,0.5056502012786555
all,all,PA,PA,1788,-0.11884430071308867
all,all,PA,PA,1791,-0.11281394210950035
all,all,PA,PA,1794,0.11396353718080514
all,all,PA,PA,1797,0.05017302488979204
all,all,PA,PA,1800,0.22154108347029977
all,all,PA,PA,1803,0.292204368392432
all,all,PA,PA,1806,0.2837346763546384
all,all,PA,PA,1809,0.016968987723529866
all,all,PA,PA,1812,0.15850939832365107
all,all,PA,PA,1815,-0.06536416026800242
all,all,PA,PA,1818,-0.11099996881597896
all,all,PA,PA,1819,0.1850359015149821
all,all,PA,PA,1821,0.05148233906077008
all,all,PA,PA,1824,0.042150267128408164
all,all,PA,PA,1827,-0.09562094308080775
all,all,PA,PA,1830,0.0529409410218113
all,all,PA,PA,1833,0.06320192591350628
all,all,PA,PA,1836,0.033681772546668445
all,all,PA,PA,1839,0.030572532654640352
all,all,PA,PA,1842,0.25643241381367876
all,all,PA,PA,1845,0.19547726496996992
all,all,PA,PA,1848,-0.007146834974893257
all,all,PA,PA,1851,0.15486908673568234
all,all,PA,PA,1854,-0.30721985971376037
all,all,PA,PA,1860,0.15651358988567327
all,all,PA,PA,1863,0.074334695103766
all,all,PA,PA,1866,-0.13170270651819593
all,all,PA,PA,1869,0.2951905931454332
all,all,PA,PA,1872,0.23416502981734602
all,all,PA,PA,1875,-0.1749790480946438
all,all,PA,PA,1876,0.8310422521376526
all,all,PA,PA,1878,0.10785359318733251
all,all,PA,PA,1881,0.19303043435426415
all,all,PA,PA,1884,0.2220249103398502
all,all,PA,PA,1887,0.026169331136165607
all,all,PA,PA,1890,-0.3835247811045138
all,all,PA,PA,1893,0.27667941819056846
all,all,PA,PA,1896,-0.009005411931049881
all,all,PA,PA,1899,0.02820042643350035
all,all,PA,PA,1902,0.45550314081753945
all,all,PA,PA,1905,0.22460800092651773
all,all,PA,PA,1908,0.33982716609093766
all,all,PA,PA,1911,0.030751049064197955
all,all,PA,PA,1912,0.11235146515176006
all,all,PA,PA,1914,-0.045044087973462925
all,all,PA,PA,1917,-0.040248631346893764
all,all,PA,PA,1918,0.11677463275974298
all,all,PA,PA,1920,-0.056595973796471036
all,all,PA,PA,1921,0.20609336417706128
all,all,PA,PA,1923,-0.002272884398264769
all,all,PA,PA,1926,0.03413100540669157
all,all,PA,PA,1929,-0.256540551501909
all,all,PA,PA,1932,0.2817257323517855
all,all,PA,PA,1935,0.09662056573833731
all,all,PA,PA,1938,0.20047058981051702
all,all,PA,PA,1941,-0.28798176584882895
all,all,PA,PA,1944,0.0543947405225817
all,all,PA,PA,1945,0.09181733062135024
all,all,PA,PA,1947,0.07153420618365836
all,all,PA,PA,1950,0.20659172857997068
all,all,PA,PA,1953,0.059639310416967635
all,all,PA,PA,1956,0.0315803166330801
all,all,PA,PA,1959,-0.4168874845961021
all,all,PA,PA,1962,-0.3105820819881409
all,all,PA,PA,1963,0.4260341449151899
all,all,PA,PA,1965,0.15788387365839637
all,all,PA,PA,1968,-0.12732667824965227
all,all,PA,PA,1971,0.39725949803743055
all,all,PA,PA,1974,0.3311321052118397
all,all,PA,PA,1977,0.003960947862012498
all,all,PA,PA,1980,0.09503105497612947
all,all,PA,PA,1983,0.16491412146316256
all,all,PA,PA,1986,-0.09530219585312223
all,all,PA,PA,1987,0.3070891367725927
all,all,PA,PA,1989,-0.25518510797735033
all,all,PA,PA,1992,-0.18799102159148032
all,all,PA,PA,1993,0.12933852108784313
all,all,PA,PA,1995,0.13351101100095017
all,all,PA,PA,1996,-0.026168652441665236
all,all,PA,PA,1998,-0.13846583276138658
all,all,PA,PA,2001,-0.3318488731970534
all,all,PA,PA,2004,-0.6908477112260671
all,all,PA,PA,2007,0.12170673751851858
all,all,PA,PA,2010,-0.8804553349469112
all,all,PA,PA,2013,-0.14676868172881766
all,all,PA,PA,2016,-0.23100942873295868
all,all,PA,PA,2017,0.30334016089368454
all,all,PA,PA,2019,-0.7015666421289032
all,all,PA,PA,2022,0.056646745693175654
all,all,PA,PA,2025,0.33997755804948737
all,all,PA,PA,2026,-0.48698454513792677
all,all,PA,PA,2028,-0.21204801970796958
all,all,PA,PA,2031,0.08017962381954034
all,all,PA,PA,2034,-0.11471905122313446
all,all,PA,PA,2037,0.41131105957957387
all,all,PA,PA,2040,0.4990801822063682
all,all,PA,PA,2043,-0.09524020088286986
all,all,PA,PA,2046,-0.8261615112481313
all,all,PA,PA,2049,-0.59460768673563
all,all,PA,PA,2052,0.09109858948420474
all,all,PA,PA,2055,-0.9963382252920588
all,all,PA,PA,2056,-0.7567249470613454
all,all,PA,PA,2058,-1.0809440707125324
all,all,PA,PA,2061,0.22543980701529456
all,all,PA,PA,2064,-0.4623242908418833
all,all,PA,PA,2067,-1.1301077572651248
all,all,PA,PA,2070,-0.263176175500538
all,all,PA,PA,2073,-2.7916880528262857
all,all,PA,PA,2076,-0.6961141282675145
all,all,PA,PA,2079,-0.616807176341068
all,all,PA,PA,2080,-0.08480514513586213
all,all,PA,PA,2082,-0.7719529438272807
all,all,PA,PA,2085,-1.97895446252884
all,all,PA,PA,2088,-0.07083063890537727
all,all,PA,PA,2091,-0.4321219294630292
all,all,PA,PA,2094,-0.9072413575602711
all,all,PA,PA,2100,-1.1607430091389452
all,all,PA,PA,2101,-0.8863695513213804
all,all,PA,PA,2103,-1.4945614378814804
all,all,PA,PA,2106,-0.023513216904993
all,all,PA,PA,2109,0.43522422291306617
all,all,PA,PA,2112,-0.13738195310413975
all,all,PA,PA,2115,0.21770473717156047
all,all,PA,PA,2121,-0.1429616551188894
all,all,PA,PA,2124,-3.5551998746744835
all,all,PA,PA,2127,-3.1321231963612512
all,all,PA,PA,2130,-3.5319319551256663
all,all,PA,PA,2131,0.38828516960018417
all,all,PA,PA,2133,-0.48432658162707337
all,all,PA,PA,2136,-0.10802279678829163
all,all,PA,PA,2139,-0.7188510986887283
all,all,PA,PA,2142,-1.548816855689857
all,all,PA,PA,2143,-0.0573438728769894
all,all,PA,PA,2145,-0.31891532964346664
all,all,PA,PA,2148,-0.008941079806349658
all,all,PA,PA;X-ORF,637,0.22388522469416075
all,all,PA,PA;X-ORF,688,0.6217307009956851
all,all,PA,PA;X-ORF,759,0.15612584483395844
all,all,PB1,PB1,6,0.7640502372384074
all,all,PB1,PB1,9,-1.7821289644434497
all,all,PB1,PB1,12,0.9493513266329316
all,all,PB1,PB1,15,-2.2893354044707737
all,all,PB1,PB1,18,-0.14948759524876262
all,all,PB1,PB1,19,0.4278997119234895
all,all,PB1,PB1,21,0.689747067698418
all,all,PB1,PB1,22,0.764697992219185
all,all,PB1,PB1,24,0.28535818087192627
all,all,PB1,PB1,27,0.7576412875086695
all,all,PB1,PB1,28,-0.004823071650732376
all,all,PB1,PB1,30,0.07425155335508572
all,all,PB1,PB1,33,0.3732931819559594
all,all,PB1,PB1,36,0.14698479951639118
all,all,PB1,PB1,39,-0.05840897379599471
all,all,PB1,PB1,42,-0.03407232012480068
all,all,PB1,PB1,45,0.20476187915836275
all,all,PB1,PB1,48,-0.20766766596819186
all,all,PB1,PB1,51,0.29037818225245976
all,all,PB1,PB1,54,0.10698514166523165
all,all,PB1,PB1,57,0.138699888657192
all,all,PB1,PB1,60,0.11847168887377879
all,all,PB1,PB1,63,0.008183410193373274
all,all,PB1,PB1,66,0.1557294307730754
all,all,PB1,PB1,69,-0.06667880212478151
all,all,PB1,PB1,72,0.2644264997840685
all,all,PB1,PB1,75,-0.2363601605695652
all,all,PB1,PB1,78,-0.21114340981054072
all,all,PB1,PB1,81,-0.07597114674710181
all,all,PB1,PB1,84,-0.5262123110479904
all,all,PB1,PB1,87,-0.14570876381548045
all,all,PB1,PB1,90,-0.3724140448727403
all,all,PB1,PB1,93,-0.7559709578576624
all,all,PB1,PB1,96,-5.277781116494405
all,all,PB1,PB1,99,0.16108900177069818
all,all,PB1,PB1,102,-0.64064855229319
all,all,PB1,PB1,105,0.36087756501335894
all,all,PB1,PB1,108,-0.04268963381755301
all,all,PB1,PB1,111,-0.008812326455887764
all,all,PB1,PB1,114,-0.010289280658770966
all,all,PB1,PB1,117,0.25622807638683437
all,all,PB1,PB1,123,0.45811240234067596
all,all,PB1,PB1,126,0.15693889330045852
all,all,PB1,PB1,129,0.38180379806826037
all,all,PB1,PB1,132,-0.526942555697441
all,all,PB1,PB1,133,0.05240197349379836
all,all,PB1,PB1,135,0.056491439941801835
all,all,PB1,PB1,138,-0.44059932213213754
all,all,PB1,PB1,141,0.06499858784697338
all,all,PB1,PB1,144,-0.4527871512506396
all,all,PB1,PB1,147,0.07675130547948802
all,all,PB1,PB1,150,-0.06898304353716381
all,all,PB1,PB1,153,0.3525251893730271
all,all,PB1,PB1,156,0.4942615046601242
all,all,PB1,PB1,159,0.05075055165338682
all,all,PB1,PB1,162,0.24397530875821324
all,all,PB1,PB1,168,-0.05989430955512164
all,all,PB1,PB1,171,-0.17480634140284193
all,all,PB1,PB1,174,-0.09152772820057029
all,all,PB1,PB1,177,0.13980150112245257
all,all,PB1,PB1,180,0.36553880964423335
all,all,PB1,PB1,183,0.04190162094049911
all,all,PB1,PB1,186,0.1865804186346695
all,all,PB1,PB1,189,0.15705420998779834
all,all,PB1,PB1,192,-0.015871938238303296
all,all,PB1,PB1,195,-0.3862060091792999
all,all,PB1,PB1,198,0.22195679957828865
all,all,PB1,PB1,201,0.036922458901199065
all,all,PB1,PB1,204,0.14516453586246675
all,all,PB1,PB1,207,0.8549318544370333
all,all,PB1,PB1,210,-0.01741052197117743
all,all,PB1,PB1,213,0.05059875591888984
all,all,PB1,PB1,216,-0.33876478502134877
all,all,PB1,PB1,217,0.13296026893097607
all,all,PB1,PB1,219,-0.029928077521248635
all,all,PB1,PB1,222,0.08518595663205182
all,all,PB1,PB1,225,0.04344591245061578
all,all,PB1,PB1,228,-0.020231151961555865
all,all,PB1,PB1,231,0.3086400935364977
all,all,PB1,PB1,234,-0.017004543787968205
all,all,PB1,PB1,237,0.057046005278424405
all,all,PB1,PB1,240,0.029053135295418607
all,all,PB1,PB1,243,0.4571460970640924
all,all,PB1,PB1,246,0.005106300916422415
all,all,PB1,PB1,249,-0.47884772543032406
all,all,PB1,PB1,252,-0.3219047110260719
all,all,PB1,PB1,255,-0.34112803322014523
all,all,PB1,PB1,258,0.005510975641857516
all,all,PB1,PB1,261,0.016523875220455758
all,all,PB1,PB1,264,0.18833195105016332
all,all,PB1,PB1,265,-0.21377159335526225
all,all,PB1,PB1,267,-0.18568700156750215
all,all,PB1,PB1,270,-0.1321448361666154
all,all,PB1,PB1,273,0.0016770631897940202
all,all,PB1,PB1,279,0.1424387521074431
all,all,PB1,PB1,282,0.2442563595086082
all,all,PB1,PB1,285,-0.06309328499793432
all,all,PB1,PB1,288,-0.16604308238064658
all,all,PB1,PB1,291,-0.09773528774153911
all,all,PB1,PB1,294,-0.07491730991150768
all,all,PB1,PB1,297,0.06049104967749899
all,all,PB1,PB1,300,0.1430278969277821
all,all,PB1,PB1,303,0.25602481733804944
all,all,PB1,PB1,306,-0.18146705865731816
all,all,PB1,PB1,309,-0.0446132227873025
all,all,PB1,PB1,312,-0.023070641051482488
all,all,PB1,PB1,315,-0.03996249656042267
all,all,PB1,PB1,318,-0.30245168184724125
all,all,PB1,PB1,321,-0.2365492578563521
all,all,PB1,PB1,324,-0.3849002852259422
all,all,PB1,PB1,327,0.18836619333026408
all,all,PB1,PB1,330,-0.19620181074652635
all,all,PB1,PB1,336,0.22880702325537072
all,all,PB1,PB1,339,-0.08637822788407143
all,all,PB1,PB1,342,0.41887092707837414
all,all,PB1,PB1,345,-0.2661849225167109
all,all,PB1,PB1,348,0.2368053576135182
all,all,PB1,PB1,351,-0.3722713056304305
all,all,PB1,PB1,352,0.2102612515199099
all,all,PB1,PB1,354,0.24137646775755972
all,all,PB1,PB1,357,0.2486376334571635
all,all,PB1,PB1,360,0.07818950192881763
all,all,PB1,PB1,363,-0.11248751861272506
all,all,PB1,PB1,364,-0.0042003738955666
all,all,PB1,PB1,366,-1.1659351069808872
all,all,PB1,PB1,369,0.014003094048886416
all,all,PB1,PB1,372,-0.35022029730243576
all,all,PB1,PB1,375,0.04435523346346065
all,all,PB1,PB1,378,-0.5760221137833228
all,all,PB1,PB1,381,-0.29750762823922583
all,all,PB1,PB1,384,-0.22579508827606656
all,all,PB1,PB1,387,0.13785065123164542
all,all,PB1,PB1,390,-0.1277635671363667
all,all,PB1,PB1,396,0.14777045308014375
all,all,PB1,PB1,397,0.1681697468908369
all,all,PB1,PB1,399,-0.09494164230257587
all,all,PB1,PB1,402,-0.021895247676392754
all,all,PB1,PB1,403,-0.4382377407352451
all,all,PB1,PB1,405,-0.005580604043694065
all,all,PB1,PB1,408,-0.012537798300715053
all,all,PB1,PB1,411,0.23365847280006458
all,all,PB1,PB1,414,0.1728836943256522
all,all,PB1,PB1,417,0.08737690659415423
all,all,PB1,PB1,420,-0.1470798897014674
all,all,PB1,PB1,423,-0.10316407404537553
all,all,PB1,PB1,426,0.03899460587670402
all,all,PB1,PB1,427,0.13833869952651234
all,all,PB1,PB1,429,-0.09632500450549547
all,all,PB1,PB1,432,-0.1575138899824602
all,all,PB1,PB1,435,-0.07834386323390095
all,all,PB1,PB1,438,-0.01071914963217746
all,all,PB1,PB1,441,0.37500317906840175
all,all,PB1,PB1,444,0.0075084077397473
all,all,PB1,PB1,447,0.4030840809533872
all,all,PB1,PB1,450,-0.0770725516432065
all,all,PB1,PB1,451,-0.04718706085993534
all,all,PB1,PB1,453,-0.1588778570708285
all,all,PB1,PB1,456,0.181143389609664
all,all,PB1,PB1,459,0.08668449314323456
all,all,PB1,PB1,462,0.09910409929660242
all,all,PB1,PB1,463,-0.24356765961908183
all,all,PB1,PB1,465,0.06720840470847324
all,all,PB1,PB1,468,-0.05876620657752316
all,all,PB1,PB1,471,0.17471037359097916
all,all,PB1,PB1,474,0.06350248892815646
all,all,PB1,PB1,477,0.3105461266578755
all,all,PB1,PB1,480,-0.1808464473274399
all,all,PB1,PB1,483,-0.012237084118352923
all,all,PB1,PB1,484,0.7601404307495542
all,all,PB1,PB1,486,0.20461005843819527
all,all,PB1,PB1,487,-0.2382024289962163
all,all,PB1,PB1,489,-0.25037195056344824
all,all,PB1,PB1,492,-0.12513129579341886
all,all,PB1,PB1,495,-0.09419278913741325
all,all,PB1,PB1,498,0.08443787251474037
all,all,PB1,PB1,499,-0.5304940088485748
all,all,PB1,PB1,501,-0.08737724801576792
all,all,PB1,PB1,504,0.4972471806512395
all,all,PB1,PB1,507,0.4205147857065947
all,all,PB1,PB1,510,0.38088625122163666
all,all,PB1,PB1,516,0.12856967330609284
all,all,PB1,PB1,519,0.09049944938036414
all,all,PB1,PB1,525,0.03251103769145772
all,all,PB1,PB1,528,0.27454152423197953
all,all,PB1,PB1,531,-0.08847401567632543
all,all,PB1,PB1,534,0.06360172207002553
all,all,PB1,PB1,537,0.5126502751391515
all,all,PB1,PB1,540,0.08103446696927359
all,all,PB1,PB1,543,0.5160235878706132
all,all,PB1,PB1,546,0.14175096085908126
all,all,PB1,PB1,549,0.46693841950662573
all,all,PB1,PB1,552,0.13050237086980546
all,all,PB1,PB1,555,-0.1365452556490886
all,all,PB1,PB1,558,-0.39307819850986503
all,all,PB1,PB1,559,0.2317344641730998
all,all,PB1,PB1,561,-0.04704683373886791
all,all,PB1,PB1,564,-0.21543522304880253
all,all,PB1,PB1,565,-0.8638400989867063
all,all,PB1,PB1,567,0.027666418126034573
all,all,PB1,PB1,568,0.3727708085491966
all,all,PB1,PB1,570,-0.2838775828208347
all,all,PB1,PB1,573,0.28558471035509864
all,all,PB1,PB1,574,0.4512250529036618
all,all,PB1,PB1,576,-0.17833348895128912
all,all,PB1,PB1,579,-0.3170087953310343
all,all,PB1,PB1,582,0.12004843813289406
all,all,PB1,PB1,588,0.27399754062092924
all,all,PB1,PB1,591,0.48408372763821134
all,all,PB1,PB1,594,0.1109532545373564
all,all,PB1,PB1,600,0.06644140409248642
all,all,PB1,PB1,603,0.3214309852419892
all,all,PB1,PB1,606,-0.6277967287098959
all,all,PB1,PB1,607,0.49323520823634176
all,all,PB1,PB1,609,0.016335414571012626
all,all,PB1,PB1,612,0.08857033416494228
all,all,PB1,PB1,615,-0.45607622572176065
all,all,PB1,PB1,618,0.4860910099918967
all,all,PB1,PB1,621,-1.5343646846913381
all,all,PB1,PB1,624,-0.04826586610967938
all,all,PB1,PB1,627,0.31546130071972067
all,all,PB1,PB1,630,0.018070081739744993
all,all,PB1,PB1,631,0.39077634461118405
all,all,PB1,PB1,633,-0.014466197172998633
all,all,PB1,PB1,634,0.12844776044923475
all,all,PB1,PB1,636,0.9791996533561553
all,all,PB1,PB1,639,0.2252048114809015
all,all,PB1,PB1,642,0.17371639026262045
all,all,PB1,PB1,645,-0.2779470132853915
all,all,PB1,PB1,648,-0.044199793469066766
all,all,PB1,PB1,651,-0.084227295613238
all,all,PB1,PB1,652,-0.12933307731008714
all,all,PB1,PB1,654,0.08929209230830412
all,all,PB1,PB1,657,0.3011714478121203
all,all,PB1,PB1,658,0.453165023060178
all,all,PB1,PB1,660,-0.1531571318911498
all,all,PB1,PB1,663,0.11773671326313291
all,all,PB1,PB1,664,0.11204002195777057
all,all,PB1,PB1,666,0.38385732937454375
all,all,PB1,PB1,669,-0.04729100728635832
all,all,PB1,PB1,670,0.1345964776046566
all,all,PB1,PB1,672,0.032511894224248536
all,all,PB1,PB1,675,-0.06705878591981972
all,all,PB1,PB1,678,0.2788450249741854
all,all,PB1,PB1,684,0.3900866586269619
all,all,PB1,PB1,687,0.07975369707731442
all,all,PB1,PB1,690,-0.08863211047030105
all,all,PB1,PB1,693,0.24412491287477306
all,all,PB1,PB1,696,0.1303289825458982
all,all,PB1,PB1,697,0.5319259909328983
all,all,PB1,PB1,699,-0.33453908254763004
all,all,PB1,PB1,702,0.11236244969935454
all,all,PB1,PB1,705,0.15308242292818575
all,all,PB1,PB1,706,0.48752199066259927
all,all,PB1,PB1,708,0.07405234474639745
all,all,PB1,PB1,711,-0.049229588340781755
all,all,PB1,PB1,712,-0.3628349358829555
all,all,PB1,PB1,714,-0.13379125439489725
all,all,PB1,PB1,715,0.09080846081297765
all,all,PB1,PB1,717,-0.17516522323741307
all,all,PB1,PB1,720,-0.05947083213426294
all,all,PB1,PB1,723,0.01989342479368604
all,all,PB1,PB1,726,-0.3099841340668583
all,all,PB1,PB1,729,-0.16417938613681338
all,all,PB1,PB1,732,0.4210907689081527
all,all,PB1,PB1,735,0.20076539181404904
all,all,PB1,PB1,741,0.20452989656675402
all,all,PB1,PB1,744,-0.18541110395298707
all,all,PB1,PB1,745,-0.529967242928102
all,all,PB1,PB1,747,-0.32493458708998196
all,all,PB1,PB1,750,0.7841233383576153
all,all,PB1,PB1,753,-0.0021690267633280996
all,all,PB1,PB1,756,-0.1496937800812535
all,all,PB1,PB1,759,0.4121168697243438
all,all,PB1,PB1,762,0.10010939657633378
all,all,PB1,PB1,765,-0.13028337574011453
all,all,PB1,PB1,768,0.4073435987053078
all,all,PB1,PB1,771,-0.15443662158202728
all,all,PB1,PB1,772,-0.06134211782875244
all,all,PB1,PB1,774,-0.0016652009456918394
all,all,PB1,PB1,777,0.0022594547351833527
all,all,PB1,PB1,778,-0.142149472217959
all,all,PB1,PB1,780,-0.3619591041732819
all,all,PB1,PB1,783,0.28261374219099705
all,all,PB1,PB1,786,0.2588844327575043
all,all,PB1,PB1,789,-0.3129599086460742
all,all,PB1,PB1,792,-0.19005199945624926
all,all,PB1,PB1,795,0.10407388710046525
all,all,PB1,PB1,798,-0.17806338752398318
all,all,PB1,PB1,801,-0.3234250700653163
all,all,PB1,PB1,804,0.05030914192760319
all,all,PB1,PB1,807,0.030479193941840926
all,all,PB1,PB1,810,-0.1611669911796239
all,all,PB1,PB1,813,-0.024372907278964812
all,all,PB1,PB1,816,0.10504291536056172
all,all,PB1,PB1,819,0.28272678688556147
all,all,PB1,PB1,822,0.2983100539831984
all,all,PB1,PB1,825,0.2049188381712046
all,all,PB1,PB1,828,-0.15567255313135905
all,all,PB1,PB1,831,-0.1675399161068373
all,all,PB1,PB1,834,0.013268620123252986
all,all,PB1,PB1,837,0.24525034017656522
all,all,PB1,PB1,840,-0.07262663878017842
all,all,PB1,PB1,843,0.14241220789713901
all,all,PB1,PB1,844,0.04750381964712182
all,all,PB1,PB1,846,-0.3185355955965836
all,all,PB1,PB1,849,-0.30324332222670897
all,all,PB1,PB1,852,0.1060146552257488
all,all,PB1,PB1,855,0.47604948659042423
all,all,PB1,PB1,858,-0.08723387952055636
all,all,PB1,PB1,861,-0.09257903784996137
all,all,PB1,PB1,864,0.19656302812034165
all,all,PB1,PB1,873,0.21457360329584543
all,all,PB1,PB1,876,0.0800910149392309
all,all,PB1,PB1,879,-0.015296509950612908
all,all,PB1,PB1,882,-0.19472705442704213
all,all,PB1,PB1,885,0.08063946766020957
all,all,PB1,PB1,888,0.20131878649712898
all,all,PB1,PB1,891,0.1352540595000555
all,all,PB1,PB1,894,-0.27604941379844183
all,all,PB1,PB1,897,0.10030445231567597
all,all,PB1,PB1,900,0.2697613602396336
all,all,PB1,PB1,903,0.29253195203869076
all,all,PB1,PB1,906,0.017497844382434718
all,all,PB1,PB1,909,0.055509229741983704
all,all,PB1,PB1,912,0.031153519149184208
all,all,PB1,PB1,915,0.34453990915879057
all,all,PB1,PB1,918,0.07058565740710115
all,all,PB1,PB1,921,0.0866495196705524
all,all,PB1,PB1,924,0.22457711859035437
all,all,PB1,PB1,930,0.10299114236460191
all,all,PB1,PB1,933,-0.07483082158458253
all,all,PB1,PB1,936,-0.006452505537744277
all,all,PB1,PB1,939,-0.08518588415879227
all,all,PB1,PB1,942,0.28802715907485077
all,all,PB1,PB1,945,-0.12435462092485652
all,all,PB1,PB1,946,-0.06613152608463513
all,all,PB1,PB1,948,-0.10425547467878721
all,all,PB1,PB1,954,0.11099045416157777
all,all,PB1,PB1,955,0.07264912018748182
all,all,PB1,PB1,957,0.3219522667395786
all,all,PB1,PB1,960,0.1885205650493057
all,all,PB1,PB1,966,0.07036926229884904
all,all,PB1,PB1,969,0.19545900209026817
all,all,PB1,PB1,972,0.07817498673266327
all,all,PB1,PB1,975,0.12382044430663917
all,all,PB1,PB1,978,0.01122166670540394
all,all,PB1,PB1,979,-0.34266249495760415
all,all,PB1,PB1,981,-0.02554959506982191
all,all,PB1,PB1,984,0.10666134540709828
all,all,PB1,PB1,987,-0.11990768059829802
all,all,PB1,PB1,990,0.24724574906690985
all,all,PB1,PB1,993,0.26820496408463823
all,all,PB1,PB1,999,-0.3698933404478319
all,all,PB1,PB1,1000,0.44336338988097457
all,all,PB1,PB1,1002,-0.31465769637089513
all,all,PB1,PB1,1005,-0.09890286658429848
all,all,PB1,PB1,1008,0.2295571986229493
all,all,PB1,PB1,1009,0.014764491942337882
all,all,PB1,PB1,1011,0.06858248042723689
all,all,PB1,PB1,1014,0.29556115145142414
all,all,PB1,PB1,1017,0.2303849636640649
all,all,PB1,PB1,1020,0.020299389694115273
all,all,PB1,PB1,1023,-0.05441829193719337
all,all,PB1,PB1,1026,0.2713186057293009
all,all,PB1,PB1,1032,-0.1839849938142959
all,all,PB1,PB1,1035,0.029373606064062627
all,all,PB1,PB1,1038,0.019293407859600487
all,all,PB1,PB1,1041,0.22035876204407961
all,all,PB1,PB1,1047,-0.22176721972456762
all,all,PB1,PB1,1048,0.3226188462390567
all,all,PB1,PB1,1050,0.23356794527034783
all,all,PB1,PB1,1051,-0.13349242907054892
all,all,PB1,PB1,1053,-0.023257036621968395
all,all,PB1,PB1,1056,0.6620511168401007
all,all,PB1,PB1,1059,0.26893843731325956
all,all,PB1,PB1,1062,0.6072134804823941
all,all,PB1,PB1,1065,-0.21665439198848335
all,all,PB1,PB1,1071,0.11885340902561262
all,all,PB1,PB1,1074,-0.007024849269694315
all,all,PB1,PB1,1077,0.45256355532906767
all,all,PB1,PB1,1080,-0.0865197100231241
all,all,PB1,PB1,1081,0.16839944721524583
all,all,PB1,PB1,1083,-0.09428674310453422
all,all,PB1,PB1,1089,0.6853054790364657
all,all,PB1,PB1,1090,-0.2518793471612748
all,all,PB1,PB1,1092,0.09173636185844275
all,all,PB1,PB1,1093,-0.05605378084341067
all,all,PB1,PB1,1095,0.057724610054915686
all,all,PB1,PB1,1098,-0.15538186175782187
all,all,PB1,PB1,1101,-0.05810137080851796
all,all,PB1,PB1,1104,0.14781655940536376
all,all,PB1,PB1,1107,0.4200717497717918
all,all,PB1,PB1,1110,-0.0039003137134131713
all,all,PB1,PB1,1113,0.27531557341011925
all,all,PB1,PB1,1117,-0.4321767845671881
all,all,PB1,PB1,1119,-0.2651308320633638
all,all,PB1,PB1,1122,0.18272000944308384
all,all,PB1,PB1,1125,0.13444740429872748
all,all,PB1,PB1,1128,0.19722669510912014
all,all,PB1,PB1,1131,0.00171674537699823
all,all,PB1,PB1,1132,-0.16835109388316521
all,all,PB1,PB1,1134,-0.05069149800510045
all,all,PB1,PB1,1137,0.08936547769750096
all,all,PB1,PB1,1140,0.4348307890576063
all,all,PB1,PB1,1143,-0.04184511487420342
all,all,PB1,PB1,1146,-0.0032268984164446858
all,all,PB1,PB1,1149,0.026090583749817223
all,all,PB1,PB1,1152,-0.16534144569241463
all,all,PB1,PB1,1155,-0.16314969421549178
all,all,PB1,PB1,1156,-0.03237968950193499
all,all,PB1,PB1,1158,0.005631694246489974
all,all,PB1,PB1,1161,0.08668240315499841
all,all,PB1,PB1,1164,0.07921716796070805
all,all,PB1,PB1,1167,0.16910564892303465
all,all,PB1,PB1,1170,0.46523915108696523
all,all,PB1,PB1,1173,0.22342095677246482
all,all,PB1,PB1,1176,0.12353626262926459
all,all,PB1,PB1,1177,-0.10887831535729023
all,all,PB1,PB1,1179,-0.015417761349418628
all,all,PB1,PB1,1182,-0.1657832048503541
all,all,PB1,PB1,1183,-0.19868588747013632
all,all,PB1,PB1,1185,-0.03370570500886096
all,all,PB1,PB1,1186,0.3999199386560152
all,all,PB1,PB1,1188,-0.09676509146540649
all,all,PB1,PB1,1191,-0.04342779900372894
all,all,PB1,PB1,1194,0.07820588875943567
all,all,PB1,PB1,1197,0.14069862999497257
all,all,PB1,PB1,1200,0.34537005153333544
all,all,PB1,PB1,1203,0.2634527745601306
all,all,PB1,PB1,1206,-0.31999569769928676
all,all,PB1,PB1,1207,0.04148014312138895
all,all,PB1,PB1,1209,-0.26607611853199503
all,all,PB1,PB1,1212,0.2560370718764572
all,all,PB1,PB1,1215,0.17404185299612907
all,all,PB1,PB1,1218,0.3797357230953665
all,all,PB1,PB1,1230,0.03101612927625681
all,all,PB1,PB1,1236,0.282286469277097
all,all,PB1,PB1,1239,0.31088602171792923
all,all,PB1,PB1,1243,0.2039278810105961
all,all,PB1,PB1,1245,0.09241819861426245
all,all,PB1,PB1,1248,0.07750363859488851
all,all,PB1,PB1,1251,0.3244667099348963
all,all,PB1,PB1,1254,0.5490322015860014
all,all,PB1,PB1,1255,-0.018478167408208124
all,all,PB1,PB1,1257,0.17511343087891973
all,all,PB1,PB1,1260,0.0009927639029998307
all,all,PB1,PB1,1263,0.10126959669496542
all,all,PB1,PB1,1266,-0.006666033222035332
all,all,PB1,PB1,1269,-0.012557522212260159
all,all,PB1,PB1,1270,-0.1439507662463696
all,all,PB1,PB1,1272,0.2077108187848061
all,all,PB1,PB1,1275,0.26658636025960714
all,all,PB1,PB1,1276,0.1808997116333937
all,all,PB1,PB1,1278,-0.09903911604283304
all,all,PB1,PB1,1281,0.29340653073418965
all,all,PB1,PB1,1284,0.0302498259268337
all,all,PB1,PB1,1287,-0.19269593618641007
all,all,PB1,PB1,1290,0.0753957446624452
all,all,PB1,PB1,1293,-0.32114998172688847
all,all,PB1,PB1,1296,-0.09779550870918935
all,all,PB1,PB1,1299,-0.020904257976948212
all,all,PB1,PB1,1302,0.247047128740998
all,all,PB1,PB1,1305,-0.16953917734437157
all,all,PB1,PB1,1308,-0.31485358416193954
all,all,PB1,PB1,1317,-0.07462794227511893
all,all,PB1,PB1,1320,0.01031514948594918
all,all,PB1,PB1,1323,0.13049462076276583
all,all,PB1,PB1,1326,-0.18370258775636447
all,all,PB1,PB1,1329,0.1655691796044048
all,all,PB1,PB1,1332,0.156815830995784
all,all,PB1,PB1,1335,0.047097394869566586
all,all,PB1,PB1,1338,0.1616319464597325
all,all,PB1,PB1,1341,-0.17529603904570906
all,all,PB1,PB1,1344,0.08583795565781172
all,all,PB1,PB1,1347,0.12898197229272912
all,all,PB1,PB1,1350,0.37098344104018904
all,all,PB1,PB1,1353,-0.02149567132490828
all,all,PB1,PB1,1356,0.0035658144048482405
all,all,PB1,PB1,1359,0.18712593713088443
all,all,PB1,PB1,1362,-0.03728381217763736
all,all,PB1,PB1,1365,0.15857709099460499
all,all,PB1,PB1,1368,0.14762366062153534
all,all,PB1,PB1,1371,-0.11021156362280805
all,all,PB1,PB1,1374,0.32916736256576623
all,all,PB1,PB1,1377,0.23725722537025268
all,all,PB1,PB1,1380,0.5461158748604575
all,all,PB1,PB1,1383,0.12874592165739587
all,all,PB1,PB1,1386,0.24387962647854944
all,all,PB1,PB1,1389,0.1559353987605542
all,all,PB1,PB1,1392,-0.30496327789203914
all,all,PB1,PB1,1393,0.30946886224601095
all,all,PB1,PB1,1395,-0.38301845844721005
all,all,PB1,PB1,1398,0.06646790089217289
all,all,PB1,PB1,1401,-0.06111580198137495
all,all,PB1,PB1,1402,0.4257929663295435
all,all,PB1,PB1,1404,-0.079589295687723
all,all,PB1,PB1,1407,-0.05321961315405696
all,all,PB1,PB1,1410,0.05509266883083332
all,all,PB1,PB1,1413,0.028330564240909323
all,all,PB1,PB1,1414,-0.165142436881542
all,all,PB1,PB1,1416,0.017227684177632725
all,all,PB1,PB1,1419,0.19652097718827802
all,all,PB1,PB1,1422,0.2366328480251921
all,all,PB1,PB1,1425,0.3342068020256557
all,all,PB1,PB1,1428,0.2031443750340655
all,all,PB1,PB1,1434,0.009998344676616606
all,all,PB1,PB1,1437,-0.367696109795422
all,all,PB1,PB1,1440,-0.5681001203276966
all,all,PB1,PB1,1443,-0.11869510014626644
all,all,PB1,PB1,1446,-0.21559889839084842
all,all,PB1,PB1,1449,0.1160210852953678
all,all,PB1,PB1,1452,0.20930502071312254
all,all,PB1,PB1,1455,0.09396405193689236
all,all,PB1,PB1,1456,-0.3105370275548889
all,all,PB1,PB1,1458,0.2644208216752884
all,all,PB1,PB1,1461,0.2825030730712042
all,all,PB1,PB1,1464,0.5580411583985982
all,all,PB1,PB1,1467,-0.2328384278342591
all,all,PB1,PB1,1470,0.011536191505165341
all,all,PB1,PB1,1473,-0.025550557408963004
all,all,PB1,PB1,1476,0.06435008543835617
all,all,PB1,PB1,1479,0.08089924414868532
all,all,PB1,PB1,1482,-0.2497609371229182
all,all,PB1,PB1,1485,0.15419483545462606
all,all,PB1,PB1,1488,-0.29800785431370613
all,all,PB1,PB1,1491,0.0694822960141467
all,all,PB1,PB1,1492,-0.11146436241888515
all,all,PB1,PB1,1494,-0.04292699334582861
all,all,PB1,PB1,1497,0.1538784718539985
all,all,PB1,PB1,1500,0.10521576863551435
all,all,PB1,PB1,1503,0.04657002789218295
all,all,PB1,PB1,1506,-0.014215118866536001
all,all,PB1,PB1,1509,-0.06716442612139925
all,all,PB1,PB1,1512,0.4256801341460281
all,all,PB1,PB1,1515,-0.2966221149988108
all,all,PB1,PB1,1518,-0.05318379234118187
all,all,PB1,PB1,1524,0.4883415167217735
all,all,PB1,PB1,1525,-0.010121071065026188
all,all,PB1,PB1,1527,-0.018178360337901673
all,all,PB1,PB1,1530,0.6574994724126034
all,all,PB1,PB1,1533,0.48277607184819393
all,all,PB1,PB1,1536,0.06982092197259755
all,all,PB1,PB1,1539,0.3067955820041986
all,all,PB1,PB1,1542,0.2656475716126841
all,all,PB1,PB1,1545,0.3343469789749108
all,all,PB1,PB1,1548,-0.06596487646654071
all,all,PB1,PB1,1551,0.18747291389759005
all,all,PB1,PB1,1554,0.07935743649877158
all,all,PB1,PB1,1557,-0.07718839649430731
all,all,PB1,PB1,1560,0.25630830140017674
all,all,PB1,PB1,1563,0.07670221910074858
all,all,PB1,PB1,1566,0.051688049751396015
all,all,PB1,PB1,1572,0.13186332326957403
all,all,PB1,PB1,1575,-0.11674728246696543
all,all,PB1,PB1,1578,0.2462778928250679
all,all,PB1,PB1,1581,0.3832348624171309
all,all,PB1,PB1,1584,0.15744757149951463
all,all,PB1,PB1,1587,0.20826217168142344
all,all,PB1,PB1,1590,0.5002979240713717
all,all,PB1,PB1,1593,0.3659674763563323
all,all,PB1,PB1,1596,-0.18618827885288422
all,all,PB1,PB1,1599,0.012978309856905068
all,all,PB1,PB1,1605,0.38092148469157405
all,all,PB1,PB1,1608,-0.06953591155023842
all,all,PB1,PB1,1611,0.15738415511561238
all,all,PB1,PB1,1614,0.028836532046928744
all,all,PB1,PB1,1617,0.10168106375000308
all,all,PB1,PB1,1620,0.9100473905821834
all,all,PB1,PB1,1623,-0.038938241891623884
all,all,PB1,PB1,1626,0.3475878179380368
all,all,PB1,PB1,1629,0.020016251420591814
all,all,PB1,PB1,1632,-0.3212957520483916
all,all,PB1,PB1,1635,-0.21083767974239953
all,all,PB1,PB1,1641,-0.39135330009670505
all,all,PB1,PB1,1644,0.0357612488784531
all,all,PB1,PB1,1647,-0.34393833618299907
all,all,PB1,PB1,1648,-0.2230299792230193
all,all,PB1,PB1,1650,0.11980868699409844
all,all,PB1,PB1,1653,0.12928145183406659
all,all,PB1,PB1,1656,-0.08814138500628849
all,all,PB1,PB1,1659,0.2501688395419755
all,all,PB1,PB1,1662,0.01322072640432246
all,all,PB1,PB1,1665,-0.15231114849394434
all,all,PB1,PB1,1666,0.19508644151425275
all,all,PB1,PB1,1668,-0.20911327140122216
all,all,PB1,PB1,1671,-0.453815376434783
all,all,PB1,PB1,1674,-0.015440452273058885
all,all,PB1,PB1,1677,-0.4158609535132166
all,all,PB1,PB1,1678,0.43114450010800875
all,all,PB1,PB1,1680,-0.03282434371533305
all,all,PB1,PB1,1683,0.12443246339273151
all,all,PB1,PB1,1686,0.060880604454938064
all,all,PB1,PB1,1687,0.4602722644330166
all,all,PB1,PB1,1689,-0.05892504404509302
all,all,PB1,PB1,1692,0.2606245561379987
all,all,PB1,PB1,1695,0.13500784126086784
all,all,PB1,PB1,1698,-0.12671233909756757
all,all,PB1,PB1,1701,-0.10837904755449498
all,all,PB1,PB1,1704,0.1375042603253368
all,all,PB1,PB1,1707,0.2788176975388768
all,all,PB1,PB1,1710,0.125968299485018
all,all,PB1,PB1,1713,-0.5162907620003816
all,all,PB1,PB1,1714,0.47286533711577294
all,all,PB1,PB1,1716,-0.28362199433848995
all,all,PB1,PB1,1719,-0.27420078359980643
all,all,PB1,PB1,1722,0.06175036487161086
all,all,PB1,PB1,1725,0.38439373591329146
all,all,PB1,PB1,1726,0.16631993450206023
all,all,PB1,PB1,1728,0.05053324049655425
all,all,PB1,PB1,1731,0.43996154457401015
all,all,PB1,PB1,1734,0.37362547628950493
all,all,PB1,PB1,1735,0.01575587462796974
all,all,PB1,PB1,1737,0.17362789506643622
all,all,PB1,PB1,1743,0.08420011466278828
all,all,PB1,PB1,1746,0.06176381684841921
all,all,PB1,PB1,1749,-0.4258695008931378
all,all,PB1,PB1,1752,-0.07437831760495228
all,all,PB1,PB1,1755,-0.08206252252434734
all,all,PB1,PB1,1758,0.4471010675962901
all,all,PB1,PB1,1761,-0.012103882624452646
all,all,PB1,PB1,1764,-0.2059989906454688
all,all,PB1,PB1,1765,-0.0854430545778857
all,all,PB1,PB1,1767,-0.36609739903006894
all,all,PB1,PB1,1768,0.001629757770417739
all,all,PB1,PB1,1770,0.04254182200362637
all,all,PB1,PB1,1773,0.19793571833535073
all,all,PB1,PB1,1776,0.30825117158320947
all,all,PB1,PB1,1779,0.20547097017143762
all,all,PB1,PB1,1782,0.09549692469716131
all,all,PB1,PB1,1785,0.5065661579897218
all,all,PB1,PB1,1788,0.19456704377438674
all,all,PB1,PB1,1791,0.10126065279900709
all,all,PB1,PB1,1792,-0.004055031633906164
all,all,PB1,PB1,1794,0.05724382793516247
all,all,PB1,PB1,1797,0.1509922404240863
all,all,PB1,PB1,1800,0.0634209025065979
all,all,PB1,PB1,1803,-0.07246118301407178
all,all,PB1,PB1,1804,-0.019677616550543873
all,all,PB1,PB1,1806,-0.1430781947414194
all,all,PB1,PB1,1809,0.11535073045571691
all,all,PB1,PB1,1812,0.24520348841978135
all,all,PB1,PB1,1815,0.08570325527694476
all,all,PB1,PB1,1818,0.26473125163942174
all,all,PB1,PB1,1821,-0.08587043552155742
all,all,PB1,PB1,1824,-0.1882601351719151
all,all,PB1,PB1,1827,-0.06622359751478775
all,all,PB1,PB1,1830,0.16833625801585134
all,all,PB1,PB1,1831,0.1337150653672407
all,all,PB1,PB1,1833,0.06516128343752822
all,all,PB1,PB1,1836,0.23180788484095538
all,all,PB1,PB1,1842,-0.03063794947362837
all,all,PB1,PB1,1843,0.08426652389941641
all,all,PB1,PB1,1845,0.13154026705700458
all,all,PB1,PB1,1851,-0.11533035784154447
all,all,PB1,PB1,1854,0.29949185267257983
all,all,PB1,PB1,1857,-0.014057161998407858
all,all,PB1,PB1,1860,-0.10700818069955555
all,all,PB1,PB1,1861,0.42888451066890626
all,all,PB1,PB1,1863,-0.09339104489179634
all,all,PB1,PB1,1866,0.15143525676504305
all,all,PB1,PB1,1867,0.42343013427697457
all,all,PB1,PB1,1869,0.1762507805872518
all,all,PB1,PB1,1870,-0.13005792690772963
all,all,PB1,PB1,1872,0.05691148721922414
all,all,PB1,PB1,1875,0.30776318935911606
all,all,PB1,PB1,1878,0.5421705990329279
all,all,PB1,PB1,1881,-0.05468956957354007
all,all,PB1,PB1,1882,-0.07453130694703601
all,all,PB1,PB1,1884,0.23624748450946953
all,all,PB1,PB1,1887,0.4041379860005261
all,all,PB1,PB1,1890,0.0466395072356755
all,all,PB1,PB1,1893,0.08595538883712248
all,all,PB1,PB1,1896,0.07807936258535703
all,all,PB1,PB1,1899,0.011035390519377741
all,all,PB1,PB1,1902,0.09875001178337736
all,all,PB1,PB1,1905,-0.05797605908167158
all,all,PB1,PB1,1908,-0.005933494487065654
all,all,PB1,PB1,1911,-0.06194067084020758
all,all,PB1,PB1,1914,0.020516124177902502
all,all,PB1,PB1,1917,-0.11298370554391005
all,all,PB1,PB1,1920,0.2530507898826299
all,all,PB1,PB1,1923,-0.1292298108884232
all,all,PB1,PB1,1926,0.11085068477041382
all,all,PB1,PB1,1929,0.5030116504346756
all,all,PB1,PB1,1932,0.013471939523270984
all,all,PB1,PB1,1935,0.1271099459537045
all,all,PB1,PB1,1941,0.3257385293634296
all,all,PB1,PB1,1944,0.044492681331908035
all,all,PB1,PB1,1947,0.05970425184691609
all,all,PB1,PB1,1950,0.20287986148556506
all,all,PB1,PB1,1953,0.383486875064885
all,all,PB1,PB1,1956,0.01227918761233097
all,all,PB1,PB1,1959,-0.5190089029120633
all,all,PB1,PB1,1962,0.13816014340075264
all,all,PB1,PB1,1968,-0.303550585283597
all,all,PB1,PB1,1971,-0.020020177620140998
all,all,PB1,PB1,1974,-0.05874880603766064
all,all,PB1,PB1,1977,0.2714565618536726
all,all,PB1,PB1,1980,-0.07234889918859058
all,all,PB1,PB1,1983,0.31427399441019116
all,all,PB1,PB1,1986,0.09160946268539297
all,all,PB1,PB1,1989,0.2470446454212556
all,all,PB1,PB1,1992,0.21328489970077583
all,all,PB1,PB1,1995,-0.12297687778802151
all,all,PB1,PB1,2001,0.27249775730527287
all,all,PB1,PB1,2004,0.0815325503279415
all,all,PB1,PB1,2007,0.06653613778224313
all,all,PB1,PB1,2008,-0.3172183686840695
all,all,PB1,PB1,2010,-0.21971257491524387
all,all,PB1,PB1,2013,-0.0598047528860501
all,all,PB1,PB1,2016,0.31272103567020054
all,all,PB1,PB1,2019,0.00871843902332077
all,all,PB1,PB1,2022,-0.032511419455604866
all,all,PB1,PB1,2023,-0.1138339514234272
all,all,PB1,PB1,2025,-0.01257052619770349
all,all,PB1,PB1,2028,0.15249278732748367
all,all,PB1,PB1,2031,0.2672678410510307
all,all,PB1,PB1,2034,0.12168112690670582
all,all,PB1,PB1,2037,-0.31043381706122836
all,all,PB1,PB1,2038,-0.10313243057392095
all,all,PB1,PB1,2040,-0.3730502726092813
all,all,PB1,PB1,2043,0.01596945909896909
all,all,PB1,PB1,2046,0.12257599811480102
all,all,PB1,PB1,2049,-0.2672618565972547
all,all,PB1,PB1,2052,0.048936922575447406
all,all,PB1,PB1,2055,-0.0014837203785860575
all,all,PB1,PB1,2058,0.006626428257752835
all,all,PB1,PB1,2061,0.0458091126589569
all,all,PB1,PB1,2067,-0.02422528246686738
all,all,PB1,PB1,2070,-0.24995152166867823
all,all,PB1,PB1,2073,0.17657533722942553
all,all,PB1,PB1,2076,0.34783213693820947
all,all,PB1,PB1,2079,-0.09112523578254472
all,all,PB1,PB1,2082,0.08060948890157958
all,all,PB1,PB1,2083,0.25199222016292955
all,all,PB1,PB1,2085,0.05087175969165893
all,all,PB1,PB1,2088,0.2968653309252927
all,all,PB1,PB1,2091,-0.045681489581220314
all,all,PB1,PB1,2094,0.0052354891216139215
all,all,PB1,PB1,2097,0.02848660385299852
all,all,PB1,PB1,2100,1.0318945443355143
all,all,PB1,PB1,2103,-0.15958719018586554
all,all,PB1,PB1,2106,0.08143307096762313
all,all,PB1,PB1,2109,0.27838440074321136
all,all,PB1,PB1,2112,0.17186687157366148
all,all,PB1,PB1,2115,-0.19828093486204193
all,all,PB1,PB1,2116,0.349388354498145
all,all,PB1,PB1,2118,-0.1699328769644189
all,all,PB1,PB1,2119,0.6164308430937163
all,all,PB1,PB1,2121,-0.3154918734398425
all,all,PB1,PB1,2124,0.18469227902305915
all,all,PB1,PB1,2127,-0.2354478034644221
all,all,PB1,PB1,2130,0.40205934803153603
all,all,PB1,PB1,2133,0.24243231713706767
all,all,PB1,PB1,2136,-0.23073862351799213
all,all,PB1,PB1,2139,0.16087582995817354
all,all,PB1,PB1,2145,-0.003449599159206035
all,all,PB1,PB1,2148,-1.7125237719957913
all,all,PB1,PB1,2151,-0.10038104867585386
all,all,PB1,PB1,2157,0.10856258623275647
all,all,PB1,PB1,2160,-0.39263442984762614
all,all,PB1,PB1,2161,-0.21395660170417719
all,all,PB1,PB1,2163,-1.3646048361908782
all,all,PB1,PB1,2166,-0.8885192442764163
all,all,PB1,PB1,2167,0.0011565337759740213
all,all,PB1,PB1,2169,-0.13962009497708575
all,all,PB1,PB1,2172,-1.121689731291267
all,all,PB1,PB1,2175,0.05068836388208963
all,all,PB1,PB1,2178,-0.35665778081601274
all,all,PB1,PB1,2179,0.2099548563119687
all,all,PB1,PB1,2181,0.018331166852094877
all,all,PB1,PB1,2184,-0.1012879730725013
all,all,PB1,PB1,2187,0.14253853742857028
all,all,PB1,PB1,2190,0.04333114655644062
all,all,PB1,PB1,2193,0.3360143677007879
all,all,PB1,PB1,2196,-0.03848314913243079
all,all,PB1,PB1,2199,0.2011682664958765
all,all,PB1,PB1,2200,0.2957644647633918
all,all,PB1,PB1,2202,-0.09328289790660181
all,all,PB1,PB1,2205,0.32135259085905354
all,all,PB1,PB1,2208,0.3760660818872473
all,all,PB1,PB1,2211,0.32957726637200324
all,all,PB1,PB1,2214,0.16414407182619423
all,all,PB1,PB1,2217,0.011926278078106034
all,all,PB1,PB1,2220,0.02257580223057834
all,all,PB1,PB1,2223,-0.4033769630859679
all,all,PB1,PB1,2226,-2.3340488137911617
all,all,PB1,PB1,2229,-2.055223301016591
all,all,PB1,PB1,2235,-1.985098167486092
all,all,PB1,PB1,2238,-2.892759575887116
all,all,PB1,PB1,2241,-0.07264000049610327
all,all,PB1,PB1,2244,-0.5199447531450001
all,all,PB1,PB1,2247,-4.341754800322063
all,all,PB1,PB1,2250,-1.4960117186159387
all,all,PB1,PB1,2253,-2.5475171146887563
all,all,PB1,PB1,2256,0.11410392436366537
all,all,PB1,PB1,2259,-1.734846839995728
all,all,PB1,PB1,2260,-0.7096539318144984
all,all,PB1,PB1,2262,-3.9644977489143494
all,all,PB1,PB1,2263,-5.618361652772953
all,all,PB1,PB1,2265,-3.4349585134923792
all,all,PB1,PB1,2268,0.025730386161538096
all,all,PB1,PB1,2271,0.16107318559485923
all,all,PB1,PB1,2273,0.0992213546139147
all,all,PB2,PB2,6,0.1672273467713264
all,all,PB2,PB2,7,-0.0517781138948324
all,all,PB2,PB2,9,-0.6666659027141046
all,all,PB2,PB2,12,-0.7928319977499568
all,all,PB2,PB2,15,0.7898715130764298
all,all,PB2,PB2,18,0.4041708591355955
all,all,PB2,PB2,19,0.4256838245466082
all,all,PB2,PB2,21,-0.2605234768753873
all,all,PB2,PB2,22,0.17994176733198092
all,all,PB2,PB2,24,-0.15444525048502583
all,all,PB2,PB2,27,0.09953317112104959
all,all,PB2,PB2,28,0.10384958000066744
all,all,PB2,PB2,30,0.06177715371784328
all,all,PB2,PB2,36,-0.08764706773716198
all,all,PB2,PB2,39,-0.2934193286989944
all,all,PB2,PB2,42,-1.1391639344165168
all,all,PB2,PB2,45,-2.215502758091975
all,all,PB2,PB2,48,0.16773644240304084
all,all,PB2,PB2,51,-2.455083871397789
all,all,PB2,PB2,54,-2.2542178564780597
all,all,PB2,PB2,57,-0.9013899765255015
all,all,PB2,PB2,58,-1.2701326609019092
all,all,PB2,PB2,60,-0.06798386744600737
all,all,PB2,PB2,63,0.22428885149493288
all,all,PB2,PB2,66,0.039690013692885204
all,all,PB2,PB2,69,0.16902505639315643
all,all,PB2,PB2,72,0.15912601698821138
all,all,PB2,PB2,75,-0.3604383428041077
all,all,PB2,PB2,78,-1.0056307370590223
all,all,PB2,PB2,81,0.00923136849220011
all,all,PB2,PB2,87,-0.16293574773345942
all,all,PB2,PB2,90,0.5897907602928926
all,all,PB2,PB2,93,0.058991123366311356
all,all,PB2,PB2,96,-0.07352781122459863
all,all,PB2,PB2,99,0.11571771294220295
all,all,PB2,PB2,102,-0.05489412209220318
all,all,PB2,PB2,105,-0.32410536731073725
all,all,PB2,PB2,108,-0.18167533998650826
all,all,PB2,PB2,111,-0.15187199008789898
all,all,PB2,PB2,112,0.39764642880501977
all,all,PB2,PB2,114,0.16163093129861938
all,all,PB2,PB2,117,-0.18622676517424303
all,all,PB2,PB2,120,0.10680457191719624
all,all,PB2,PB2,123,0.11929783562191436
all,all,PB2,PB2,126,-0.062019141310912004
all,all,PB2,PB2,129,0.10813295826206315
all,all,PB2,PB2,132,0.21865375818340502
all,all,PB2,PB2,135,-0.0810341137766481
all,all,PB2,PB2,136,-0.5399212269347962
all,all,PB2,PB2,138,-0.09927943960789243
all,all,PB2,PB2,144,0.1536348955985562
all,all,PB2,PB2,156,-0.10145355058149054
all,all,PB2,PB2,162,0.010110062781523578
all,all,PB2,PB2,165,0.19349061252557542
all,all,PB2,PB2,168,-0.16633961020205268
all,all,PB2,PB2,171,0.28215551199189604
all,all,PB2,PB2,174,0.19272762878532834
all,all,PB2,PB2,177,0.2172463465469022
all,all,PB2,PB2,180,0.1734351723243568
all,all,PB2,PB2,183,-0.25889906197832013
all,all,PB2,PB2,184,0.2950501417314507
all,all,PB2,PB2,186,0.07986768586725357
all,all,PB2,PB2,189,-0.12394376260338275
all,all,PB2,PB2,192,-0.4253963626727185
all,all,PB2,PB2,195,-0.2572609148034006
all,all,PB2,PB2,201,0.09456952172461103
all,all,PB2,PB2,204,0.2197793822361202
all,all,PB2,PB2,207,0.241883608677471
all,all,PB2,PB2,208,0.47785729246272
all,all,PB2,PB2,210,-0.06236941200134659
all,all,PB2,PB2,213,0.21776086053311436
all,all,PB2,PB2,216,-0.04610098966476018
all,all,PB2,PB2,219,-0.150071623021777
all,all,PB2,PB2,222,0.1903122613485581
all,all,PB2,PB2,225,0.4068888072810495
all,all,PB2,PB2,228,-0.08126916945017933
all,all,PB2,PB2,229,-0.215239952746336
all,all,PB2,PB2,231,0.21796869808757016
all,all,PB2,PB2,237,0.03243645384001603
all,all,PB2,PB2,240,-0.2576009765385253
all,all,PB2,PB2,243,-0.2549272098659703
all,all,PB2,PB2,246,-0.0979020704086298
all,all,PB2,PB2,249,0.1974223126874205
all,all,PB2,PB2,252,-0.014553923537541962
all,all,PB2,PB2,255,0.2206712685866279
all,all,PB2,PB2,258,-0.20217356750949195
all,all,PB2,PB2,261,-0.2818592452708092
all,all,PB2,PB2,262,0.20488384890234518
all,all,PB2,PB2,264,-0.10489850894804541
all,all,PB2,PB2,267,0.17562101888610152
all,all,PB2,PB2,273,-0.05453216857119777
all,all,PB2,PB2,276,-0.23778828887801015
all,all,PB2,PB2,279,0.036460035894656455
all,all,PB2,PB2,280,-0.048124611937833746
all,all,PB2,PB2,282,0.0822782968704769
all,all,PB2,PB2,285,0.3211822145464626
all,all,PB2,PB2,288,0.2038119980338481
all,all,PB2,PB2,291,-0.6836607256925962
all,all,PB2,PB2,300,-0.03849883609696572
all,all,PB2,PB2,301,-0.3040726541125854
all,all,PB2,PB2,303,0.16627502218886764
all,all,PB2,PB2,306,0.18480738716747444
all,all,PB2,PB2,309,0.5632235525747102
all,all,PB2,PB2,312,0.090556717537062
all,all,PB2,PB2,315,-0.012354155449374501
all,all,PB2,PB2,318,-0.6121966411886394
all,all,PB2,PB2,321,0.29968302473915687
all,all,PB2,PB2,324,0.17750401070989996
all,all,PB2,PB2,327,-0.014961254040604055
all,all,PB2,PB2,330,-0.06623213750362478
all,all,PB2,PB2,333,0.10865427700973905
all,all,PB2,PB2,336,0.16842925611484758
all,all,PB2,PB2,339,-0.1405045294075379
all,all,PB2,PB2,342,-0.061662736264079636
all,all,PB2,PB2,345,-0.029795357996146077
all,all,PB2,PB2,348,0.16016070153314432
all,all,PB2,PB2,351,-0.15981693737850128
all,all,PB2,PB2,354,-0.013768354616971262
all,all,PB2,PB2,357,-0.10130121950094384
all,all,PB2,PB2,360,-0.3652814894638725
all,all,PB2,PB2,363,0.4217775424136354
all,all,PB2,PB2,366,0.19821068090924787
all,all,PB2,PB2,369,-0.1387731588501609
all,all,PB2,PB2,370,0.46075407735317925
all,all,PB2,PB2,372,-0.004645263849870046
all,all,PB2,PB2,373,-0.2655332162830792
all,all,PB2,PB2,375,0.3434002885810856
all,all,PB2,PB2,378,0.19046169687325606
all,all,PB2,PB2,381,0.06710352850397734
all,all,PB2,PB2,384,0.17842183709747744
all,all,PB2,PB2,387,0.021288610075399825
all,all,PB2,PB2,390,0.11032441748679943
all,all,PB2,PB2,393,0.16106680345947016
all,all,PB2,PB2,396,-0.22275582074614325
all,all,PB2,PB2,399,0.45188735449225675
all,all,PB2,PB2,402,-0.0007934587439821297
all,all,PB2,PB2,405,-0.1793291773419568
all,all,PB2,PB2,406,-0.38704207600205354
all,all,PB2,PB2,408,-0.04098773541726949
all,all,PB2,PB2,411,-0.12473566075016844
all,all,PB2,PB2,414,-0.24281159227938792
all,all,PB2,PB2,417,0.1292500438026576
all,all,PB2,PB2,420,0.27205284664239937
all,all,PB2,PB2,423,-0.020749270011469617
all,all,PB2,PB2,424,-0.11173953516043619
all,all,PB2,PB2,426,0.10023036367460555
all,all,PB2,PB2,427,0.4493391172572918
all,all,PB2,PB2,429,-0.25309783233315597
all,all,PB2,PB2,430,0.5346240515260055
all,all,PB2,PB2,432,-0.27129391242780787
all,all,PB2,PB2,435,0.23729306395290514
all,all,PB2,PB2,438,0.07821178291626141
all,all,PB2,PB2,441,0.10675983586627873
all,all,PB2,PB2,444,0.1659071627893034
all,all,PB2,PB2,447,0.3134042424959485
all,all,PB2,PB2,450,0.08332612074025847
all,all,PB2,PB2,453,0.270614959007724
all,all,PB2,PB2,456,-0.15828849814161697
all,all,PB2,PB2,459,-0.07448686501935997
all,all,PB2,PB2,462,-0.03178966361048778
all,all,PB2,PB2,465,-0.1561341287199281
all,all,PB2,PB2,468,0.014387500709164697
all,all,PB2,PB2,471,0.15166836693716995
all,all,PB2,PB2,474,-0.35604529733471724
all,all,PB2,PB2,477,-0.15572805755441863
all,all,PB2,PB2,480,-0.024878310614648593
all,all,PB2,PB2,483,-0.1863713207098764
all,all,PB2,PB2,486,0.15237953534379883
all,all,PB2,PB2,489,-0.02582503110653611
all,all,PB2,PB2,495,-0.17997252739305433
all,all,PB2,PB2,498,-0.15420269192569316
all,all,PB2,PB2,501,-0.03071890839237144
all,all,PB2,PB2,504,0.5624409324368422
all,all,PB2,PB2,507,-0.012330070530251536
all,all,PB2,PB2,510,0.054438051593276665
all,all,PB2,PB2,513,0.4093823986928902
all,all,PB2,PB2,516,0.06192618827930557
all,all,PB2,PB2,519,0.03693370920472301
all,all,PB2,PB2,522,-0.04649042967248962
all,all,PB2,PB2,523,1.3775832505013874
all,all,PB2,PB2,525,-0.07602369772208303
all,all,PB2,PB2,528,-0.2065934275010319
all,all,PB2,PB2,529,-0.09493643420328081
all,all,PB2,PB2,531,0.002393906529474753
all,all,PB2,PB2,534,0.0076880422364342445
all,all,PB2,PB2,537,0.11033718034626287
all,all,PB2,PB2,540,-0.029597055953445583
all,all,PB2,PB2,543,-0.24872145417747166
all,all,PB2,PB2,546,-5.088833846642049e-05
all,all,PB2,PB2,547,-0.14257693210012093
all,all,PB2,PB2,549,-0.15123081336846322
all,all,PB2,PB2,552,-0.36577262101923613
all,all,PB2,PB2,555,0.09222531095135872
all,all,PB2,PB2,558,0.12648571379127596
all,all,PB2,PB2,561,0.18270397628527044
all,all,PB2,PB2,564,0.19784397054382646
all,all,PB2,PB2,567,-0.08250095745525671
all,all,PB2,PB2,570,0.6472036026187008
all,all,PB2,PB2,573,0.07335366514694087
all,all,PB2,PB2,576,0.11950339259082063
all,all,PB2,PB2,579,-0.11778844624991523
all,all,PB2,PB2,580,0.16989214065268182
all,all,PB2,PB2,582,-0.3825336628158462
all,all,PB2,PB2,585,0.03786456169005481
all,all,PB2,PB2,588,0.05716736630054153
all,all,PB2,PB2,591,-0.061864318134689344
all,all,PB2,PB2,594,0.41675482659114566
all,all,PB2,PB2,597,0.08111338056349435
all,all,PB2,PB2,600,0.10645305071677899
all,all,PB2,PB2,601,-0.38864850746167295
all,all,PB2,PB2,603,0.015986853847187982
all,all,PB2,PB2,609,0.20110230963963005
all,all,PB2,PB2,612,0.03668765021437677
all,all,PB2,PB2,615,0.29830122071116466
all,all,PB2,PB2,619,-0.08121746990478906
all,all,PB2,PB2,621,-0.2181188509628922
all,all,PB2,PB2,624,-0.0869991096121818
all,all,PB2,PB2,625,-0.4628171661154268
all,all,PB2,PB2,627,-0.04266252097193428
all,all,PB2,PB2,630,0.06884885363704454
all,all,PB2,PB2,631,-0.1332571202466946
all,all,PB2,PB2,633,-0.03208303844192732
all,all,PB2,PB2,636,0.003567192107222751
all,all,PB2,PB2,637,0.005725332942852517
all,all,PB2,PB2,639,0.5686760648265324
all,all,PB2,PB2,642,0.26719949455881203
all,all,PB2,PB2,645,-0.22520633196478887
all,all,PB2,PB2,646,0.11521906172526404
all,all,PB2,PB2,648,-0.21500855903840246
all,all,PB2,PB2,651,0.05463136866200531
all,all,PB2,PB2,652,-0.17570427438912728
all,all,PB2,PB2,654,-0.24733217287520715
all,all,PB2,PB2,657,0.2263720912874944
all,all,PB2,PB2,660,0.3046630964871888
all,all,PB2,PB2,663,-0.11686484016760619
all,all,PB2,PB2,666,0.14128837716394785
all,all,PB2,PB2,669,0.34946421011466666
all,all,PB2,PB2,672,-0.05323250415402636
all,all,PB2,PB2,675,-0.0922788712579079
all,all,PB2,PB2,678,0.16076263359502435
all,all,PB2,PB2,681,0.28257255710667256
all,all,PB2,PB2,684,-0.04587306898119216
all,all,PB2,PB2,687,-0.11045663998382797
all,all,PB2,PB2,690,0.037360877503114384
all,all,PB2,PB2,693,0.3751646100778627
all,all,PB2,PB2,694,0.004439818563512038
all,all,PB2,PB2,696,0.20605216432142015
all,all,PB2,PB2,699,-0.020854309578397033
all,all,PB2,PB2,700,-0.08208382235927046
all,all,PB2,PB2,702,-0.0632297451416429
all,all,PB2,PB2,705,0.0015874971462609888
all,all,PB2,PB2,708,-0.19771174993243473
all,all,PB2,PB2,711,0.1955082137901014
all,all,PB2,PB2,714,-0.1583292084082491
all,all,PB2,PB2,717,-0.1331653855467511
all,all,PB2,PB2,723,0.1681774497675551
all,all,PB2,PB2,726,0.0037380294440447354
all,all,PB2,PB2,732,0.10684331702000695
all,all,PB2,PB2,735,-0.025710423481160916
all,all,PB2,PB2,738,0.33496188944980404
all,all,PB2,PB2,741,0.05309239170837125
all,all,PB2,PB2,744,0.2028350579659275
all,all,PB2,PB2,747,0.22865013324367064
all,all,PB2,PB2,750,0.0020701912549060536
all,all,PB2,PB2,753,-0.032825883869544846
all,all,PB2,PB2,756,0.09192967607391049
all,all,PB2,PB2,759,0.07520763688849602
all,all,PB2,PB2,762,0.056155826291897706
all,all,PB2,PB2,765,0.0015729375989015249
all,all,PB2,PB2,768,-0.02904266401310138
all,all,PB2,PB2,771,-0.20730466150200155
all,all,PB2,PB2,774,0.04662305781803461
all,all,PB2,PB2,775,0.494096653783307
all,all,PB2,PB2,777,0.42432393732153445
all,all,PB2,PB2,780,-0.1527122064357177
all,all,PB2,PB2,783,0.27474384629806986
all,all,PB2,PB2,786,-0.02295066852075588
all,all,PB2,PB2,789,-0.07946002636036006
all,all,PB2,PB2,790,0.9301294894363699
all,all,PB2,PB2,792,-0.058528592574223035
all,all,PB2,PB2,795,0.012721115826791904
all,all,PB2,PB2,798,0.14323897688213982
all,all,PB2,PB2,801,0.06129892368012224
all,all,PB2,PB2,802,0.5107529814904306
all,all,PB2,PB2,804,-0.8381075109604534
all,all,PB2,PB2,805,0.05750410672720449
all,all,PB2,PB2,807,-0.2439128096279355
all,all,PB2,PB2,810,0.11864128500516591
all,all,PB2,PB2,813,0.09148094727555543
all,all,PB2,PB2,816,-0.20151137541671182
all,all,PB2,PB2,819,0.06695977090987451
all,all,PB2,PB2,822,0.06829903512622801
all,all,PB2,PB2,825,0.05394744800619862
all,all,PB2,PB2,828,-0.16768904569477705
all,all,PB2,PB2,829,-0.11730049534575956
all,all,PB2,PB2,831,-0.029997500529047455
all,all,PB2,PB2,834,-0.1685158178329698
all,all,PB2,PB2,837,-0.17445135131484552
all,all,PB2,PB2,838,-0.15524479676133784
all,all,PB2,PB2,840,0.35053872270432346
all,all,PB2,PB2,841,0.04993107341401014
all,all,PB2,PB2,843,0.12637217991553198
all,all,PB2,PB2,846,-0.022409435953169354
all,all,PB2,PB2,852,0.10247216076521504
all,all,PB2,PB2,855,-0.10242316739242258
all,all,PB2,PB2,858,0.2583968140165416
all,all,PB2,PB2,861,0.2645384908481005
all,all,PB2,PB2,864,0.21410559370680465
all,all,PB2,PB2,867,0.28744895810855536
all,all,PB2,PB2,870,0.10208623511683752
all,all,PB2,PB2,873,0.18013145226993962
all,all,PB2,PB2,876,0.020778542132926715
all,all,PB2,PB2,877,0.11220715474420348
all,all,PB2,PB2,879,0.17342754089495852
all,all,PB2,PB2,885,0.2935349358224699
all,all,PB2,PB2,888,0.2503943593526977
all,all,PB2,PB2,891,0.3242435117065352
all,all,PB2,PB2,894,0.1282565745319099
all,all,PB2,PB2,895,-0.620388399416139
all,all,PB2,PB2,897,0.08712552807100235
all,all,PB2,PB2,900,0.17914112704107119
all,all,PB2,PB2,903,0.020507276296054963
all,all,PB2,PB2,906,0.1016956691606187
all,all,PB2,PB2,909,0.2208062389168759
all,all,PB2,PB2,912,-0.18713453380754802
all,all,PB2,PB2,915,-0.17859547436351472
all,all,PB2,PB2,918,-0.11567670202533313
all,all,PB2,PB2,921,0.4571016297070479
all,all,PB2,PB2,924,0.13824244750944412
all,all,PB2,PB2,927,-0.16493596471898242
all,all,PB2,PB2,930,0.40407647846572176
all,all,PB2,PB2,933,-0.05455526977021818
all,all,PB2,PB2,936,0.39385429378460646
all,all,PB2,PB2,939,0.017581039156831468
all,all,PB2,PB2,942,0.2959474482089875
all,all,PB2,PB2,945,0.22695129514614976
all,all,PB2,PB2,948,0.48834043174343517
all,all,PB2,PB2,949,-0.08683484236859944
all,all,PB2,PB2,951,-0.07095303482101939
all,all,PB2,PB2,952,0.21482017590178354
all,all,PB2,PB2,954,-0.019870039530237995
all,all,PB2,PB2,957,0.04248636201943951
all,all,PB2,PB2,960,0.052183448031653396
all,all,PB2,PB2,963,0.2252081339974612
all,all,PB2,PB2,966,0.07643087726704975
all,all,PB2,PB2,969,-0.10774775438810244
all,all,PB2,PB2,972,0.14692523240816166
all,all,PB2,PB2,975,0.152154545119483
all,all,PB2,PB2,978,-0.23745057866291783
all,all,PB2,PB2,981,0.264145098843337
all,all,PB2,PB2,984,0.12724104728021224
all,all,PB2,PB2,987,0.21998926934415167
all,all,PB2,PB2,990,0.011673355440952146
all,all,PB2,PB2,993,-0.27519097135661785
all,all,PB2,PB2,994,0.14332434753673298
all,all,PB2,PB2,996,0.16239218415993945
all,all,PB2,PB2,999,0.05856632315307684
all,all,PB2,PB2,1002,0.022932485065087646
all,all,PB2,PB2,1005,0.22698145328259842
all,all,PB2,PB2,1008,-0.2549389526442584
all,all,PB2,PB2,1011,0.006660551964122252
all,all,PB2,PB2,1014,0.2704748113330461
all,all,PB2,PB2,1017,-0.06631718272274796
all,all,PB2,PB2,1018,0.09493220527939797
all,all,PB2,PB2,1020,0.22030103542093996
all,all,PB2,PB2,1023,0.05311665215530881
all,all,PB2,PB2,1026,-0.06401618418358372
all,all,PB2,PB2,1029,0.23669476668929085
all,all,PB2,PB2,1032,0.2865389669185605
all,all,PB2,PB2,1033,-0.385510688503047
all,all,PB2,PB2,1035,0.19836050072053388
all,all,PB2,PB2,1038,0.3362965882698101
all,all,PB2,PB2,1041,0.4116137887285455
all,all,PB2,PB2,1044,0.06781268216873627
all,all,PB2,PB2,1047,-0.23418018889740463
all,all,PB2,PB2,1050,0.10855109068152305
all,all,PB2,PB2,1053,-0.5106277783332103
all,all,PB2,PB2,1054,-0.04831725260768648
all,all,PB2,PB2,1056,-0.4505511125628222
all,all,PB2,PB2,1059,-0.0989590633998497
all,all,PB2,PB2,1060,-0.042749813889175384
all,all,PB2,PB2,1062,0.1417907245365156
all,all,PB2,PB2,1063,0.5464832088057372
all,all,PB2,PB2,1065,-0.010169885766666747
all,all,PB2,PB2,1068,-0.07653436645586152
all,all,PB2,PB2,1071,-0.1265695504780641
all,all,PB2,PB2,1074,-0.18430645235888335
all,all,PB2,PB2,1077,0.05615205514390276
all,all,PB2,PB2,1080,0.11059113552815032
all,all,PB2,PB2,1083,-0.25340043845229493
all,all,PB2,PB2,1086,0.03831582649003931
all,all,PB2,PB2,1089,-0.07232765287002159
all,all,PB2,PB2,1092,0.07791790768404423
all,all,PB2,PB2,1098,0.5346937756534146
all,all,PB2,PB2,1101,0.19271239992823694
all,all,PB2,PB2,1102,0.276035521512874
all,all,PB2,PB2,1104,-0.12666123175733113
all,all,PB2,PB2,1105,0.031164749060984747
all,all,PB2,PB2,1107,0.1666712851365654
all,all,PB2,PB2,1110,0.06520752445327546
all,all,PB2,PB2,1113,0.12727871482398972
all,all,PB2,PB2,1116,-0.04081188300976939
all,all,PB2,PB2,1119,0.26326013083061695
all,all,PB2,PB2,1120,0.21025822674019784
all,all,PB2,PB2,1122,0.11009374493442511
all,all,PB2,PB2,1123,0.07713433243003859
all,all,PB2,PB2,1125,-0.08816640116542657
all,all,PB2,PB2,1128,0.20077994838079613
all,all,PB2,PB2,1131,0.28419203321510295
all,all,PB2,PB2,1134,-0.2993117037017224
all,all,PB2,PB2,1135,-0.22804188155107682
all,all,PB2,PB2,1137,-0.2403187874750247
all,all,PB2,PB2,1138,0.5315039145297249
all,all,PB2,PB2,1140,-0.10673625366680617
all,all,PB2,PB2,1141,0.12257061857125896
all,all,PB2,PB2,1143,-0.17576747987764504
all,all,PB2,PB2,1146,0.07179887412480747
all,all,PB2,PB2,1149,0.007954842387366129
all,all,PB2,PB2,1150,0.0778379091798225
all,all,PB2,PB2,1152,0.23412543526928817
all,all,PB2,PB2,1155,0.2731361416073329
all,all,PB2,PB2,1158,-0.1083839729523976
all,all,PB2,PB2,1161,-0.08038477439470428
all,all,PB2,PB2,1164,-0.18621209673741745
all,all,PB2,PB2,1165,0.4608126832330997
all,all,PB2,PB2,1167,0.16914213006410833
all,all,PB2,PB2,1170,0.0979142250144969
all,all,PB2,PB2,1173,-0.03932539332309378
all,all,PB2,PB2,1176,-0.11182445679146774
all,all,PB2,PB2,1179,0.2615323510761859
all,all,PB2,PB2,1182,0.14324824071802833
all,all,PB2,PB2,1185,-0.07244434722844048
all,all,PB2,PB2,1188,-0.11560579571401941
all,all,PB2,PB2,1191,-0.1617461753867324
all,all,PB2,PB2,1194,-0.3442455316987591
all,all,PB2,PB2,1197,0.1898593441338116
all,all,PB2,PB2,1200,0.3191838621076455
all,all,PB2,PB2,1203,0.15707653753270925
all,all,PB2,PB2,1209,0.34857539948306293
all,all,PB2,PB2,1212,0.31643136530296834
all,all,PB2,PB2,1215,-0.16198795045502692
all,all,PB2,PB2,1218,0.33545087806501306
all,all,PB2,PB2,1221,-0.06956442696336795
all,all,PB2,PB2,1224,0.19366465618540712
all,all,PB2,PB2,1227,0.02143480621935203
all,all,PB2,PB2,1230,-0.10373351715207772
all,all,PB2,PB2,1233,0.20601228565223287
all,all,PB2,PB2,1236,0.22008278198054093
all,all,PB2,PB2,1239,-0.07922721400623871
all,all,PB2,PB2,1242,-0.08135722526989321
all,all,PB2,PB2,1243,-0.44256259856847713
all,all,PB2,PB2,1245,0.03626019124397467
all,all,PB2,PB2,1248,-0.19888249344566472
all,all,PB2,PB2,1251,0.04773572148413144
all,all,PB2,PB2,1252,0.19673099769587113
all,all,PB2,PB2,1254,0.03799330453384731
all,all,PB2,PB2,1257,0.21977326746831313
all,all,PB2,PB2,1260,-0.0016202821755903415
all,all,PB2,PB2,1263,0.2817398695423813
all,all,PB2,PB2,1266,-0.30535378142241604
all,all,PB2,PB2,1267,-0.2553173134577608
all,all,PB2,PB2,1269,-0.13879330808928955
all,all,PB2,PB2,1272,0.04171387486993472
all,all,PB2,PB2,1275,0.1197195394544347
all,all,PB2,PB2,1278,0.07498513698847935
all,all,PB2,PB2,1279,0.5172961002097213
all,all,PB2,PB2,1281,-0.2046958102390357
all,all,PB2,PB2,1282,-0.03467769172594745
all,all,PB2,PB2,1284,0.04584688520686347
all,all,PB2,PB2,1287,0.23172661676791595
all,all,PB2,PB2,1290,0.25836896802622517
all,all,PB2,PB2,1296,0.44184254992041827
all,all,PB2,PB2,1299,-0.2662840027087719
all,all,PB2,PB2,1302,0.2021110225324539
all,all,PB2,PB2,1303,-0.15520324274682362
all,all,PB2,PB2,1305,0.06531137888492873
all,all,PB2,PB2,1306,0.4124232618890493
all,all,PB2,PB2,1308,-0.011369027993978528
all,all,PB2,PB2,1311,0.13196660636405794
all,all,PB2,PB2,1314,-0.040228343904520174
all,all,PB2,PB2,1317,-0.2926239466022682
all,all,PB2,PB2,1320,0.30461172247283824
all,all,PB2,PB2,1323,0.06022471820295003
all,all,PB2,PB2,1326,0.4963187304533646
all,all,PB2,PB2,1329,0.04726663002269675
all,all,PB2,PB2,1332,0.06057242075059549
all,all,PB2,PB2,1333,-0.11344825856521186
all,all,PB2,PB2,1335,-0.173349264486188
all,all,PB2,PB2,1338,0.06958235203678964
all,all,PB2,PB2,1341,0.004957962150446152
all,all,PB2,PB2,1344,0.050761378352369005
all,all,PB2,PB2,1350,0.17729130723868572
all,all,PB2,PB2,1353,-0.4359190698249851
all,all,PB2,PB2,1356,-0.08631266650703635
all,all,PB2,PB2,1359,0.007981926501272612
all,all,PB2,PB2,1362,0.13362749936576684
all,all,PB2,PB2,1365,0.167631806541756
all,all,PB2,PB2,1368,-0.2590360807175043
all,all,PB2,PB2,1371,0.26150390014916874
all,all,PB2,PB2,1377,0.0769541862585778
all,all,PB2,PB2,1383,0.14359177138707657
all,all,PB2,PB2,1386,0.33515915921440503
all,all,PB2,PB2,1389,-0.2958771491835484
all,all,PB2,PB2,1390,0.026080887783345302
all,all,PB2,PB2,1392,0.26750976486117234
all,all,PB2,PB2,1395,0.15287242642160973
all,all,PB2,PB2,1398,0.20452238492416205
all,all,PB2,PB2,1404,-0.00251791875057613
all,all,PB2,PB2,1407,0.14832708921080356
all,all,PB2,PB2,1410,0.3748315905377308
all,all,PB2,PB2,1413,0.2512386022932374
all,all,PB2,PB2,1416,-0.038403817544925424
all,all,PB2,PB2,1422,0.005503381103221816
all,all,PB2,PB2,1423,0.05307083595916454
all,all,PB2,PB2,1425,-0.14811601069871286
all,all,PB2,PB2,1428,-0.378709788395061
all,all,PB2,PB2,1431,0.22614066419142329
all,all,PB2,PB2,1434,0.19453603860158086
all,all,PB2,PB2,1435,0.1784546916216637
all,all,PB2,PB2,1437,0.21391361876636833
all,all,PB2,PB2,1440,-0.10574234118723742
all,all,PB2,PB2,1443,0.07653089751283462
all,all,PB2,PB2,1446,0.15873946434257025
all,all,PB2,PB2,1452,0.43373427424022337
all,all,PB2,PB2,1455,0.1364193515119822
all,all,PB2,PB2,1458,-0.0513506965004919
all,all,PB2,PB2,1461,0.05751654623174191
all,all,PB2,PB2,1464,0.09120787048073749
all,all,PB2,PB2,1467,-0.012398763239326413
all,all,PB2,PB2,1470,0.3406932662109168
all,all,PB2,PB2,1473,0.2830172914653267
all,all,PB2,PB2,1476,0.0252939799879216
all,all,PB2,PB2,1477,0.5344772981339497
all,all,PB2,PB2,1479,0.1294171587106812
all,all,PB2,PB2,1482,0.07559959312680627
all,all,PB2,PB2,1485,0.0367225219561104
all,all,PB2,PB2,1488,0.14540743339939208
all,all,PB2,PB2,1491,0.23253543347945674
all,all,PB2,PB2,1494,0.04422623252733794
all,all,PB2,PB2,1497,-0.32850007044624385
all,all,PB2,PB2,1498,-0.13419049456619808
all,all,PB2,PB2,1500,0.30477408836562503
all,all,PB2,PB2,1503,0.03793530846211077
all,all,PB2,PB2,1504,-0.17122395062067797
all,all,PB2,PB2,1506,0.1503300384460759
all,all,PB2,PB2,1507,0.48493090819587154
all,all,PB2,PB2,1509,-0.20309982641450006
all,all,PB2,PB2,1512,-0.045834624678593394
all,all,PB2,PB2,1513,-0.0009928963817796253
all,all,PB2,PB2,1515,0.020300836060146103
all,all,PB2,PB2,1518,0.04155132358414359
all,all,PB2,PB2,1521,-0.21132772314039527
all,all,PB2,PB2,1522,0.5245278163196627
all,all,PB2,PB2,1524,0.061258856998153234
all,all,PB2,PB2,1527,0.17287344192662052
all,all,PB2,PB2,1530,0.20547602944185023
all,all,PB2,PB2,1533,0.0897640574834586
all,all,PB2,PB2,1534,-0.06714519660744046
all,all,PB2,PB2,1536,-0.08295163469999274
all,all,PB2,PB2,1537,-0.3139305473217182
all,all,PB2,PB2,1539,-0.09677894867497121
all,all,PB2,PB2,1542,0.0022935688796300925
all,all,PB2,PB2,1545,0.3026045269744574
all,all,PB2,PB2,1548,-0.06500604841827251
all,all,PB2,PB2,1551,0.05641170841387987
all,all,PB2,PB2,1554,-0.21334396946114578
all,all,PB2,PB2,1557,0.10028407942617104
all,all,PB2,PB2,1560,0.26111904302660216
all,all,PB2,PB2,1563,-0.11833915909536144
all,all,PB2,PB2,1566,0.07041496155011971
all,all,PB2,PB2,1569,0.47160593715950233
all,all,PB2,PB2,1572,0.1946994412375537
all,all,PB2,PB2,1575,-0.17826278779735819
all,all,PB2,PB2,1576,0.7331056147414124
all,all,PB2,PB2,1578,0.07449468193077877
all,all,PB2,PB2,1579,0.025090875827826594
all,all,PB2,PB2,1581,0.026401749185232304
all,all,PB2,PB2,1584,0.17552172552145015
all,all,PB2,PB2,1587,0.3094092827463096
all,all,PB2,PB2,1590,-0.12905166578166732
all,all,PB2,PB2,1593,0.07248835709127785
all,all,PB2,PB2,1596,0.0027898629272859244
all,all,PB2,PB2,1599,-0.2478752872431676
all,all,PB2,PB2,1602,0.05407880026190259
all,all,PB2,PB2,1614,-0.12810344756340722
all,all,PB2,PB2,1617,0.13958833661073153
all,all,PB2,PB2,1620,0.1363071541750797
all,all,PB2,PB2,1623,0.5018033221178922
all,all,PB2,PB2,1626,-0.1585250930510705
all,all,PB2,PB2,1629,0.10052572867342092
all,all,PB2,PB2,1632,-0.02986426125701288
all,all,PB2,PB2,1635,0.35682059662898363
all,all,PB2,PB2,1636,-0.14445298341892615
all,all,PB2,PB2,1638,-0.1717649505903753
all,all,PB2,PB2,1641,-0.06628731582688364
all,all,PB2,PB2,1644,-0.18053629881601407
all,all,PB2,PB2,1647,0.21543316447958624
all,all,PB2,PB2,1650,0.25183056001186027
all,all,PB2,PB2,1653,-0.33732435266480704
all,all,PB2,PB2,1659,0.012066908654885682
all,all,PB2,PB2,1662,-0.12064891507329785
all,all,PB2,PB2,1663,-0.14147182549231763
all,all,PB2,PB2,1665,0.09020467261462861
all,all,PB2,PB2,1668,0.025867402039684018
all,all,PB2,PB2,1674,0.10628214391460516
all,all,PB2,PB2,1677,-0.030185024155364698
all,all,PB2,PB2,1680,0.47770431882988856
all,all,PB2,PB2,1683,0.02959268210483358
all,all,PB2,PB2,1686,0.725237131070328
all,all,PB2,PB2,1689,0.12861481612284134
all,all,PB2,PB2,1695,0.15787749292367126
all,all,PB2,PB2,1698,-0.23005626408264437
all,all,PB2,PB2,1701,0.1849699331127278
all,all,PB2,PB2,1704,0.028593064658404645
all,all,PB2,PB2,1707,0.31151055702924874
all,all,PB2,PB2,1711,0.07741346812015923
all,all,PB2,PB2,1713,-0.031509437449683556
all,all,PB2,PB2,1716,-0.008342640037604876
all,all,PB2,PB2,1719,-0.17237626534343117
all,all,PB2,PB2,1722,-0.09031074917024645
all,all,PB2,PB2,1728,-0.06698299519424963
all,all,PB2,PB2,1731,0.11156423433641105
all,all,PB2,PB2,1734,-0.04352855113000585
all,all,PB2,PB2,1737,0.15008139570331647
all,all,PB2,PB2,1740,0.1648813064844075
all,all,PB2,PB2,1743,-0.3153396127535547
all,all,PB2,PB2,1746,-0.19263341436168455
all,all,PB2,PB2,1747,-0.2390612402882507
all,all,PB2,PB2,1749,-0.1467355325439332
all,all,PB2,PB2,1752,0.10375132227140078
all,all,PB2,PB2,1755,0.22638155739230845
all,all,PB2,PB2,1758,0.21040015065584677
all,all,PB2,PB2,1761,-0.21413053501275164
all,all,PB2,PB2,1764,0.001926205289273633
all,all,PB2,PB2,1765,-0.20723306229260952
all,all,PB2,PB2,1767,-0.4260913344149809
all,all,PB2,PB2,1770,0.04595785890488273
all,all,PB2,PB2,1771,0.1342934623160137
all,all,PB2,PB2,1773,0.013188087933429108
all,all,PB2,PB2,1776,-0.0817712383741333
all,all,PB2,PB2,1779,0.05910932707799159
all,all,PB2,PB2,1782,0.42215029447867713
all,all,PB2,PB2,1785,0.047546047200551333
all,all,PB2,PB2,1788,0.06153893932309329
all,all,PB2,PB2,1789,0.07430881164370211
all,all,PB2,PB2,1791,-0.012501088304892619
all,all,PB2,PB2,1794,-0.007289017499474193
all,all,PB2,PB2,1795,-0.13058653971532505
all,all,PB2,PB2,1797,-0.16509141008289016
all,all,PB2,PB2,1800,0.38733049302421907
all,all,PB2,PB2,1803,-0.3439010504590578
all,all,PB2,PB2,1806,-0.0738071948813485
all,all,PB2,PB2,1810,0.33332953028227
all,all,PB2,PB2,1812,0.2026599847377907
all,all,PB2,PB2,1815,-0.17209572229060338
all,all,PB2,PB2,1818,0.16391297983955622
all,all,PB2,PB2,1819,-0.11611145172696533
all,all,PB2,PB2,1821,-0.2579552513337373
all,all,PB2,PB2,1824,0.2114879862340003
all,all,PB2,PB2,1827,0.21792274053980323
all,all,PB2,PB2,1830,0.17211890120842221
all,all,PB2,PB2,1833,0.17560285006534065
all,all,PB2,PB2,1836,0.2316362703219091
all,all,PB2,PB2,1839,-0.06910600682683048
all,all,PB2,PB2,1842,-0.12030736575802758
all,all,PB2,PB2,1845,0.532400737776662
all,all,PB2,PB2,1848,-0.25858574800929246
all,all,PB2,PB2,1851,-0.1479194355806257
all,all,PB2,PB2,1852,-0.9219632946724158
all,all,PB2,PB2,1854,-0.04547342626649103
all,all,PB2,PB2,1855,-0.441171350799283
all,all,PB2,PB2,1857,0.08402387507831716
all,all,PB2,PB2,1860,-0.0022628950249334646
all,all,PB2,PB2,1863,-0.3199519052331618
all,all,PB2,PB2,1866,0.13531250507139606
all,all,PB2,PB2,1869,-0.08616468401232291
all,all,PB2,PB2,1872,0.347892812095397
all,all,PB2,PB2,1875,0.24657603766951447
all,all,PB2,PB2,1878,0.3001630688713898
all,all,PB2,PB2,1881,0.33011506700548465
all,all,PB2,PB2,1884,-0.24295250547853592
all,all,PB2,PB2,1887,-0.036618630487837076
all,all,PB2,PB2,1888,-0.027396266474913753
all,all,PB2,PB2,1890,-0.04647727380278748
all,all,PB2,PB2,1896,-0.02498015877930359
all,all,PB2,PB2,1899,0.2911691856183139
all,all,PB2,PB2,1902,-0.012348512814669643
all,all,PB2,PB2,1905,0.0726818178255397
all,all,PB2,PB2,1906,0.15500787714049186
all,all,PB2,PB2,1908,0.13588040504249746
all,all,PB2,PB2,1911,0.10115702735644096
all,all,PB2,PB2,1914,0.3950664265767543
all,all,PB2,PB2,1917,0.12692668078245378
all,all,PB2,PB2,1920,0.34236275269854977
all,all,PB2,PB2,1921,-0.6673264120445436
all,all,PB2,PB2,1923,-0.06258592319743195
all,all,PB2,PB2,1926,0.5323236643392931
all,all,PB2,PB2,1929,-0.1431284152148741
all,all,PB2,PB2,1932,0.22466593200043405
all,all,PB2,PB2,1933,-0.410684026375408
all,all,PB2,PB2,1935,0.08364381270657881
all,all,PB2,PB2,1936,0.1503405182025067
all,all,PB2,PB2,1938,-0.014596622902890079
all,all,PB2,PB2,1941,0.1913699742327242
all,all,PB2,PB2,1942,-0.06016436692879059
all,all,PB2,PB2,1944,-0.15661772254058404
all,all,PB2,PB2,1947,0.21227651661344243
all,all,PB2,PB2,1948,0.41409838118083625
all,all,PB2,PB2,1950,-0.0954015151160068
all,all,PB2,PB2,1953,0.11074388427132993
all,all,PB2,PB2,1956,0.36156045890218247
all,all,PB2,PB2,1959,-0.08277278133306488
all,all,PB2,PB2,1962,0.4336913347144035
all,all,PB2,PB2,1965,0.274557119816372
all,all,PB2,PB2,1968,0.0974480526710596
all,all,PB2,PB2,1971,0.17876325712040864
all,all,PB2,PB2,1974,0.1749927232630633
all,all,PB2,PB2,1977,0.21616628308827968
all,all,PB2,PB2,1980,0.10642044712152181
all,all,PB2,PB2,1983,0.0697488525202854
all,all,PB2,PB2,1986,-0.11657372259053352
all,all,PB2,PB2,1989,-0.2318989303133375
all,all,PB2,PB2,1990,0.3128172735390463
all,all,PB2,PB2,1992,-0.16072906420654864
all,all,PB2,PB2,1993,-0.026148233373178138
all,all,PB2,PB2,1995,-0.2212478099311083
all,all,PB2,PB2,1998,0.21146159924658345
all,all,PB2,PB2,2001,0.005279858600398443
all,all,PB2,PB2,2004,-0.33266475714382554
all,all,PB2,PB2,2007,0.24842997491634458
all,all,PB2,PB2,2010,0.3190425712653392
all,all,PB2,PB2,2013,-0.06189835392953898
all,all,PB2,PB2,2016,0.013934836077541929
all,all,PB2,PB2,2019,-0.05752273747976415
all,all,PB2,PB2,2022,0.31566506629521446
all,all,PB2,PB2,2023,0.2828949452138735
all,all,PB2,PB2,2025,0.10090888304218021
all,all,PB2,PB2,2028,-0.10920028452978729
all,all,PB2,PB2,2031,-0.2379888406192201
all,all,PB2,PB2,2034,-0.015644549900045532
all,all,PB2,PB2,2037,0.09267860926063631
all,all,PB2,PB2,2040,0.11835290858313076
all,all,PB2,PB2,2043,-0.23753828442959385
all,all,PB2,PB2,2046,0.24957867525755728
all,all,PB2,PB2,2049,0.22983489691957373
all,all,PB2,PB2,2052,0.17703255451526764
all,all,PB2,PB2,2055,0.2830199947159296
all,all,PB2,PB2,2058,0.08104261320281599
all,all,PB2,PB2,2061,0.10230411515789944
all,all,PB2,PB2,2064,0.052469654417951705
all,all,PB2,PB2,2067,0.11524795790227671
all,all,PB2,PB2,2070,0.608388231373562
all,all,PB2,PB2,2071,0.2624136042599651
all,all,PB2,PB2,2073,0.21538077266738084
all,all,PB2,PB2,2074,0.21202135352696105
all,all,PB2,PB2,2076,-0.39488919580880755
all,all,PB2,PB2,2079,0.18275931471202084
all,all,PB2,PB2,2082,0.08225823584426589
all,all,PB2,PB2,2083,-0.1013336690093371
all,all,PB2,PB2,2085,-0.06617321657303238
all,all,PB2,PB2,2088,-0.4561800114301126
all,all,PB2,PB2,2089,-0.060729318236119316
all,all,PB2,PB2,2091,0.04435649271473897
all,all,PB2,PB2,2094,0.22970224315106963
all,all,PB2,PB2,2097,0.05100921423079515
all,all,PB2,PB2,2100,-0.068958931723998
all,all,PB2,PB2,2103,-0.06807055119954689
all,all,PB2,PB2,2106,-0.5035572840259899
all,all,PB2,PB2,2107,0.6035120399747556
all,all,PB2,PB2,2109,0.14212106167759156
all,all,PB2,PB2,2112,0.12331753366463413
all,all,PB2,PB2,2115,0.4682213522325454
all,all,PB2,PB2,2118,0.03876489207222759
all,all,PB2,PB2,2121,-0.12747738258250535
all,all,PB2,PB2,2122,0.22890851224668493
all,all,PB2,PB2,2124,-0.030872292188673524
all,all,PB2,PB2,2127,-0.27279188456420517
all,all,PB2,PB2,2130,-0.04625295054384247
all,all,PB2,PB2,2133,0.07336693655355042
all,all,PB2,PB2,2136,-0.20915041651997685
all,all,PB2,PB2,2137,0.031149731242781684
all,all,PB2,PB2,2139,-0.06390429882204246
all,all,PB2,PB2,2142,0.044454616388417634
all,all,PB2,PB2,2145,-0.183447662722935
all,all,PB2,PB2,2148,-0.5461763380342425
all,all,PB2,PB2,2151,0.4373721864285268
all,all,PB2,PB2,2154,0.5994384777948955
all,all,PB2,PB2,2157,-0.44457320205953527
all,all,PB2,PB2,2160,-0.2718153549921385
all,all,PB2,PB2,2163,0.2376347338227213
all,all,PB2,PB2,2166,-0.1684414519219293
all,all,PB2,PB2,2169,0.041393262480052415
all,all,PB2,PB2,2172,-0.06366897295652348
all,all,PB2,PB2,2173,-0.03312212024923175
all,all,PB2,PB2,2175,-0.49748321698926296
all,all,PB2,PB2,2178,0.18819526391372082
all,all,PB2,PB2,2181,-0.6117268813274541
all,all,PB2,PB2,2184,0.05581631399006881
all,all,PB2,PB2,2187,-0.6025785767766425
all,all,PB2,PB2,2190,-1.2864636228380377
all,all,PB2,PB2,2193,0.43193882948968015
all,all,PB2,PB2,2196,-0.888918291963245
all,all,PB2,PB2,2197,-0.5651866016921783
all,all,PB2,PB2,2199,-0.882195236178646
all,all,PB2,PB2,2202,0.2560107547918573
all,all,PB2,PB2,2208,-3.0712175663331833
all,all,PB2,PB2,2209,-2.5972173505590934
all,all,PB2,PB2,2211,0.05002313865229382
all,all,PB2,PB2,2214,-0.056761511659681595
all,all,PB2,PB2,2215,-0.2462484113979851
all,all,PB2,PB2,2217,-0.4461371286184953
all,all,PB2,PB2,2220,-2.1424504913031974
all,all,PB2,PB2,2223,-0.7108385162951897
all,all,PB2,PB2,2226,-0.16824744650536588
all,all,PB2,PB2,2229,-2.2005291115997174
all,all,PB2,PB2,2232,-3.4628889396064886
all,all,PB2,PB2,2235,-2.882127451251156
all,all,PB2,PB2,2238,-0.6584331949565774
all,all,PB2,PB2,2241,-0.16826221101716238
all,all,PB2,PB2,2244,-3.075638798531598
all,all,PB2,PB2,2247,-3.7974754526473866
all,all,PB2,PB2,2250,-2.881393798585026
all,all,PB2,PB2,2253,-3.571907103485799
all,all,PB2,PB2,2256,-3.256650775096255
all,all,PB2,PB2,2257,-0.8952966105158972
all,all,PB2,PB2,2259,0.2818058214286665
all,all,PB2,PB2,2262,-1.569720973700619
all,all,PB2,PB2,2263,-3.8175034657770652
all,all,PB2,PB2,2265,-0.2798033956125871
all,all,PB2,PB2,2271,-3.5179157668249346
all,all,PB2,PB2,2274,-2.0152768097164744
all,all,PB2,PB2,2277,-1.6821394905384957
all,all,PB2,PB2,2279,-1.749999585263229
avian,H1,HA,HA,561,2.43729959690432
avian,H3,HA,HA,45,1.0439725447810086
avian,H3,HA,HA,171,0.7976247968898277
avian,H3,HA,HA,819,1.460394406755869
avian,H3,HA,HA,837,0.46303583849259033
avian,H3,HA,HA,1005,1.3233024884973612
avian,H3,HA,HA,1173,0.6424717364090305
avian,H3,HA,HA,1185,0.7266197615564554
avian,H3,HA,HA,1221,0.4123847964950864
avian,H3,HA,HA,1416,0.4542347857431979
avian,H3,HA,HA,1485,0.6119373292299515
avian,H5,HA,HA,6,0.0034878962011166414
avian,H5,HA,HA,9,-0.022375688634250462
avian,H5,HA,HA,15,0.6601378627216186
avian,H5,HA,HA,16,-1.1109348384180429
avian,H5,HA,HA,18,-0.4340537748270702
avian,H5,HA,HA,21,-0.9813972009621833
avian,H5,HA,HA,24,-0.12043061765816106
avian,H5,HA,HA,27,0.470120799048876
avian,H5,HA,HA,33,0.9517554048272
avian,H5,HA,HA,36,0.1278200090687637
avian,H5,HA,HA,39,0.2539591120001664
avian,H5,HA,HA,42,0.6454586287354717
avian,H5,HA,HA,45,0.07141396654733376
avian,H5,HA,HA,48,-0.09690647580435094
avian,H5,HA,HA,51,0.03307129039649966
avian,H5,HA,HA,54,-0.736472873810998
avian,H5,HA,HA,57,0.05353190025447641
avian,H5,HA,HA,60,-0.7258855585631404
avian,H5,HA,HA,63,0.3421970218395083
avian,H5,HA,HA,66,0.13238725723138894
avian,H5,HA,HA,69,-0.46616892539480964
avian,H5,HA,HA,72,0.12389830938684127
avian,H5,HA,HA,75,0.0755960251059954
avian,H5,HA,HA,78,0.31436497122238694
avian,H5,HA,HA,81,0.14574927773688245
avian,H5,HA,HA,84,-0.002973086408666517
avian,H5,HA,HA,87,0.43843592678350385
avian,H5,HA,HA,90,0.08942900486512052
avian,H5,HA,HA,93,0.07431069084959677
avian,H5,HA,HA,96,0.0851323816021073
avian,H5,HA,HA,99,-0.18370377936092283
avian,H5,HA,HA,102,-0.17870807806278943
avian,H5,HA,HA,111,0.36056600400140115
avian,H5,HA,HA,114,-0.278034016989192
avian,H5,HA,HA,117,-0.52980679394801
avian,H5,HA,HA,120,0.07930433714518144
avian,H5,HA,HA,123,0.09307787035691958
avian,H5,HA,HA,126,0.34452207099957566
avian,H5,HA,HA,129,0.29471240924518716
avian,H5,HA,HA,132,0.3474737285624489
avian,H5,HA,HA,135,-0.12708902832196226
avian,H5,HA,HA,138,-0.4347810283083651
avian,H5,HA,HA,141,-0.21616415948448822
avian,H5,HA,HA,145,-0.42021580423089866
avian,H5,HA,HA,147,0.27444145107657036
avian,H5,HA,HA,150,1.0674657392653124
avian,H5,HA,HA,153,0.15644474507680048
avian,H5,HA,HA,156,-0.33110879591819853
avian,H5,HA,HA,159,-0.024665927894338618
avian,H5,HA,HA,162,-0.18792630029742438
avian,H5,HA,HA,165,-0.23275613521496058
avian,H5,HA,HA,168,0.20694309040930603
avian,H5,HA,HA,171,-0.4854167348220948
avian,H5,HA,HA,174,-0.11092233430737031
avian,H5,HA,HA,177,-0.40026960917636883
avian,H5,HA,HA,178,0.0792186464043348
avian,H5,HA,HA,180,0.41955736287598927
avian,H5,HA,HA,183,0.15912835779753043
avian,H5,HA,HA,186,0.2921410914959457
avian,H5,HA,HA,189,-0.6287831425382956
avian,H5,HA,HA,192,0.32755901194669657
avian,H5,HA,HA,195,-0.42990266256808024
avian,H5,HA,HA,196,0.17709308378118724
avian,H5,HA,HA,198,0.34248514448717327
avian,H5,HA,HA,201,0.12424328647715036
avian,H5,HA,HA,202,0.0031999852572593018
avian,H5,HA,HA,204,0.07231311794922397
avian,H5,HA,HA,207,0.2629224288668898
avian,H5,HA,HA,210,0.23384298591401917
avian,H5,HA,HA,213,-0.026319439177588493
avian,H5,HA,HA,216,0.20635381303896494
avian,H5,HA,HA,219,0.16825903222629107
avian,H5,HA,HA,222,0.39349606805545545
avian,H5,HA,HA,225,-0.007560483883650849
avian,H5,HA,HA,231,-0.23966104953691184
avian,H5,HA,HA,234,-0.26479138251918216
avian,H5,HA,HA,237,0.5440717084942992
avian,H5,HA,HA,240,0.5508418417247387
avian,H5,HA,HA,243,-0.6951437048237037
avian,H5,HA,HA,249,0.22379712858646336
avian,H5,HA,HA,252,-0.12420336056634988
avian,H5,HA,HA,255,0.13994305704205914
avian,H5,HA,HA,258,-0.35381191467805795
avian,H5,HA,HA,261,-0.35866113095250607
avian,H5,HA,HA,264,0.09660940815107041
avian,H5,HA,HA,267,0.6155748600720352
avian,H5,HA,HA,270,-0.012709884185660698
avian,H5,HA,HA,273,0.37464743179056104
avian,H5,HA,HA,279,0.15223402328463811
avian,H5,HA,HA,282,-0.023781767981382075
avian,H5,HA,HA,288,0.16398986696988044
avian,H5,HA,HA,291,-0.38514499892852005
avian,H5,HA,HA,292,0.03841712253853273
avian,H5,HA,HA,294,-0.6664776099289413
avian,H5,HA,HA,297,0.4356925645424542
avian,H5,HA,HA,300,0.3664165899476033
avian,H5,HA,HA,303,0.34724186003369745
avian,H5,HA,HA,306,0.4060042977358675
avian,H5,HA,HA,309,0.28838844159120275
avian,H5,HA,HA,312,-0.3110995645180001
avian,H5,HA,HA,315,-0.5720465401929888
avian,H5,HA,HA,318,0.35542241685820486
avian,H5,HA,HA,321,0.09257945607660391
avian,H5,HA,HA,324,-0.024380247982306015
avian,H5,HA,HA,327,-0.40124587015121566
avian,H5,HA,HA,330,0.33341591853953084
avian,H5,HA,HA,333,-0.301428767261861
avian,H5,HA,HA,336,0.30401310233668266
avian,H5,HA,HA,339,-0.19835278683580157
avian,H5,HA,HA,342,0.22710172009604362
avian,H5,HA,HA,345,0.21563074213251013
avian,H5,HA,HA,348,-0.020421468220161065
avian,H5,HA,HA,349,-0.05213287373763547
avian,H5,HA,HA,351,0.08109345391653908
avian,H5,HA,HA,354,0.2849115209989264
avian,H5,HA,HA,357,-0.029745170780800405
avian,H5,HA,HA,358,0.1555627872867086
avian,H5,HA,HA,360,0.011651262818756614
avian,H5,HA,HA,361,0.11696412348324955
avian,H5,HA,HA,363,-0.12529877053082525
avian,H5,HA,HA,366,-0.20001843483173615
avian,H5,HA,HA,369,-0.14333217798077302
avian,H5,HA,HA,375,0.004488921428380144
avian,H5,HA,HA,378,-0.3664837563090751
avian,H5,HA,HA,381,-0.37763463441710104
avian,H5,HA,HA,384,-0.21506545903084903
avian,H5,HA,HA,387,0.0015851575254981721
avian,H5,HA,HA,390,-0.2644581811361051
avian,H5,HA,HA,391,-0.6998162950346233
avian,H5,HA,HA,393,0.13048131183478545
avian,H5,HA,HA,396,0.6231482288097454
avian,H5,HA,HA,399,0.35034328972225043
avian,H5,HA,HA,402,0.07644309115249573
avian,H5,HA,HA,405,0.3041461318375794
avian,H5,HA,HA,408,0.30132351297084087
avian,H5,HA,HA,411,0.4291932440972617
avian,H5,HA,HA,417,0.4334216849178362
avian,H5,HA,HA,420,0.14460484180679697
avian,H5,HA,HA,423,-0.1909233533737327
avian,H5,HA,HA,426,0.34905138050445284
avian,H5,HA,HA,429,-0.1511058482307991
avian,H5,HA,HA,432,0.22668320636750744
avian,H5,HA,HA,433,0.02686384435832519
avian,H5,HA,HA,435,0.634251115056328
avian,H5,HA,HA,438,0.5048018132931527
avian,H5,HA,HA,441,-0.341748747162187
avian,H5,HA,HA,444,0.13283140117002862
avian,H5,HA,HA,447,0.1010688030689467
avian,H5,HA,HA,450,0.3793071776046431
avian,H5,HA,HA,453,0.27710247775049524
avian,H5,HA,HA,456,0.6273246223198634
avian,H5,HA,HA,459,0.44395369238041144
avian,H5,HA,HA,462,-0.7054143113254138
avian,H5,HA,HA,465,-0.23456663279371745
avian,H5,HA,HA,468,-0.1932912222519218
avian,H5,HA,HA,471,-0.21922593521448164
avian,H5,HA,HA,474,0.6985907883180893
avian,H5,HA,HA,477,0.6127345530590141
avian,H5,HA,HA,480,0.22090752076858713
avian,H5,HA,HA,483,-0.19115292721766636
avian,H5,HA,HA,486,0.10920080467846088
avian,H5,HA,HA,489,-0.0540319701500768
avian,H5,HA,HA,492,0.10541618211978784
avian,H5,HA,HA,498,0.08955260770073006
avian,H5,HA,HA,501,-0.3206295661197074
avian,H5,HA,HA,504,-0.04942671410179102
avian,H5,HA,HA,507,-1.7608406336641258
avian,H5,HA,HA,510,0.1587465249389916
avian,H5,HA,HA,513,-0.2904528168260299
avian,H5,HA,HA,516,0.35428814015287896
avian,H5,HA,HA,519,-0.047337654735346374
avian,H5,HA,HA,522,0.11327108828797895
avian,H5,HA,HA,525,-0.4572139503208359
avian,H5,HA,HA,531,0.029761306650650708
avian,H5,HA,HA,537,-0.35992094940636854
avian,H5,HA,HA,540,-0.2504704220428631
avian,H5,HA,HA,543,0.14981095270387929
avian,H5,HA,HA,546,0.3107182020947368
avian,H5,HA,HA,549,0.27648584601066273
avian,H5,HA,HA,552,-0.13657692024154322
avian,H5,HA,HA,553,0.28037095629091563
avian,H5,HA,HA,555,-0.10487574715031711
avian,H5,HA,HA,558,0.41154520834028135
avian,H5,HA,HA,561,-0.15209826204153817
avian,H5,HA,HA,564,-0.05266074511546002
avian,H5,HA,HA,565,-0.13992036723251736
avian,H5,HA,HA,567,0.1965133731960312
avian,H5,HA,HA,571,0.4680124437656291
avian,H5,HA,HA,573,0.13377028314400644
avian,H5,HA,HA,579,0.06554147118368424
avian,H5,HA,HA,582,0.4011245630415425
avian,H5,HA,HA,585,0.13506680515432637
avian,H5,HA,HA,588,0.17388339912575007
avian,H5,HA,HA,591,-0.09262244134376656
avian,H5,HA,HA,594,0.4719268780957217
avian,H5,HA,HA,597,-0.11339248317240655
avian,H5,HA,HA,600,0.51032057912669
avian,H5,HA,HA,603,0.10913353884376914
avian,H5,HA,HA,606,-0.11113128784258253
avian,H5,HA,HA,609,-0.024316887330385204
avian,H5,HA,HA,612,0.05765285458473409
avian,H5,HA,HA,615,-0.2173141731080855
avian,H5,HA,HA,618,-0.15150663913286883
avian,H5,HA,HA,621,-0.05699883289498725
avian,H5,HA,HA,624,-0.05146025103570165
avian,H5,HA,HA,627,0.5133364433176678
avian,H5,HA,HA,630,0.24733049661956136
avian,H5,HA,HA,633,0.06217450828046383
avian,H5,HA,HA,636,0.3578845787031717
avian,H5,HA,HA,639,0.573906658167411
avian,H5,HA,HA,642,0.06318095062365155
avian,H5,HA,HA,645,0.10244503175339201
avian,H5,HA,HA,648,-0.07211210052807243
avian,H5,HA,HA,651,-0.133499496473268
avian,H5,HA,HA,654,0.5539026213047136
avian,H5,HA,HA,657,-0.15396032463166234
avian,H5,HA,HA,660,-0.017298918157424195
avian,H5,HA,HA,661,0.02845175064649738
avian,H5,HA,HA,663,0.42779245700189084
avian,H5,HA,HA,666,0.1113961012357957
avian,H5,HA,HA,669,-0.29783168759053635
avian,H5,HA,HA,672,-0.07136868849910069
avian,H5,HA,HA,673,-0.09607242536342941
avian,H5,HA,HA,675,-0.22906457699809077
avian,H5,HA,HA,678,0.43038986196565593
avian,H5,HA,HA,681,1.5060750705521657
avian,H5,HA,HA,684,0.0277581744757629
avian,H5,HA,HA,690,0.12459787434694458
avian,H5,HA,HA,693,-0.5648363016215439
avian,H5,HA,HA,696,-0.41973214392824887
avian,H5,HA,HA,699,-0.6866260476861328
avian,H5,HA,HA,702,-0.04240790011142079
avian,H5,HA,HA,705,0.41132716300859634
avian,H5,HA,HA,708,0.27303374037245814
avian,H5,HA,HA,711,-0.0364057428233561
avian,H5,HA,HA,714,0.20998699007763447
avian,H5,HA,HA,717,-0.23895349881121858
avian,H5,HA,HA,720,0.08942969867859366
avian,H5,HA,HA,723,0.13292935846196374
avian,H5,HA,HA,729,0.27858883021295655
avian,H5,HA,HA,732,0.1020185841355747
avian,H5,HA,HA,735,0.4153588121090595
avian,H5,HA,HA,741,0.32426862269542706
avian,H5,HA,HA,744,0.3767602488333939
avian,H5,HA,HA,745,-0.08849202880228133
avian,H5,HA,HA,747,0.09357757185512645
avian,H5,HA,HA,750,0.1365065185919314
avian,H5,HA,HA,753,0.035637472031989
avian,H5,HA,HA,756,-0.2949574876197345
avian,H5,HA,HA,759,-0.39649895722369166
avian,H5,HA,HA,762,0.037032301088054255
avian,H5,HA,HA,765,-0.09144793341565274
avian,H5,HA,HA,768,0.5424995482591354
avian,H5,HA,HA,771,0.18713084795814156
avian,H5,HA,HA,774,-0.3792083710207697
avian,H5,HA,HA,777,0.1392364976092128
avian,H5,HA,HA,780,0.1424701356808231
avian,H5,HA,HA,783,0.4562788819378399
avian,H5,HA,HA,786,0.9255641482223032
avian,H5,HA,HA,789,0.13747060371849543
avian,H5,HA,HA,792,0.18722905786609798
avian,H5,HA,HA,795,-0.17885743609930327
avian,H5,HA,HA,798,0.6440549565889582
avian,H5,HA,HA,801,0.31147954544815026
avian,H5,HA,HA,804,0.20354190110215292
avian,H5,HA,HA,807,0.37126920625576487
avian,H5,HA,HA,810,0.2750037028639288
avian,H5,HA,HA,813,-0.27859279967508627
avian,H5,HA,HA,816,0.5478655193175211
avian,H5,HA,HA,819,-0.012525432606997872
avian,H5,HA,HA,822,-0.5270648488740018
avian,H5,HA,HA,825,0.9541003304053431
avian,H5,HA,HA,828,0.5298541736164082
avian,H5,HA,HA,831,-0.042769975682867924
avian,H5,HA,HA,834,0.13855012145370504
avian,H5,HA,HA,837,-0.15505696681687878
avian,H5,HA,HA,840,0.6589272568861125
avian,H5,HA,HA,846,-0.0392727958078899
avian,H5,HA,HA,849,-0.13016716280895582
avian,H5,HA,HA,852,0.19491596749501142
avian,H5,HA,HA,855,-0.26502979086864126
avian,H5,HA,HA,858,0.4212101321769343
avian,H5,HA,HA,861,0.20778916839321826
avian,H5,HA,HA,864,0.1433943512241149
avian,H5,HA,HA,867,0.41091901493378585
avian,H5,HA,HA,870,0.34690779813413586
avian,H5,HA,HA,873,0.24903038363125973
avian,H5,HA,HA,876,0.12170748790417706
avian,H5,HA,HA,879,-0.04311372059677285
avian,H5,HA,HA,882,0.2533269362799972
avian,H5,HA,HA,885,0.5609380578985488
avian,H5,HA,HA,888,0.0681964480246311
avian,H5,HA,HA,891,0.9658462311974871
avian,H5,HA,HA,894,-0.17198519376369967
avian,H5,HA,HA,897,-0.3165388310942446
avian,H5,HA,HA,900,0.17629418810097439
avian,H5,HA,HA,906,0.308287276190336
avian,H5,HA,HA,909,0.01645346639741552
avian,H5,HA,HA,912,0.22981812930940757
avian,H5,HA,HA,918,0.7227680441848615
avian,H5,HA,HA,921,0.07113183072085186
avian,H5,HA,HA,924,-0.395989282969371
avian,H5,HA,HA,927,0.35981023447038796
avian,H5,HA,HA,933,0.42592482788509234
avian,H5,HA,HA,936,-0.2825263518387922
avian,H5,HA,HA,939,0.05546552222128365
avian,H5,HA,HA,942,0.35902891831273964
avian,H5,HA,HA,945,0.1779657758622805
avian,H5,HA,HA,948,-0.5630696075141186
avian,H5,HA,HA,951,0.6287022484441043
avian,H5,HA,HA,954,0.14678841957840516
avian,H5,HA,HA,957,-0.08215102375709628
avian,H5,HA,HA,960,-0.2737440160945283
avian,H5,HA,HA,963,-0.12850767290252027
avian,H5,HA,HA,966,-0.2476541695901521
avian,H5,HA,HA,969,-0.06597050226237851
avian,H5,HA,HA,972,0.24382098416251963
avian,H5,HA,HA,975,0.07735375996807749
avian,H5,HA,HA,978,0.30611427093326915
avian,H5,HA,HA,979,-0.31753312735112865
avian,H5,HA,HA,981,0.2951259420951272
avian,H5,HA,HA,984,0.2836184539891726
avian,H5,HA,HA,987,-0.3787774523274007
avian,H5,HA,HA,990,0.5292500506580445
avian,H5,HA,HA,993,0.7680347468565518
avian,H5,HA,HA,996,-0.0723727640719734
avian,H5,HA,HA,999,-0.23520981021292794
avian,H5,HA,HA,1002,-0.37084699138810634
avian,H5,HA,HA,1005,-0.22431091043202656
avian,H5,HA,HA,1008,0.478919080395872
avian,H5,HA,HA,1011,-0.501463794867614
avian,H5,HA,HA,1012,0.15765146684505296
avian,H5,HA,HA,1014,-0.3564672383194369
avian,H5,HA,HA,1017,1.0600409997215468
avian,H5,HA,HA,1020,0.5151314343061193
avian,H5,HA,HA,1023,-0.012889443550973517
avian,H5,HA,HA,1026,-0.5084528785559476
avian,H5,HA,HA,1029,0.5664425633639705
avian,H5,HA,HA,1032,-1.9176518346197198
avian,H5,HA,HA,1035,-0.6510861975841822
avian,H5,HA,HA,1038,-1.9441742391003678
avian,H5,HA,HA,1041,0.144099718619667
avian,H5,HA,HA,1042,-0.12884817938956375
avian,H5,HA,HA,1044,-0.27817226130232653
avian,H5,HA,HA,1047,0.1394738477632569
avian,H5,HA,HA,1050,-0.008251161849141937
avian,H5,HA,HA,1053,0.6149553771774112
avian,H5,HA,HA,1059,0.009839795537752133
avian,H5,HA,HA,1062,1.7393849324901944
avian,H5,HA,HA,1065,-0.2005451777440679
avian,H5,HA,HA,1071,0.17195877844194843
avian,H5,HA,HA,1074,-0.5209084577904476
avian,H5,HA,HA,1077,-1.5421995796341956
avian,H5,HA,HA,1083,0.07113585819156858
avian,H5,HA,HA,1086,0.2743430860551855
avian,H5,HA,HA,1092,-0.242860744584632
avian,H5,HA,HA,1095,0.4740821310453412
avian,H5,HA,HA,1098,-0.527649304113027
avian,H5,HA,HA,1104,0.43916954247469736
avian,H5,HA,HA,1107,0.4392987739667221
avian,H5,HA,HA,1110,0.23679049804610708
avian,H5,HA,HA,1113,0.2793467594720438
avian,H5,HA,HA,1116,-0.3861114880835359
avian,H5,HA,HA,1119,0.7319547259986865
avian,H5,HA,HA,1122,0.008544466677434925
avian,H5,HA,HA,1125,0.094421624686338
avian,H5,HA,HA,1128,0.1472547909898828
avian,H5,HA,HA,1131,0.15220135487749803
avian,H5,HA,HA,1134,0.06739455098116316
avian,H5,HA,HA,1137,0.548834516938128
avian,H5,HA,HA,1140,-0.16663544973064254
avian,H5,HA,HA,1143,-0.006168339521894484
avian,H5,HA,HA,1146,0.5981841884215267
avian,H5,HA,HA,1149,0.3026659500357754
avian,H5,HA,HA,1152,0.024702505145276957
avian,H5,HA,HA,1155,0.5165481518504028
avian,H5,HA,HA,1158,-0.32125657140870434
avian,H5,HA,HA,1161,0.6331937014965751
avian,H5,HA,HA,1164,-0.31659946444542464
avian,H5,HA,HA,1167,-0.8846150713766914
avian,H5,HA,HA,1170,0.07745985038801269
avian,H5,HA,HA,1176,0.03559457517984644
avian,H5,HA,HA,1179,0.24175010055904256
avian,H5,HA,HA,1182,0.24899051867132233
avian,H5,HA,HA,1185,0.11578166682894649
avian,H5,HA,HA,1188,-0.4294600738466239
avian,H5,HA,HA,1191,-0.2963917318294255
avian,H5,HA,HA,1194,-0.17180449311903545
avian,H5,HA,HA,1197,0.4895768106663769
avian,H5,HA,HA,1200,0.04259796813912403
avian,H5,HA,HA,1203,-0.05747211576467248
avian,H5,HA,HA,1206,-0.07723707631431591
avian,H5,HA,HA,1209,-0.46306963135928897
avian,H5,HA,HA,1212,-0.1903067471398259
avian,H5,HA,HA,1218,-0.03473599479735457
avian,H5,HA,HA,1221,0.25237391036596785
avian,H5,HA,HA,1224,0.13759476066688592
avian,H5,HA,HA,1227,0.2712979374753542
avian,H5,HA,HA,1230,0.2048496162597045
avian,H5,HA,HA,1233,0.26079268853450105
avian,H5,HA,HA,1236,0.04742869402919819
avian,H5,HA,HA,1239,0.09919023235247124
avian,H5,HA,HA,1242,-0.3395819191436435
avian,H5,HA,HA,1245,0.028559527537496826
avian,H5,HA,HA,1248,0.2726316845318811
avian,H5,HA,HA,1251,0.0870627311353979
avian,H5,HA,HA,1254,0.48222812950688954
avian,H5,HA,HA,1255,-0.14928034713517485
avian,H5,HA,HA,1257,0.12858610259286854
avian,H5,HA,HA,1260,-0.05023242253701943
avian,H5,HA,HA,1263,-0.34402255760411826
avian,H5,HA,HA,1266,-0.07351719629534248
avian,H5,HA,HA,1272,0.5456646347064051
avian,H5,HA,HA,1275,-0.3159011791835811
avian,H5,HA,HA,1276,-0.10289517683528292
avian,H5,HA,HA,1278,0.25018981578652466
avian,H5,HA,HA,1281,0.12873617227099
avian,H5,HA,HA,1284,-0.37980799290501005
avian,H5,HA,HA,1287,0.1590936936642396
avian,H5,HA,HA,1293,0.21387519841585328
avian,H5,HA,HA,1296,-0.6016345842037418
avian,H5,HA,HA,1299,0.309717020986914
avian,H5,HA,HA,1302,-0.21739677797581922
avian,H5,HA,HA,1303,-0.17355907096938167
avian,H5,HA,HA,1305,-0.15947897348512907
avian,H5,HA,HA,1308,-0.05618804160513643
avian,H5,HA,HA,1311,0.2797354881581674
avian,H5,HA,HA,1317,-0.45656069380819453
avian,H5,HA,HA,1320,0.03623274119562714
avian,H5,HA,HA,1323,-0.05808995946516406
avian,H5,HA,HA,1326,0.1363975642727754
avian,H5,HA,HA,1329,-0.11195211459134596
avian,H5,HA,HA,1332,-0.2991747413362635
avian,H5,HA,HA,1333,0.13431355821286906
avian,H5,HA,HA,1335,-0.27096756018361656
avian,H5,HA,HA,1338,-0.07966732761271314
avian,H5,HA,HA,1341,0.27212911083794644
avian,H5,HA,HA,1347,-0.06026718311517993
avian,H5,HA,HA,1350,0.21827129232621917
avian,H5,HA,HA,1353,0.09018717653993055
avian,H5,HA,HA,1356,-0.21632839658848096
avian,H5,HA,HA,1359,-0.19722610530557244
avian,H5,HA,HA,1360,-0.24536883905211418
avian,H5,HA,HA,1362,-0.5846909935342777
avian,H5,HA,HA,1365,0.27738775944718574
avian,H5,HA,HA,1368,0.12235217241643484
avian,H5,HA,HA,1371,-0.1161767620580595
avian,H5,HA,HA,1374,0.052996179660046716
avian,H5,HA,HA,1377,0.5612836063542301
avian,H5,HA,HA,1380,-0.25862886879182584
avian,H5,HA,HA,1383,0.10851995093339356
avian,H5,HA,HA,1386,-0.32881010007339073
avian,H5,HA,HA,1389,-0.07840211393539814
avian,H5,HA,HA,1392,0.25131168277350013
avian,H5,HA,HA,1395,0.19629414146212254
avian,H5,HA,HA,1398,0.2810141084607484
avian,H5,HA,HA,1401,0.20932681473997022
avian,H5,HA,HA,1404,-0.18911068419175206
avian,H5,HA,HA,1407,0.19532291249758957
avian,H5,HA,HA,1408,0.11668826908726318
avian,H5,HA,HA,1410,0.37977362315014
avian,H5,HA,HA,1413,-0.19167490185947492
avian,H5,HA,HA,1416,-0.3789398550015166
avian,H5,HA,HA,1419,-0.28014525721075706
avian,H5,HA,HA,1422,0.07090227025577088
avian,H5,HA,HA,1425,-0.18847698020354586
avian,H5,HA,HA,1428,0.14789890189870789
avian,H5,HA,HA,1431,0.4197470582011907
avian,H5,HA,HA,1434,0.1948946905890033
avian,H5,HA,HA,1435,-0.10733703394013912
avian,H5,HA,HA,1437,-0.054363283849718676
avian,H5,HA,HA,1440,0.26105363827544636
avian,H5,HA,HA,1443,0.47586530056932363
avian,H5,HA,HA,1446,0.23492017491456277
avian,H5,HA,HA,1449,0.09447709023046323
avian,H5,HA,HA,1452,0.039243573312508925
avian,H5,HA,HA,1455,-0.30337831483805083
avian,H5,HA,HA,1458,0.24759538155145452
avian,H5,HA,HA,1461,0.31232235471682
avian,H5,HA,HA,1464,0.08983486933713372
avian,H5,HA,HA,1467,0.08466695094982511
avian,H5,HA,HA,1470,-0.02996391070671789
avian,H5,HA,HA,1473,-0.06080685969272189
avian,H5,HA,HA,1476,0.14505251266891983
avian,H5,HA,HA,1479,0.13649923907250455
avian,H5,HA,HA,1482,-0.03220579626978974
avian,H5,HA,HA,1488,-0.08054171658258877
avian,H5,HA,HA,1491,0.20774860279609558
avian,H5,HA,HA,1494,0.17440205668314612
avian,H5,HA,HA,1497,-0.0050833516860297225
avian,H5,HA,HA,1500,-0.1445009400085594
avian,H5,HA,HA,1503,0.05383051789335662
avian,H5,HA,HA,1506,-0.10012279404188347
avian,H5,HA,HA,1509,0.21449440040029133
avian,H5,HA,HA,1512,0.13575550652268936
avian,H5,HA,HA,1515,0.2340633702563441
avian,H5,HA,HA,1518,-0.39801357868412934
avian,H5,HA,HA,1521,-0.6564251225011594
avian,H5,HA,HA,1524,-0.09392038788557992
avian,H5,HA,HA,1527,0.14066320430615653
avian,H5,HA,HA,1530,-0.34827501041388825
avian,H5,HA,HA,1533,0.04536219468806496
avian,H5,HA,HA,1536,-0.3468036756803462
avian,H5,HA,HA,1539,-0.020527082892720153
avian,H5,HA,HA,1540,0.1538313782733477
avian,H5,HA,HA,1542,0.38535990506368234
avian,H5,HA,HA,1545,-0.07929909364616804
avian,H5,HA,HA,1548,-0.6624276599815438
avian,H5,HA,HA,1551,-0.21559511711689855
avian,H5,HA,HA,1554,0.08423262586779448
avian,H5,HA,HA,1560,-0.13454394327244512
avian,H5,HA,HA,1563,0.4698030851959037
avian,H5,HA,HA,1566,0.10405888992668433
avian,H5,HA,HA,1569,-0.04763803549897929
avian,H5,HA,HA,1570,-0.4190166274289972
avian,H5,HA,HA,1572,-0.02890131032902249
avian,H5,HA,HA,1575,0.0956972724499593
avian,H5,HA,HA,1578,0.07609866740543592
avian,H5,HA,HA,1584,0.29002814524147175
avian,H5,HA,HA,1587,-0.3670447978984583
avian,H5,HA,HA,1590,-0.023455196634202796
avian,H5,HA,HA,1593,-0.15339200957748422
avian,H5,HA,HA,1597,-0.11762804185488529
avian,H5,HA,HA,1599,-0.6817257131943062
avian,H5,HA,HA,1602,-0.071164885205054
avian,H5,HA,HA,1605,-0.41714457365856017
avian,H5,HA,HA,1608,-0.07033420370821347
avian,H5,HA,HA,1611,-0.8622934726424354
avian,H5,HA,HA,1614,0.28268944210626223
avian,H5,HA,HA,1617,0.36189441728312205
avian,H5,HA,HA,1620,-0.5617807328633799
avian,H5,HA,HA,1623,-0.30113904504686495
avian,H5,HA,HA,1626,-0.7113894116228214
avian,H5,HA,HA,1627,-0.13993927157659544
avian,H5,HA,HA,1629,-0.5214905507967522
avian,H5,HA,HA,1632,0.00767133664725377
avian,H5,HA,HA,1633,-0.5797286803590453
avian,H5,HA,HA,1635,-3.231751241633354
avian,H5,HA,HA,1638,-1.3467054045335523
avian,H5,HA,HA,1641,-2.9671025260232113
avian,H5,HA,HA,1650,-3.510665049516713
avian,H5,HA,HA,1653,-1.56813024679241
avian,H5,HA,HA,1654,-0.9745443370794242
avian,H5,HA,HA,1656,-0.189667134571189
avian,H5,HA,HA,1659,-0.053313994961250936
avian,H5,HA,HA,1660,-1.2549182626147473
avian,H5,HA,HA,1662,0.06842494160751525
avian,H5,HA,HA,1671,0.33095810231307565
avian,H5,HA,HA,1674,-0.9206186804964746
avian,H5,HA,HA,1677,-0.17707613906295155
avian,H5,HA,HA,1680,0.1303641151358447
avian,H5,HA,HA,1683,-0.4541694206355445
avian,H5,HA,HA,1684,0.2008763994538345
avian,H5,HA,HA,1686,0.31642389570977186
avian,H5,HA,HA,1689,0.39346172172187543
avian,H5,HA,HA,1692,-0.9349435966345709
avian,H5,HA,HA,1695,-0.21130398076997045
avian,H5,HA,HA,1698,-0.3904966332972864
avian,H5,HA,HA,1701,-0.39971290186036484
avian,H5,HA,HA,1704,-0.5054481647426727
avian,H5,HA,HA,1706,0.4161446361353189
avian,H7,HA,HA,189,0.553271947738259
avian,H7,HA,HA,813,1.1500444272854613
avian,H7,HA,HA,1092,1.1448377907795808
avian,H7,HA,HA,1167,2.0134270151840994
avian,H9,HA,HA,6,0.6431182810525656
avian,H9,HA,HA,15,0.5737180778318675
avian,H9,HA,HA,16,-0.2748014279536369
avian,H9,HA,HA,24,-0.7857362254874396
avian,H9,HA,HA,28,-1.3030922238819178
avian,H9,HA,HA,30,-0.6141855096730925
avian,H9,HA,HA,31,-1.0059493122947685
avian,H9,HA,HA,33,-0.3577272444959856
avian,H9,HA,HA,36,0.1798551918363874
avian,H9,HA,HA,45,0.5047614505125401
avian,H9,HA,HA,54,0.6395815596131645
avian,H9,HA,HA,57,0.5445537642801003
avian,H9,HA,HA,60,0.5108232941966693
avian,H9,HA,HA,63,0.16955356520971504
avian,H9,HA,HA,69,-1.2654523361256593
avian,H9,HA,HA,72,-0.5794200915796783
avian,H9,HA,HA,75,0.3732391533614671
avian,H9,HA,HA,78,-0.11985818892422291
avian,H9,HA,HA,87,-0.519765247931883
avian,H9,HA,HA,96,0.12708956944342806
avian,H9,HA,HA,102,0.10070185993235535
avian,H9,HA,HA,105,-0.2737360531412229
avian,H9,HA,HA,108,0.3958928197565564
avian,H9,HA,HA,109,-0.8796993736187012
avian,H9,HA,HA,111,-0.1596956540676059
avian,H9,HA,HA,123,0.32133181875742156
avian,H9,HA,HA,126,-0.68869912435973
avian,H9,HA,HA,129,0.5420891950639132
avian,H9,HA,HA,132,0.16168159132739324
avian,H9,HA,HA,141,0.7367383236315336
avian,H9,HA,HA,144,0.012129011967634093
avian,H9,HA,HA,147,-0.0702358346013694
avian,H9,HA,HA,148,-0.9130677170708703
avian,H9,HA,HA,150,-0.7193653455919796
avian,H9,HA,HA,153,-0.867699726628793
avian,H9,HA,HA,156,-0.1758478329958765
avian,H9,HA,HA,162,-0.8695562326252811
avian,H9,HA,HA,165,0.574261896320394
avian,H9,HA,HA,171,0.09562436473503971
avian,H9,HA,HA,175,-1.2738666405145567
avian,H9,HA,HA,177,-0.42863235515430625
avian,H9,HA,HA,186,0.6802172391496406
avian,H9,HA,HA,189,0.0035651148551368926
avian,H9,HA,HA,192,0.05800975107893332
avian,H9,HA,HA,195,0.08192016641793276
avian,H9,HA,HA,201,-0.46109549464784844
avian,H9,HA,HA,204,0.2717967333316456
avian,H9,HA,HA,207,-0.24522059584022457
avian,H9,HA,HA,210,1.1236650663428471
avian,H9,HA,HA,213,0.23710086886028275
avian,H9,HA,HA,216,0.5758436640110149
avian,H9,HA,HA,228,-0.35388434601970337
avian,H9,HA,HA,231,-0.15116405735202612
avian,H9,HA,HA,232,0.2681762308871274
avian,H9,HA,HA,234,-1.1201804566275275
avian,H9,HA,HA,237,-0.20146005068503248
avian,H9,HA,HA,240,0.5495719773905762
avian,H9,HA,HA,246,0.4803419339984837
avian,H9,HA,HA,249,-0.11651753358531028
avian,H9,HA,HA,252,0.21077434677181747
avian,H9,HA,HA,258,-0.45221218522970064
avian,H9,HA,HA,261,0.39052214818443765
avian,H9,HA,HA,264,0.19671533281220743
avian,H9,HA,HA,267,-0.11792570491088068
avian,H9,HA,HA,270,-0.3633480543249785
avian,H9,HA,HA,273,-0.25801459929369436
avian,H9,HA,HA,276,-0.2536871773012274
avian,H9,HA,HA,279,0.019231453474284354
avian,H9,HA,HA,285,-0.30038878446567135
avian,H9,HA,HA,288,0.20033855306334897
avian,H9,HA,HA,291,-0.4502169061898655
avian,H9,HA,HA,294,0.1810152805395963
avian,H9,HA,HA,297,-0.41209850779678875
avian,H9,HA,HA,300,-0.03755079929084723
avian,H9,HA,HA,312,0.01562784874397398
avian,H9,HA,HA,315,-1.2197241571585216
avian,H9,HA,HA,318,-0.13072228348771509
avian,H9,HA,HA,321,-0.06820283972366731
avian,H9,HA,HA,324,-0.00641853998596921
avian,H9,HA,HA,327,-0.19688916141435509
avian,H9,HA,HA,330,0.07687191241196906
avian,H9,HA,HA,333,-0.2975456465765486
avian,H9,HA,HA,339,-0.11309967863919647
avian,H9,HA,HA,342,0.2296888722102425
avian,H9,HA,HA,345,-0.5325494116419797
avian,H9,HA,HA,346,-0.07438002566397531
avian,H9,HA,HA,348,0.04565241870511953
avian,H9,HA,HA,351,0.24457331135371543
avian,H9,HA,HA,354,0.5770643303957879
avian,H9,HA,HA,360,-0.15303188981173121
avian,H9,HA,HA,369,-0.26045111620424183
avian,H9,HA,HA,372,0.20451192227657894
avian,H9,HA,HA,378,-0.07291771371896352
avian,H9,HA,HA,381,0.2998565596531912
avian,H9,HA,HA,384,0.22536021006182555
avian,H9,HA,HA,387,0.14937482926727716
avian,H9,HA,HA,393,0.2101146384443914
avian,H9,HA,HA,396,-0.044559255311348134
avian,H9,HA,HA,399,-0.3997413877556364
avian,H9,HA,HA,402,0.8303821581547148
avian,H9,HA,HA,405,-0.08555177681173563
avian,H9,HA,HA,411,0.6313573022544424
avian,H9,HA,HA,417,-0.30647793115652666
avian,H9,HA,HA,426,-0.016587289064643806
avian,H9,HA,HA,429,0.02693786248980345
avian,H9,HA,HA,432,-0.01937468998382865
avian,H9,HA,HA,438,0.5648404694205212
avian,H9,HA,HA,456,0.6302623237313186
avian,H9,HA,HA,459,-0.38198847131516656
avian,H9,HA,HA,465,-0.4535568034895302
avian,H9,HA,HA,468,-0.48423752062957964
avian,H9,HA,HA,471,-0.3751855624727363
avian,H9,HA,HA,480,-0.202987800089986
avian,H9,HA,HA,486,0.11116328850235921
avian,H9,HA,HA,489,-0.4552695344468019
avian,H9,HA,HA,492,-0.6494177115398326
avian,H9,HA,HA,495,-0.8335001814319715
avian,H9,HA,HA,498,-0.04212237181452275
avian,H9,HA,HA,501,0.10481309903455577
avian,H9,HA,HA,504,0.1114354283226209
avian,H9,HA,HA,507,0.056536718592472515
avian,H9,HA,HA,510,-0.04170070852532549
avian,H9,HA,HA,513,0.435559130226364
avian,H9,HA,HA,516,0.14573792392699486
avian,H9,HA,HA,519,-0.23278346805877323
avian,H9,HA,HA,522,-0.10241583730663298
avian,H9,HA,HA,525,-0.27237893829255816
avian,H9,HA,HA,528,0.28576019152599746
avian,H9,HA,HA,531,0.6654160438618824
avian,H9,HA,HA,534,0.3367412940882179
avian,H9,HA,HA,537,0.2249826105355686
avian,H9,HA,HA,540,0.14033487608363843
avian,H9,HA,HA,543,0.6364099302725612
avian,H9,HA,HA,546,-0.2653063136549479
avian,H9,HA,HA,549,-0.5222032475582816
avian,H9,HA,HA,552,-0.10488741964593766
avian,H9,HA,HA,558,0.14754067908875115
avian,H9,HA,HA,567,1.3845142404074697
avian,H9,HA,HA,573,0.3264974021250053
avian,H9,HA,HA,576,0.4790641155926221
avian,H9,HA,HA,582,0.3474878066141325
avian,H9,HA,HA,585,0.3737431370958432
avian,H9,HA,HA,588,-0.02047013246009981
avian,H9,HA,HA,591,0.02379364880092359
avian,H9,HA,HA,594,0.3456274065309778
avian,H9,HA,HA,597,0.15599922650743728
avian,H9,HA,HA,600,0.19618544529250775
avian,H9,HA,HA,603,-0.14949955765866
avian,H9,HA,HA,604,-0.5285201088648049
avian,H9,HA,HA,606,-0.5792610784924769
avian,H9,HA,HA,609,-0.07209860478765005
avian,H9,HA,HA,612,-0.40684938091129647
avian,H9,HA,HA,615,0.24728174827479574
avian,H9,HA,HA,618,0.12042768000340412
avian,H9,HA,HA,621,0.17884956026337764
avian,H9,HA,HA,627,0.6857033462799462
avian,H9,HA,HA,630,-0.1484012220754819
avian,H9,HA,HA,633,0.6116712451035616
avian,H9,HA,HA,636,-0.6546835443502812
avian,H9,HA,HA,654,-1.0021801340193233
avian,H9,HA,HA,657,-0.12386656239912773
avian,H9,HA,HA,660,0.39338810747882375
avian,H9,HA,HA,666,-0.14910304351267337
avian,H9,HA,HA,670,-0.6935571149605133
avian,H9,HA,HA,672,-0.32391892684304036
avian,H9,HA,HA,678,0.04290133943648244
avian,H9,HA,HA,684,-0.27276812306226345
avian,H9,HA,HA,687,-0.8201612056816929
avian,H9,HA,HA,693,0.44427531153383376
avian,H9,HA,HA,696,0.00606242113606919
avian,H9,HA,HA,699,-1.2353047667809829
avian,H9,HA,HA,700,0.37223762633712143
avian,H9,HA,HA,702,0.0016519889999007204
avian,H9,HA,HA,708,-0.22547728975540554
avian,H9,HA,HA,711,0.40071383634227026
avian,H9,HA,HA,714,-0.2621623311582452
avian,H9,HA,HA,717,-0.7459498676234196
avian,H9,HA,HA,720,-0.06333514469822402
avian,H9,HA,HA,723,-0.006328388251517847
avian,H9,HA,HA,729,0.17659999094725154
avian,H9,HA,HA,732,-0.3617310765018865
avian,H9,HA,HA,735,0.1304125702626496
avian,H9,HA,HA,738,0.20311857740603315
avian,H9,HA,HA,741,0.01252772523289662
avian,H9,HA,HA,744,0.5468359660243688
avian,H9,HA,HA,747,0.18421999487172266
avian,H9,HA,HA,751,-0.2587693536646704
avian,H9,HA,HA,753,-0.08087928176908081
avian,H9,HA,HA,756,-0.41764068894723866
avian,H9,HA,HA,762,0.34929210896654284
avian,H9,HA,HA,771,-0.06696618742394939
avian,H9,HA,HA,774,-0.3271211662817665
avian,H9,HA,HA,775,-0.036310877911823726
avian,H9,HA,HA,777,-0.0698729205667174
avian,H9,HA,HA,783,-0.688931497108978
avian,H9,HA,HA,795,0.14588657801056665
avian,H9,HA,HA,798,0.33426775136720277
avian,H9,HA,HA,801,-0.5946722701075868
avian,H9,HA,HA,804,0.5931057706926834
avian,H9,HA,HA,807,0.5457635540340441
avian,H9,HA,HA,810,-0.039062528917307535
avian,H9,HA,HA,813,-1.4124900336628599
avian,H9,HA,HA,816,0.1859672413814195
avian,H9,HA,HA,819,-0.530809377267498
avian,H9,HA,HA,822,0.8604515891327247
avian,H9,HA,HA,825,-0.22876091712430788
avian,H9,HA,HA,828,0.4809182519086572
avian,H9,HA,HA,829,0.09358366963769955
avian,H9,HA,HA,831,0.08003079839278707
avian,H9,HA,HA,834,-0.4837421183755536
avian,H9,HA,HA,840,-0.44112097310366827
avian,H9,HA,HA,841,0.8880259756931648
avian,H9,HA,HA,843,0.2659622872331468
avian,H9,HA,HA,846,0.2651237850828433
avian,H9,HA,HA,849,0.022824386154983518
avian,H9,HA,HA,852,-0.22173273226530515
avian,H9,HA,HA,855,0.4389135646689084
avian,H9,HA,HA,858,0.410885005225532
avian,H9,HA,HA,861,0.5445947675187169
avian,H9,HA,HA,864,-0.2959078153357738
avian,H9,HA,HA,867,0.21830273165246852
avian,H9,HA,HA,870,-0.01898556945240995
avian,H9,HA,HA,873,0.8677600225984046
avian,H9,HA,HA,879,0.9058721807320553
avian,H9,HA,HA,882,0.643451077355853
avian,H9,HA,HA,888,0.15774287117283253
avian,H9,HA,HA,889,-0.34416112865438675
avian,H9,HA,HA,891,0.014763565672155681
avian,H9,HA,HA,894,-0.019825293587854037
avian,H9,HA,HA,901,0.26950090595420517
avian,H9,HA,HA,903,-0.23903170771432186
avian,H9,HA,HA,906,1.7434117444754704
avian,H9,HA,HA,909,0.08883001148503443
avian,H9,HA,HA,915,0.6509323843425794
avian,H9,HA,HA,918,0.5970827018343952
avian,H9,HA,HA,921,0.18019259553977682
avian,H9,HA,HA,924,0.16128663868296664
avian,H9,HA,HA,936,0.25528788920072243
avian,H9,HA,HA,939,-0.08198422104221806
avian,H9,HA,HA,942,0.07314573076339752
avian,H9,HA,HA,948,0.32213628444890613
avian,H9,HA,HA,957,0.48550752631609956
avian,H9,HA,HA,963,-1.1172635339349422
avian,H9,HA,HA,966,-0.05982614978785812
avian,H9,HA,HA,972,-0.15345861110655218
avian,H9,HA,HA,984,-0.2038734684003679
avian,H9,HA,HA,985,0.7096386563578291
avian,H9,HA,HA,987,-0.6146050409387256
avian,H9,HA,HA,990,0.07747142422352762
avian,H9,HA,HA,996,-0.0854936235428649
avian,H9,HA,HA,999,0.10077441009839037
avian,H9,HA,HA,1002,-0.21408487025833708
avian,H9,HA,HA,1005,-0.5853541359918719
avian,H9,HA,HA,1008,-0.5023994082350762
avian,H9,HA,HA,1011,-1.2367125528442764
avian,H9,HA,HA,1014,-0.6603032993101268
avian,H9,HA,HA,1017,0.4601301139306693
avian,H9,HA,HA,1018,0.05093423784530445
avian,H9,HA,HA,1020,-0.9690711193052114
avian,H9,HA,HA,1023,0.43590908962806624
avian,H9,HA,HA,1026,-0.3286306965780199
avian,H9,HA,HA,1029,1.2920318008647462
avian,H9,HA,HA,1038,-0.4792342105655789
avian,H9,HA,HA,1041,0.5720468170325798
avian,H9,HA,HA,1047,0.11899919817901283
avian,H9,HA,HA,1050,0.47464573849879876
avian,H9,HA,HA,1053,0.07892058709469492
avian,H9,HA,HA,1062,0.3123755031081281
avian,H9,HA,HA,1063,0.7287803284569407
avian,H9,HA,HA,1065,-0.1424833844014895
avian,H9,HA,HA,1071,0.9516457859185237
avian,H9,HA,HA,1074,-0.2358927690279318
avian,H9,HA,HA,1083,0.09315566611571728
avian,H9,HA,HA,1086,0.007257857977164191
avian,H9,HA,HA,1089,-0.26516724541501513
avian,H9,HA,HA,1092,0.12551456029707356
avian,H9,HA,HA,1098,0.3331719885352339
avian,H9,HA,HA,1101,0.5590486647229868
avian,H9,HA,HA,1104,0.27509327270341966
avian,H9,HA,HA,1107,-0.014449996715964766
avian,H9,HA,HA,1113,-0.1087024058587964
avian,H9,HA,HA,1125,-1.100654646080376
avian,H9,HA,HA,1128,-0.2468494757239963
avian,H9,HA,HA,1131,0.2177932013686693
avian,H9,HA,HA,1137,0.6030267473354207
avian,H9,HA,HA,1143,-0.631991946251082
avian,H9,HA,HA,1152,0.19662992049393055
avian,H9,HA,HA,1170,-0.20053342964805937
avian,H9,HA,HA,1173,0.2012655320581605
avian,H9,HA,HA,1176,-0.17498104005758536
avian,H9,HA,HA,1182,1.2693743591790458
avian,H9,HA,HA,1194,-0.4276510491277262
avian,H9,HA,HA,1197,-0.6804225072802291
avian,H9,HA,HA,1200,-0.020019970123048455
avian,H9,HA,HA,1206,0.22282138711746816
avian,H9,HA,HA,1215,0.04276224144688342
avian,H9,HA,HA,1221,-0.17820586401894897
avian,H9,HA,HA,1230,0.12686272036860088
avian,H9,HA,HA,1236,0.19399432506570705
avian,H9,HA,HA,1239,-0.2847196088210034
avian,H9,HA,HA,1242,-0.05373469046069634
avian,H9,HA,HA,1248,0.5640969516262031
avian,H9,HA,HA,1257,-0.4355073616695641
avian,H9,HA,HA,1260,-0.5243623835694504
avian,H9,HA,HA,1263,-0.010806128032190632
avian,H9,HA,HA,1266,0.7046538794004963
avian,H9,HA,HA,1269,0.42304246806320844
avian,H9,HA,HA,1272,0.32623697515702105
avian,H9,HA,HA,1275,0.11641126181491085
avian,H9,HA,HA,1278,-0.10208273999519117
avian,H9,HA,HA,1281,-0.3175986284771271
avian,H9,HA,HA,1284,-0.6259536459339483
avian,H9,HA,HA,1296,-0.10275125074086133
avian,H9,HA,HA,1299,0.4572259030750907
avian,H9,HA,HA,1306,0.1666326565076243
avian,H9,HA,HA,1308,-0.05780437517849789
avian,H9,HA,HA,1309,-0.3651405510830139
avian,H9,HA,HA,1311,-0.1839246584031281
avian,H9,HA,HA,1314,0.0796072165280032
avian,H9,HA,HA,1315,2.6547036300341524
avian,H9,HA,HA,1317,-0.4476267694942121
avian,H9,HA,HA,1320,1.3025007460667228
avian,H9,HA,HA,1323,0.14163192400400956
avian,H9,HA,HA,1326,0.3834934598816301
avian,H9,HA,HA,1329,-0.1853418467547135
avian,H9,HA,HA,1332,0.37680373604111045
avian,H9,HA,HA,1338,1.2407296371366987
avian,H9,HA,HA,1344,-0.3440785176392969
avian,H9,HA,HA,1350,0.11930579127487893
avian,H9,HA,HA,1359,0.17621676189899124
avian,H9,HA,HA,1362,-0.04580383229680557
avian,H9,HA,HA,1365,-0.8606428545249855
avian,H9,HA,HA,1366,0.1645967689375027
avian,H9,HA,HA,1368,-0.12735669585595413
avian,H9,HA,HA,1371,-0.11431538434697053
avian,H9,HA,HA,1374,-0.26063282929257353
avian,H9,HA,HA,1380,0.5674907950483488
avian,H9,HA,HA,1383,-0.3990327975462105
avian,H9,HA,HA,1386,0.1920290045175519
avian,H9,HA,HA,1389,0.9195625601806019
avian,H9,HA,HA,1392,0.0033554472387962125
avian,H9,HA,HA,1395,0.29111227932864203
avian,H9,HA,HA,1404,0.7503146460226265
avian,H9,HA,HA,1407,0.055637962728949324
avian,H9,HA,HA,1413,0.5069625543637648
avian,H9,HA,HA,1416,0.28994074289739874
avian,H9,HA,HA,1422,0.17213810565100363
avian,H9,HA,HA,1425,0.26043591160515583
avian,H9,HA,HA,1428,-0.2347341967474742
avian,H9,HA,HA,1431,-0.11471898994730435
avian,H9,HA,HA,1432,-0.322256733713179
avian,H9,HA,HA,1434,0.11100407742993826
avian,H9,HA,HA,1437,0.20808451561619581
avian,H9,HA,HA,1443,0.09510554316629549
avian,H9,HA,HA,1452,-0.14233301988762376
avian,H9,HA,HA,1464,-0.5971215629583927
avian,H9,HA,HA,1470,-0.900859591513725
avian,H9,HA,HA,1473,0.391914275680835
avian,H9,HA,HA,1476,0.21739492299748142
avian,H9,HA,HA,1479,-0.449686719141364
avian,H9,HA,HA,1482,0.47145129572244887
avian,H9,HA,HA,1488,0.3067375125519015
avian,H9,HA,HA,1491,-0.2570383765477423
avian,H9,HA,HA,1494,-0.621072739095467
avian,H9,HA,HA,1497,0.12089215218310519
avian,H9,HA,HA,1500,-0.6231532126205513
avian,H9,HA,HA,1506,-0.4793373287206982
avian,H9,HA,HA,1509,-0.22406650795218183
avian,H9,HA,HA,1515,-0.009701051800049093
avian,H9,HA,HA,1518,0.20657591691218485
avian,H9,HA,HA,1524,0.15632902627431575
avian,H9,HA,HA,1527,-0.9143648760716503
avian,H9,HA,HA,1530,-0.022890381233346815
avian,H9,HA,HA,1536,-0.23648259140864705
avian,H9,HA,HA,1539,-0.5696588192446175
avian,H9,HA,HA,1545,0.07312066428963203
avian,H9,HA,HA,1546,-0.5119230459015551
avian,H9,HA,HA,1548,-1.8702422170995125
avian,H9,HA,HA,1551,-0.38932204829237266
avian,H9,HA,HA,1560,0.11509212383757582
avian,H9,HA,HA,1563,1.4776551463607912
avian,H9,HA,HA,1566,-0.5662551826222832
avian,H9,HA,HA,1572,0.3181647665587759
avian,H9,HA,HA,1578,0.7736828920163769
avian,H9,HA,HA,1581,-1.1043304985112616
avian,H9,HA,HA,1584,-1.2415785098826948
avian,H9,HA,HA,1587,-0.9560533951730286
avian,H9,HA,HA,1593,-0.7782273501623869
avian,H9,HA,HA,1596,-1.34874483257207
avian,H9,HA,HA,1602,0.048859330457096464
avian,H9,HA,HA,1608,-0.4852357338605209
avian,H9,HA,HA,1614,0.7420331627159689
avian,H9,HA,HA,1620,-2.2400301841200245
avian,H9,HA,HA,1629,-3.3217901827504037
avian,H9,HA,HA,1632,0.5836296366948278
avian,H9,HA,HA,1633,-0.34760150910001203
avian,H9,HA,HA,1635,-0.638461684041225
avian,H9,HA,HA,1638,1.2314959799686072
avian,H9,HA,HA,1653,0.5222556906219326
avian,H9,HA,HA,1656,0.2660900195904161
avian,H9,HA,HA,1659,1.763519485548846
avian,H9,HA,HA,1665,-0.3057828782434682
avian,H9,HA,HA,1671,0.4428875363705077
avian,H9,HA,HA,1674,3.211488785866677
avian,H9,HA,HA,1677,-1.9112797074643089
avian,H9,HA,HA,1682,0.16372952490191275
avian,N1,NA,NA,6,-1.3616229594373965
avian,N1,NA,NA,9,-0.2857452927648598
avian,N1,NA,NA,12,-0.002426381771758371
avian,N1,NA,NA,15,0.24111771991905578
avian,N1,NA,NA,18,-0.11009668019029724
avian,N1,NA,NA,27,0.8960943290954824
avian,N1,NA,NA,30,0.25784223280994145
avian,N1,NA,NA,33,0.12725089043421217
avian,N1,NA,NA,36,-0.40591354566751614
avian,N1,NA,NA,39,-0.2886209664870873
avian,N1,NA,NA,42,0.7170548368857079
avian,N1,NA,NA,48,0.024874724001636938
avian,N1,NA,NA,51,-0.024760531756018753
avian,N1,NA,NA,54,0.14560440514171794
avian,N1,NA,NA,60,-0.6694052511161616
avian,N1,NA,NA,63,-0.27483979413465665
avian,N1,NA,NA,64,0.01165273756858373
avian,N1,NA,NA,66,0.854217150442709
avian,N1,NA,NA,70,-0.011401089776937157
avian,N1,NA,NA,72,0.18283178191542288
avian,N1,NA,NA,75,0.05482842204539936
avian,N1,NA,NA,78,0.20454282690069578
avian,N1,NA,NA,81,-0.6265623485427326
avian,N1,NA,NA,84,-0.23439682579121393
avian,N1,NA,NA,90,-0.26285510492561803
avian,N1,NA,NA,93,0.11377180175431242
avian,N1,NA,NA,102,-0.001620187122033423
avian,N1,NA,NA,105,-0.11466285739555962
avian,N1,NA,NA,108,0.2582173469678161
avian,N1,NA,NA,111,-0.28328882600886107
avian,N1,NA,NA,114,-0.1559810012487125
avian,N1,NA,NA,117,0.30176407166714037
avian,N1,NA,NA,123,0.3549941541733766
avian,N1,NA,NA,126,0.10390778022066244
avian,N1,NA,NA,129,0.3279631674812397
avian,N1,NA,NA,132,-0.8728397694206644
avian,N1,NA,NA,135,0.25936055101152666
avian,N1,NA,NA,138,0.742662909087065
avian,N1,NA,NA,141,0.1705514371524721
avian,N1,NA,NA,147,-0.692094583603762
avian,N1,NA,NA,150,0.4117622351987227
avian,N1,NA,NA,153,0.16649431511454305
avian,N1,NA,NA,156,-0.20413766682479864
avian,N1,NA,NA,159,0.1699380346517716
avian,N1,NA,NA,162,-0.04163690135990963
avian,N1,NA,NA,165,-0.12318732467548155
avian,N1,NA,NA,168,0.019503563729439087
avian,N1,NA,NA,171,0.10692337295289767
avian,N1,NA,NA,174,-0.20392065709360355
avian,N1,NA,NA,177,-0.3903896268250993
avian,N1,NA,NA,180,-0.006979192899308397
avian,N1,NA,NA,186,0.1976180313351468
avian,N1,NA,NA,189,-0.35697747114388206
avian,N1,NA,NA,192,0.2763160579538144
avian,N1,NA,NA,195,0.12259679116701097
avian,N1,NA,NA,198,0.01437323731672684
avian,N1,NA,NA,201,0.2612745492960305
avian,N1,NA,NA,204,-0.05160074610663898
avian,N1,NA,NA,207,-1.198074782556626
avian,N1,NA,NA,208,-0.17262895471624431
avian,N1,NA,NA,210,-0.26043538007209366
avian,N1,NA,NA,213,-0.19976762497847755
avian,N1,NA,NA,216,0.31765448663454937
avian,N1,NA,NA,219,0.5165634419764411
avian,N1,NA,NA,222,0.25018853676545794
avian,N1,NA,NA,225,-0.24127304644439437
avian,N1,NA,NA,228,0.017846040970693613
avian,N1,NA,NA,231,-0.44856838935276605
avian,N1,NA,NA,234,-0.5330596178074433
avian,N1,NA,NA,237,0.16644862547153294
avian,N1,NA,NA,243,0.19819668976409618
avian,N1,NA,NA,249,0.3024229074683383
avian,N1,NA,NA,255,-0.23420087534795042
avian,N1,NA,NA,258,0.14096797737723787
avian,N1,NA,NA,261,-0.33109753208556075
avian,N1,NA,NA,264,-0.6373997322553261
avian,N1,NA,NA,267,0.058840788812692245
avian,N1,NA,NA,270,-0.5364051091037924
avian,N1,NA,NA,276,0.2810957218105755
avian,N1,NA,NA,279,0.10865552735970228
avian,N1,NA,NA,282,0.22307229226856978
avian,N1,NA,NA,285,0.3331870794157747
avian,N1,NA,NA,288,0.5169613969340121
avian,N1,NA,NA,291,-0.4468097129676618
avian,N1,NA,NA,294,0.1482071837049647
avian,N1,NA,NA,297,-0.507654393259926
avian,N1,NA,NA,300,-0.45959631212601787
avian,N1,NA,NA,303,-0.3560908689764857
avian,N1,NA,NA,309,-0.19837811124811863
avian,N1,NA,NA,312,0.17945371606192087
avian,N1,NA,NA,315,0.016387190352697
avian,N1,NA,NA,318,0.036759032739172526
avian,N1,NA,NA,321,-0.08334213423689188
avian,N1,NA,NA,324,0.08794019230135286
avian,N1,NA,NA,327,-0.4106174268610379
avian,N1,NA,NA,330,-0.1524346893773823
avian,N1,NA,NA,333,0.5329178797350899
avian,N1,NA,NA,334,0.059397352684739745
avian,N1,NA,NA,336,-0.07602808551772434
avian,N1,NA,NA,339,0.061302529370581706
avian,N1,NA,NA,342,-0.2479578494127946
avian,N1,NA,NA,345,-0.1311369906323567
avian,N1,NA,NA,348,0.5351970359912726
avian,N1,NA,NA,351,-0.09566550487079081
avian,N1,NA,NA,354,0.30603788141123545
avian,N1,NA,NA,355,-0.09045514026474613
avian,N1,NA,NA,357,0.2661766067993957
avian,N1,NA,NA,360,0.08930750254488509
avian,N1,NA,NA,363,-0.4234307824281909
avian,N1,NA,NA,366,-0.4714187310027924
avian,N1,NA,NA,369,0.13864036263803745
avian,N1,NA,NA,370,0.21952678410333487
avian,N1,NA,NA,372,0.5114053077692753
avian,N1,NA,NA,373,0.04605308141187096
avian,N1,NA,NA,375,0.13057283579558063
avian,N1,NA,NA,378,0.14200971017909075
avian,N1,NA,NA,381,-0.14115215925942654
avian,N1,NA,NA,384,0.09420100451548141
avian,N1,NA,NA,387,0.16917459822668235
avian,N1,NA,NA,390,-0.1306148771007297
avian,N1,NA,NA,393,0.47203286208217893
avian,N1,NA,NA,396,-0.03305307010061591
avian,N1,NA,NA,399,-0.37760037754070414
avian,N1,NA,NA,402,-0.2975460882612513
avian,N1,NA,NA,405,0.12321700511457447
avian,N1,NA,NA,408,-0.33061383193269145
avian,N1,NA,NA,411,-0.10535504236003093
avian,N1,NA,NA,414,-0.4634124442456732
avian,N1,NA,NA,417,0.3448708930446177
avian,N1,NA,NA,420,-0.7537759163244775
avian,N1,NA,NA,423,-0.48459235987335464
avian,N1,NA,NA,426,-0.2090692460487563
avian,N1,NA,NA,427,-0.06973631431883337
avian,N1,NA,NA,429,0.7130550964082927
avian,N1,NA,NA,435,-0.24752206288136064
avian,N1,NA,NA,438,0.19833560562211935
avian,N1,NA,NA,441,0.7304981480248863
avian,N1,NA,NA,444,-0.008180960774897815
avian,N1,NA,NA,447,-0.5012457948947941
avian,N1,NA,NA,450,-0.15097455812919483
avian,N1,NA,NA,453,0.09834816549531855
avian,N1,NA,NA,456,0.239704256130043
avian,N1,NA,NA,459,0.7151425533593265
avian,N1,NA,NA,462,-0.18461859168745
avian,N1,NA,NA,465,0.5495598829686849
avian,N1,NA,NA,468,-0.23925512228238685
avian,N1,NA,NA,471,-0.13658560789139798
avian,N1,NA,NA,474,-0.24286689499191827
avian,N1,NA,NA,477,0.13489725583166307
avian,N1,NA,NA,480,-1.0163351463277221
avian,N1,NA,NA,483,-0.10031561327181733
avian,N1,NA,NA,486,0.16728829626172348
avian,N1,NA,NA,489,-0.11466970276241979
avian,N1,NA,NA,495,-0.018837226071448426
avian,N1,NA,NA,498,0.25093092813002
avian,N1,NA,NA,501,0.4046689461489326
avian,N1,NA,NA,504,0.19230005882320617
avian,N1,NA,NA,507,-0.5517506856455531
avian,N1,NA,NA,510,0.08885278029112785
avian,N1,NA,NA,513,0.1551755768785787
avian,N1,NA,NA,516,0.10871957796714074
avian,N1,NA,NA,519,-0.3259410505020774
avian,N1,NA,NA,522,0.1738677267560097
avian,N1,NA,NA,526,0.17534533598564814
avian,N1,NA,NA,528,-0.08287323710739089
avian,N1,NA,NA,531,-0.12754500001093746
avian,N1,NA,NA,534,0.1148515289789574
avian,N1,NA,NA,537,0.31888778212960556
avian,N1,NA,NA,540,0.3246681413347273
avian,N1,NA,NA,543,0.3213134374952404
avian,N1,NA,NA,546,0.36772671462135037
avian,N1,NA,NA,549,0.362899681173564
avian,N1,NA,NA,552,0.006798311870883747
avian,N1,NA,NA,555,0.0954988044151279
avian,N1,NA,NA,558,-0.054332436051755306
avian,N1,NA,NA,561,0.26647628857013933
avian,N1,NA,NA,564,-0.0273424937597482
avian,N1,NA,NA,567,0.849141923352643
avian,N1,NA,NA,570,0.12540513527306482
avian,N1,NA,NA,571,-0.13251959929406626
avian,N1,NA,NA,573,-0.01038365777065647
avian,N1,NA,NA,576,0.19136874251881686
avian,N1,NA,NA,579,-0.1625021721173609
avian,N1,NA,NA,582,0.34142070809828706
avian,N1,NA,NA,585,-0.14750104628595703
avian,N1,NA,NA,594,0.01587493653317325
avian,N1,NA,NA,597,0.08626269503911635
avian,N1,NA,NA,600,-0.11918150271688809
avian,N1,NA,NA,603,0.2789700612021831
avian,N1,NA,NA,606,0.08714809639079737
avian,N1,NA,NA,609,0.08679136508142082
avian,N1,NA,NA,615,-0.3143111431475952
avian,N1,NA,NA,618,0.45640338542068604
avian,N1,NA,NA,621,0.2698431806496197
avian,N1,NA,NA,624,-0.21005762564942665
avian,N1,NA,NA,625,-0.5340361519436987
avian,N1,NA,NA,627,0.3242182752281002
avian,N1,NA,NA,630,-0.13931603231839537
avian,N1,NA,NA,633,-0.05548416921219394
avian,N1,NA,NA,636,-0.3663900401726332
avian,N1,NA,NA,639,-0.15279495473548665
avian,N1,NA,NA,642,-0.37195516486122226
avian,N1,NA,NA,645,0.12269199684144327
avian,N1,NA,NA,648,-0.10005028635630003
avian,N1,NA,NA,651,0.1332030767697925
avian,N1,NA,NA,654,-0.03382412687245922
avian,N1,NA,NA,657,0.43162814230241825
avian,N1,NA,NA,660,0.6884954994959245
avian,N1,NA,NA,663,0.24283210269846273
avian,N1,NA,NA,666,0.19963990809344556
avian,N1,NA,NA,669,0.33414917169006725
avian,N1,NA,NA,672,0.009987840208197556
avian,N1,NA,NA,675,0.5112768888016453
avian,N1,NA,NA,678,0.0075171960947059725
avian,N1,NA,NA,684,0.1657839144803746
avian,N1,NA,NA,687,0.04968694335309052
avian,N1,NA,NA,690,0.17582452570177798
avian,N1,NA,NA,693,0.02524425602333046
avian,N1,NA,NA,696,0.2173687310417414
avian,N1,NA,NA,699,0.21730889569527548
avian,N1,NA,NA,702,0.3207145902991853
avian,N1,NA,NA,705,-0.6327415004966014
avian,N1,NA,NA,708,-0.2885060959842104
avian,N1,NA,NA,711,-0.18242832446817106
avian,N1,NA,NA,714,0.026690398683934326
avian,N1,NA,NA,717,0.30422949318720155
avian,N1,NA,NA,720,-0.08892418024296442
avian,N1,NA,NA,723,-0.40222970701296906
avian,N1,NA,NA,726,0.22761099133615972
avian,N1,NA,NA,732,0.31498361772182765
avian,N1,NA,NA,735,0.49149377576469044
avian,N1,NA,NA,738,0.5011356980350763
avian,N1,NA,NA,741,0.765571197175086
avian,N1,NA,NA,744,-0.06480937104114742
avian,N1,NA,NA,747,0.09439410860688963
avian,N1,NA,NA,750,-0.17598423220603193
avian,N1,NA,NA,753,0.3328592790308934
avian,N1,NA,NA,756,-0.17254176399677465
avian,N1,NA,NA,759,0.15099434210084586
avian,N1,NA,NA,760,-0.1158190171282352
avian,N1,NA,NA,762,0.16091592824847933
avian,N1,NA,NA,765,0.08174030341662851
avian,N1,NA,NA,768,-0.11720111348674321
avian,N1,NA,NA,771,-0.11239301217918725
avian,N1,NA,NA,774,-0.6144463987147327
avian,N1,NA,NA,777,0.04843113828684566
avian,N1,NA,NA,780,-0.08215165571970909
avian,N1,NA,NA,783,-0.4003346320258913
avian,N1,NA,NA,786,-0.32875152367840627
avian,N1,NA,NA,789,0.33466543949714495
avian,N1,NA,NA,792,-0.5619616879583519
avian,N1,NA,NA,795,-0.2815926603657624
avian,N1,NA,NA,798,-0.7461368707272865
avian,N1,NA,NA,801,0.0036557496373375853
avian,N1,NA,NA,804,0.24535613315716762
avian,N1,NA,NA,807,-0.5747337133978009
avian,N1,NA,NA,810,0.2925780342443872
avian,N1,NA,NA,813,0.31411479586330726
avian,N1,NA,NA,816,0.10492927621713316
avian,N1,NA,NA,819,-0.18893817699646392
avian,N1,NA,NA,825,0.1992181350469449
avian,N1,NA,NA,828,-0.05740776543539535
avian,N1,NA,NA,831,0.17577634467798556
avian,N1,NA,NA,834,0.16642091581042728
avian,N1,NA,NA,837,-0.058095177296887
avian,N1,NA,NA,840,0.48649412376108425
avian,N1,NA,NA,846,0.6044854819630244
avian,N1,NA,NA,849,0.49203513586650416
avian,N1,NA,NA,852,0.5802261046514937
avian,N1,NA,NA,855,-0.06475739008173317
avian,N1,NA,NA,856,0.33169439580094157
avian,N1,NA,NA,858,0.2141614399927796
avian,N1,NA,NA,861,-0.3664277785402994
avian,N1,NA,NA,867,0.4270047748361903
avian,N1,NA,NA,870,0.887409570050237
avian,N1,NA,NA,873,0.4349916204492078
avian,N1,NA,NA,876,-0.23981996468122674
avian,N1,NA,NA,879,0.476477300342407
avian,N1,NA,NA,882,0.09990049684924578
avian,N1,NA,NA,883,-0.07782644912582917
avian,N1,NA,NA,885,-0.2811513188778206
avian,N1,NA,NA,888,-0.4849258826456548
avian,N1,NA,NA,891,0.19693988538275015
avian,N1,NA,NA,894,-0.28355805431060727
avian,N1,NA,NA,900,0.4062468859421134
avian,N1,NA,NA,903,-0.25055225224291344
avian,N1,NA,NA,909,0.07896009772334353
avian,N1,NA,NA,912,0.19564965047701263
avian,N1,NA,NA,915,0.11663573388304761
avian,N1,NA,NA,918,0.39213890963765724
avian,N1,NA,NA,921,-0.3102986157734738
avian,N1,NA,NA,924,-0.04207828391572952
avian,N1,NA,NA,927,0.39584529522177614
avian,N1,NA,NA,930,0.4081106074581945
avian,N1,NA,NA,933,-0.720900873560673
avian,N1,NA,NA,936,-0.22121251001633746
avian,N1,NA,NA,939,-0.26556466938321377
avian,N1,NA,NA,942,0.3384868249704626
avian,N1,NA,NA,945,0.2110025942790622
avian,N1,NA,NA,948,-0.036753589904390316
avian,N1,NA,NA,951,-0.33757674935703563
avian,N1,NA,NA,954,0.24870996798277878
avian,N1,NA,NA,957,-0.01689141524898426
avian,N1,NA,NA,960,0.36629900033307145
avian,N1,NA,NA,963,0.12495588827953734
avian,N1,NA,NA,966,0.37877630091062886
avian,N1,NA,NA,969,-0.8557175380355456
avian,N1,NA,NA,972,-0.07286814403116038
avian,N1,NA,NA,975,0.014233148304045424
avian,N1,NA,NA,978,0.212186001708082
avian,N1,NA,NA,981,-1.04858538653919
avian,N1,NA,NA,984,-0.17705321628634332
avian,N1,NA,NA,987,0.08389537448293426
avian,N1,NA,NA,990,0.2265104807568988
avian,N1,NA,NA,993,-0.09803158903931125
avian,N1,NA,NA,996,-0.25150774940873677
avian,N1,NA,NA,999,-0.19335925637240473
avian,N1,NA,NA,1002,0.3632405867609819
avian,N1,NA,NA,1005,0.0028012113468162568
avian,N1,NA,NA,1008,-0.24960983699645026
avian,N1,NA,NA,1011,-0.36652418487746075
avian,N1,NA,NA,1014,-0.7949160700741953
avian,N1,NA,NA,1017,-0.1638296833769621
avian,N1,NA,NA,1020,0.388855286480795
avian,N1,NA,NA,1023,-0.23264606726257747
avian,N1,NA,NA,1026,0.3356363222457209
avian,N1,NA,NA,1032,-0.21399865801060974
avian,N1,NA,NA,1035,0.03772724402705377
avian,N1,NA,NA,1038,0.23502638996712152
avian,N1,NA,NA,1044,0.08412051505596707
avian,N1,NA,NA,1047,0.2165143640891881
avian,N1,NA,NA,1050,-0.15973004644365746
avian,N1,NA,NA,1053,0.42733427112693034
avian,N1,NA,NA,1056,-0.08422386274284395
avian,N1,NA,NA,1059,0.03373246063348641
avian,N1,NA,NA,1062,-0.022985098897294918
avian,N1,NA,NA,1065,0.16403782928107694
avian,N1,NA,NA,1068,-0.12141417179416983
avian,N1,NA,NA,1071,-0.3475698616533804
avian,N1,NA,NA,1077,-0.08116447182665358
avian,N1,NA,NA,1083,0.20237128607596924
avian,N1,NA,NA,1086,-0.1979474650831032
avian,N1,NA,NA,1089,-0.016709934357655595
avian,N1,NA,NA,1092,0.03564605119970689
avian,N1,NA,NA,1098,0.08995313158109759
avian,N1,NA,NA,1101,-0.28650330669365737
avian,N1,NA,NA,1104,0.4263334336376762
avian,N1,NA,NA,1107,-0.01920958594005643
avian,N1,NA,NA,1110,-0.16142199414741096
avian,N1,NA,NA,1113,-0.6981749384067293
avian,N1,NA,NA,1116,0.21270049427560894
avian,N1,NA,NA,1119,0.1419621701326292
avian,N1,NA,NA,1122,0.11518422724750861
avian,N1,NA,NA,1125,-0.15784355593784877
avian,N1,NA,NA,1128,-0.0033442950851492966
avian,N1,NA,NA,1131,-0.2945373178349506
avian,N1,NA,NA,1134,-0.09934362013261781
avian,N1,NA,NA,1137,-0.0559426841360298
avian,N1,NA,NA,1140,0.287521974334319
avian,N1,NA,NA,1146,0.383203091187745
avian,N1,NA,NA,1149,-0.08202031566235263
avian,N1,NA,NA,1155,-0.2159607450924093
avian,N1,NA,NA,1158,0.2908188199728517
avian,N1,NA,NA,1161,-0.4205114064955087
avian,N1,NA,NA,1164,0.1317207049148414
avian,N1,NA,NA,1167,-0.33047627353891484
avian,N1,NA,NA,1170,0.13442874876098634
avian,N1,NA,NA,1173,-0.03439790202334166
avian,N1,NA,NA,1176,0.2065121376229792
avian,N1,NA,NA,1179,-0.43860937875324696
avian,N1,NA,NA,1182,0.17567503101794557
avian,N1,NA,NA,1185,0.1524383833139321
avian,N1,NA,NA,1188,0.10823368849349634
avian,N1,NA,NA,1189,0.1918638715253151
avian,N1,NA,NA,1191,-0.14947095212557174
avian,N1,NA,NA,1197,0.4017864522087202
avian,N1,NA,NA,1198,0.08288098378980062
avian,N1,NA,NA,1200,-0.32772164223033673
avian,N1,NA,NA,1203,-0.10148314527592568
avian,N1,NA,NA,1206,-0.089917365214437
avian,N1,NA,NA,1212,-0.960110164369302
avian,N1,NA,NA,1215,-0.025024956160754494
avian,N1,NA,NA,1218,0.35307162263452285
avian,N1,NA,NA,1221,-0.18579863846726713
avian,N1,NA,NA,1227,-1.2021692537398403
avian,N1,NA,NA,1230,-0.5689594803241137
avian,N1,NA,NA,1231,-0.22512377928624633
avian,N1,NA,NA,1233,0.23445047670050503
avian,N1,NA,NA,1236,0.00818774040850368
avian,N1,NA,NA,1239,-0.9922024007093077
avian,N1,NA,NA,1242,0.24659170881424058
avian,N1,NA,NA,1245,-0.5708211681238048
avian,N1,NA,NA,1248,0.3676108253419854
avian,N1,NA,NA,1251,-0.04266174785651474
avian,N1,NA,NA,1254,-0.5837878633475676
avian,N1,NA,NA,1257,0.25060496806602645
avian,N1,NA,NA,1260,0.1815243197927587
avian,N1,NA,NA,1263,-0.007607317112051189
avian,N1,NA,NA,1269,-0.2963807403659342
avian,N1,NA,NA,1272,0.04902747530436701
avian,N1,NA,NA,1275,0.09102920525020636
avian,N1,NA,NA,1278,0.028658277563554175
avian,N1,NA,NA,1281,0.19693170925988626
avian,N1,NA,NA,1287,0.5090823780141213
avian,N1,NA,NA,1290,0.01192705352018199
avian,N1,NA,NA,1293,-0.28687425380752973
avian,N1,NA,NA,1296,-0.8996467759419068
avian,N1,NA,NA,1299,0.22385719221920963
avian,N1,NA,NA,1302,-0.6166302685897929
avian,N1,NA,NA,1305,-0.547142784573481
avian,N1,NA,NA,1308,-0.10026561133151482
avian,N1,NA,NA,1311,-0.6963021537012678
avian,N1,NA,NA,1314,0.18036900821553276
avian,N1,NA,NA,1317,-0.6465945113068383
avian,N1,NA,NA,1323,-0.18001602939284306
avian,N1,NA,NA,1329,-0.22186083889260388
avian,N1,NA,NA,1332,-2.5057156040536013
avian,N1,NA,NA,1335,-1.0360766131109178
avian,N1,NA,NA,1338,-1.3016230176603159
avian,N1,NA,NA,1341,-0.22370535252214344
avian,N1,NA,NA,1342,-0.027858849592535276
avian,N1,NA,NA,1344,-2.9087091203317637
avian,N1,NA,NA,1347,-0.28272581780920814
avian,N1,NA,NA,1350,-0.25065532449728944
avian,N1,NA,NA,1353,-0.43309164819444707
avian,N1,NA,NA,1356,-1.2212114861682486
avian,N1,NA,NA,1359,-3.8527133945108956
avian,N1,NA,NA,1362,-1.423434809505053
avian,N2,NA,NA,6,1.5375731014554976
avian,N2,NA,NA,12,1.0552180953083088
avian,N2,NA,NA,15,-0.32480341111733635
avian,N2,NA,NA,18,-0.42856474214281487
avian,N2,NA,NA,33,0.043675335333095575
avian,N2,NA,NA,39,0.9342082445023387
avian,N2,NA,NA,42,-0.009151742757536671
avian,N2,NA,NA,43,-0.8548900262025962
avian,N2,NA,NA,45,-0.433616478100722
avian,N2,NA,NA,48,0.4915581362507178
avian,N2,NA,NA,51,0.8292023145014158
avian,N2,NA,NA,54,-0.7308009865808485
avian,N2,NA,NA,63,-0.2513925358066882
avian,N2,NA,NA,66,-0.8242716487984825
avian,N2,NA,NA,69,-0.15341683581693577
avian,N2,NA,NA,75,0.3999212200332878
avian,N2,NA,NA,81,-0.8009777245610709
avian,N2,NA,NA,84,-0.3412557154076329
avian,N2,NA,NA,85,0.5248363736169629
avian,N2,NA,NA,87,-0.05077900208359081
avian,N2,NA,NA,93,-0.06075053513735124
avian,N2,NA,NA,96,0.4365955962172165
avian,N2,NA,NA,103,-0.3515434156230935
avian,N2,NA,NA,108,0.6585519721845252
avian,N2,NA,NA,111,-0.9431935976108453
avian,N2,NA,NA,114,-0.2211278864683895
avian,N2,NA,NA,117,-0.20763073239578658
avian,N2,NA,NA,123,-0.3107491805051472
avian,N2,NA,NA,126,0.049755166881737034
avian,N2,NA,NA,129,1.3909174476947646
avian,N2,NA,NA,132,-0.2913479920051424
avian,N2,NA,NA,135,-0.39923023363795274
avian,N2,NA,NA,138,0.08494883109549034
avian,N2,NA,NA,141,1.181094298246632
avian,N2,NA,NA,144,-0.12529077178984965
avian,N2,NA,NA,147,0.15732652325129398
avian,N2,NA,NA,150,-0.9137982605115927
avian,N2,NA,NA,153,0.5812112257653984
avian,N2,NA,NA,156,0.44082921542576997
avian,N2,NA,NA,159,0.48723897895344614
avian,N2,NA,NA,162,0.22591031049925586
avian,N2,NA,NA,165,0.06105195393490911
avian,N2,NA,NA,168,-0.46402153221180126
avian,N2,NA,NA,180,-0.13160702493738485
avian,N2,NA,NA,183,-0.723046926747618
avian,N2,NA,NA,192,-0.8524490275919969
avian,N2,NA,NA,198,0.3040305389605123
avian,N2,NA,NA,201,0.07691270876607427
avian,N2,NA,NA,202,-0.01276077461278131
avian,N2,NA,NA,204,0.1351810094274962
avian,N2,NA,NA,207,-0.2744281035503219
avian,N2,NA,NA,210,0.4001585627679447
avian,N2,NA,NA,213,-0.20143050766253653
avian,N2,NA,NA,216,-0.18801647520726272
avian,N2,NA,NA,222,-0.10457076122742422
avian,N2,NA,NA,225,0.3769646479244462
avian,N2,NA,NA,228,0.26524611177625845
avian,N2,NA,NA,231,-0.5020477911382428
avian,N2,NA,NA,234,0.25955303316947387
avian,N2,NA,NA,237,0.3135197878798595
avian,N2,NA,NA,240,0.16752090191076546
avian,N2,NA,NA,243,-0.12862531864831186
avian,N2,NA,NA,246,0.2638772564629912
avian,N2,NA,NA,249,0.12245332105989394
avian,N2,NA,NA,252,0.06915255456979957
avian,N2,NA,NA,255,-0.11922436491086712
avian,N2,NA,NA,258,0.07536018282029287
avian,N2,NA,NA,264,-0.5757057761574118
avian,N2,NA,NA,267,0.45141935416869333
avian,N2,NA,NA,270,0.2587836974885578
avian,N2,NA,NA,276,0.021926954285519683
avian,N2,NA,NA,282,-0.07641575662804463
avian,N2,NA,NA,285,0.4298792989043574
avian,N2,NA,NA,288,0.2789528815141803
avian,N2,NA,NA,291,-0.1858499571832921
avian,N2,NA,NA,294,0.43007348549848456
avian,N2,NA,NA,297,-0.26017022374467536
avian,N2,NA,NA,300,0.5102982873064493
avian,N2,NA,NA,306,-0.16857925463118562
avian,N2,NA,NA,309,-0.8428707926852328
avian,N2,NA,NA,312,0.32338655793943183
avian,N2,NA,NA,315,0.40871845539772667
avian,N2,NA,NA,318,-0.33166436466775256
avian,N2,NA,NA,321,-0.6400411780457456
avian,N2,NA,NA,324,0.544607544829209
avian,N2,NA,NA,333,0.244838164767953
avian,N2,NA,NA,336,-0.09799180633659305
avian,N2,NA,NA,339,0.34639679442238547
avian,N2,NA,NA,342,0.5561705013038412
avian,N2,NA,NA,348,0.5415185582307408
avian,N2,NA,NA,354,-0.2267800922537605
avian,N2,NA,NA,357,0.031173838851904834
avian,N2,NA,NA,360,-0.3358867518960916
avian,N2,NA,NA,366,-0.39010497221785967
avian,N2,NA,NA,369,0.3426220598402566
avian,N2,NA,NA,372,0.017985569260732172
avian,N2,NA,NA,375,0.42075896710170047
avian,N2,NA,NA,378,-0.013784106437864627
avian,N2,NA,NA,381,0.1450357325269413
avian,N2,NA,NA,384,-0.38312514080534127
avian,N2,NA,NA,387,-0.30438570095160616
avian,N2,NA,NA,390,-0.3056927844902664
avian,N2,NA,NA,393,0.20532734348372894
avian,N2,NA,NA,402,0.5075660595936545
avian,N2,NA,NA,405,-0.24345488588443476
avian,N2,NA,NA,408,-0.3607067428374137
avian,N2,NA,NA,411,0.23572196812033536
avian,N2,NA,NA,414,-0.49765429525511934
avian,N2,NA,NA,417,0.41569037738511583
avian,N2,NA,NA,418,-0.5769739466694803
avian,N2,NA,NA,420,0.032872415607539646
avian,N2,NA,NA,423,0.23593448119712773
avian,N2,NA,NA,426,-0.25466395799231845
avian,N2,NA,NA,432,0.44666806815268456
avian,N2,NA,NA,435,0.3532853737656052
avian,N2,NA,NA,438,0.4489631133254887
avian,N2,NA,NA,441,-0.0008912730690750492
avian,N2,NA,NA,444,0.5361609630335556
avian,N2,NA,NA,450,0.24512943406420332
avian,N2,NA,NA,453,-1.1106768100605686
avian,N2,NA,NA,456,0.1347390535472206
avian,N2,NA,NA,459,-0.027721328378857962
avian,N2,NA,NA,462,0.2569156892061003
avian,N2,NA,NA,465,0.28070432590549266
avian,N2,NA,NA,468,-0.27015589218639885
avian,N2,NA,NA,471,0.134456664490195
avian,N2,NA,NA,474,-0.17819106804428395
avian,N2,NA,NA,475,0.19034987717551932
avian,N2,NA,NA,477,0.4599457927456849
avian,N2,NA,NA,486,0.7982534916697417
avian,N2,NA,NA,487,-0.17323243201447944
avian,N2,NA,NA,489,0.6299412900702593
avian,N2,NA,NA,495,0.5685716267712978
avian,N2,NA,NA,498,0.44183227967162414
avian,N2,NA,NA,501,0.13537446645638637
avian,N2,NA,NA,504,0.12783585697075778
avian,N2,NA,NA,505,-0.1324869406020434
avian,N2,NA,NA,507,0.6843481385883452
avian,N2,NA,NA,510,0.31853056897662896
avian,N2,NA,NA,513,-0.6429227087911794
avian,N2,NA,NA,516,-0.6277929595842489
avian,N2,NA,NA,519,-0.29890093078752233
avian,N2,NA,NA,522,0.33289867065491985
avian,N2,NA,NA,525,0.19923945359705594
avian,N2,NA,NA,540,0.27355016271551563
avian,N2,NA,NA,546,0.25021444422555095
avian,N2,NA,NA,549,0.18809387455954626
avian,N2,NA,NA,558,0.14281157988692184
avian,N2,NA,NA,561,-0.21784808543958342
avian,N2,NA,NA,568,-0.10653516140404418
avian,N2,NA,NA,570,0.27262687963507004
avian,N2,NA,NA,573,0.24084313506171062
avian,N2,NA,NA,582,0.043650435766291316
avian,N2,NA,NA,585,0.429574116217039
avian,N2,NA,NA,588,0.052390848868737926
avian,N2,NA,NA,591,0.27520866945476585
avian,N2,NA,NA,594,-0.3409760127028817
avian,N2,NA,NA,597,-0.17093520221252473
avian,N2,NA,NA,603,0.08180801067841871
avian,N2,NA,NA,609,-0.04757210340086967
avian,N2,NA,NA,612,0.09499849091043021
avian,N2,NA,NA,615,0.24455026255615953
avian,N2,NA,NA,627,-0.025361736320074945
avian,N2,NA,NA,639,0.019031601735718013
avian,N2,NA,NA,642,0.4776437582425309
avian,N2,NA,NA,645,0.764576603752541
avian,N2,NA,NA,648,0.32885396630110886
avian,N2,NA,NA,657,0.2753364997030564
avian,N2,NA,NA,660,-0.17319340550727438
avian,N2,NA,NA,663,0.07483068547851525
avian,N2,NA,NA,666,0.6958826169209396
avian,N2,NA,NA,669,0.006882659759885142
avian,N2,NA,NA,672,0.12728501763551522
avian,N2,NA,NA,675,0.06294915650814051
avian,N2,NA,NA,678,-0.5672567181603447
avian,N2,NA,NA,681,-0.164290038837594
avian,N2,NA,NA,687,0.4755529040240382
avian,N2,NA,NA,690,-0.00521022716509328
avian,N2,NA,NA,693,0.45970163467613623
avian,N2,NA,NA,696,0.04517109442585887
avian,N2,NA,NA,699,0.2574091016531827
avian,N2,NA,NA,705,0.35553167549289666
avian,N2,NA,NA,708,0.170482087817266
avian,N2,NA,NA,711,-0.3941797954548978
avian,N2,NA,NA,714,0.6412743627818472
avian,N2,NA,NA,717,-0.010863452357486187
avian,N2,NA,NA,720,0.35368129205983173
avian,N2,NA,NA,732,0.25108785151724605
avian,N2,NA,NA,735,0.2650083644038531
avian,N2,NA,NA,744,0.07597504512704148
avian,N2,NA,NA,747,-0.3171769861918735
avian,N2,NA,NA,750,-0.04217998640321243
avian,N2,NA,NA,753,0.40244945982665997
avian,N2,NA,NA,756,0.10955164567806336
avian,N2,NA,NA,759,-0.2259853293385175
avian,N2,NA,NA,763,-0.1016632968140099
avian,N2,NA,NA,765,0.17339589447622403
avian,N2,NA,NA,768,-0.05048353946126477
avian,N2,NA,NA,774,-0.6140990526595876
avian,N2,NA,NA,777,0.21274796956988262
avian,N2,NA,NA,780,0.8350224656537597
avian,N2,NA,NA,783,-0.17117820568158063
avian,N2,NA,NA,786,0.01695932153410596
avian,N2,NA,NA,789,0.22288280536359992
avian,N2,NA,NA,792,0.318572708979583
avian,N2,NA,NA,795,-0.9069589875559714
avian,N2,NA,NA,798,-0.27313149017571664
avian,N2,NA,NA,801,0.5069534960293648
avian,N2,NA,NA,802,0.33654760037496545
avian,N2,NA,NA,804,-0.11819709218624166
avian,N2,NA,NA,810,-0.3901202428250989
avian,N2,NA,NA,813,0.304958456449058
avian,N2,NA,NA,816,0.11327143798582272
avian,N2,NA,NA,819,-0.25599149634904117
avian,N2,NA,NA,822,-0.06992219892142598
avian,N2,NA,NA,828,-0.6459723718840131
avian,N2,NA,NA,831,-0.0433247387921005
avian,N2,NA,NA,834,0.1650560511749508
avian,N2,NA,NA,837,0.045231583382613155
avian,N2,NA,NA,840,-0.2616868581918695
avian,N2,NA,NA,843,0.34313129010557775
avian,N2,NA,NA,846,0.17485733071068574
avian,N2,NA,NA,847,0.22652904190748194
avian,N2,NA,NA,849,-0.27730840034893733
avian,N2,NA,NA,852,0.6213095170201788
avian,N2,NA,NA,858,0.2608574679334014
avian,N2,NA,NA,861,0.010058694139585147
avian,N2,NA,NA,864,-0.06515712341623356
avian,N2,NA,NA,870,0.36146298684341405
avian,N2,NA,NA,873,0.07897754301207299
avian,N2,NA,NA,876,0.3514116833888757
avian,N2,NA,NA,879,-0.2356465267330726
avian,N2,NA,NA,882,-0.06126265075961965
avian,N2,NA,NA,888,-0.16923310129184743
avian,N2,NA,NA,891,0.30844766984215954
avian,N2,NA,NA,897,-0.1600941650678004
avian,N2,NA,NA,900,-0.08851052168773615
avian,N2,NA,NA,903,-0.5206648203616712
avian,N2,NA,NA,906,-0.027405422915202045
avian,N2,NA,NA,912,-0.14183375403500253
avian,N2,NA,NA,918,-0.3580658338759408
avian,N2,NA,NA,927,-0.152731788269737
avian,N2,NA,NA,930,-0.6428809351306588
avian,N2,NA,NA,933,0.3266239870000952
avian,N2,NA,NA,939,0.35894321875654545
avian,N2,NA,NA,942,-0.0022901480696926324
avian,N2,NA,NA,945,-0.045199694662939764
avian,N2,NA,NA,951,0.09388639121033043
avian,N2,NA,NA,954,0.21662645267954087
avian,N2,NA,NA,960,0.40369177034492393
avian,N2,NA,NA,969,0.04547660231238024
avian,N2,NA,NA,972,-0.21161508892113107
avian,N2,NA,NA,981,0.22453068109904747
avian,N2,NA,NA,984,0.05560809364789995
avian,N2,NA,NA,990,-0.6529815962867248
avian,N2,NA,NA,993,0.549192729744398
avian,N2,NA,NA,999,0.7580445452460208
avian,N2,NA,NA,1002,0.6070867768699739
avian,N2,NA,NA,1008,0.5060407376005086
avian,N2,NA,NA,1011,0.04703267950859694
avian,N2,NA,NA,1014,-0.8421671175719285
avian,N2,NA,NA,1017,-0.06641825071199751
avian,N2,NA,NA,1020,-0.40863942739473075
avian,N2,NA,NA,1023,0.2861701271869254
avian,N2,NA,NA,1026,0.0758616588030469
avian,N2,NA,NA,1029,0.4821296593625833
avian,N2,NA,NA,1032,-0.22423819925231991
avian,N2,NA,NA,1035,-0.06534459384303494
avian,N2,NA,NA,1038,-0.06761619201104112
avian,N2,NA,NA,1044,-0.2709234576715289
avian,N2,NA,NA,1047,0.3507249906686005
avian,N2,NA,NA,1050,-0.5777021133572819
avian,N2,NA,NA,1053,-0.2167195661384016
avian,N2,NA,NA,1065,-0.6794676792040804
avian,N2,NA,NA,1068,-0.25707120091071733
avian,N2,NA,NA,1071,0.24602847840817255
avian,N2,NA,NA,1074,0.19107518174388796
avian,N2,NA,NA,1080,-0.1300546967766311
avian,N2,NA,NA,1089,0.22945959886686457
avian,N2,NA,NA,1092,-0.22870622179816108
avian,N2,NA,NA,1098,-0.9529656510224309
avian,N2,NA,NA,1104,0.9883270853799868
avian,N2,NA,NA,1107,-0.671055697356807
avian,N2,NA,NA,1110,-0.03238493941426832
avian,N2,NA,NA,1113,-0.10023406302921685
avian,N2,NA,NA,1119,-0.23137837739173556
avian,N2,NA,NA,1125,0.11132287677377012
avian,N2,NA,NA,1134,-0.5935289009005431
avian,N2,NA,NA,1137,-0.17480622019322364
avian,N2,NA,NA,1146,-0.201526504701519
avian,N2,NA,NA,1152,0.5215565480006362
avian,N2,NA,NA,1158,0.2835781671602804
avian,N2,NA,NA,1161,-0.05098502094472549
avian,N2,NA,NA,1164,0.5096572539176694
avian,N2,NA,NA,1167,0.13160368908593995
avian,N2,NA,NA,1173,-0.5269293696224666
avian,N2,NA,NA,1179,-0.23605637646499797
avian,N2,NA,NA,1182,-0.9623438603660689
avian,N2,NA,NA,1185,0.1360290306961948
avian,N2,NA,NA,1188,-0.7423863127941601
avian,N2,NA,NA,1197,0.2601063670948207
avian,N2,NA,NA,1200,0.09004409833758177
avian,N2,NA,NA,1203,-0.15949916931112487
avian,N2,NA,NA,1206,0.017834647852441602
avian,N2,NA,NA,1215,-0.21641515735629152
avian,N2,NA,NA,1218,0.357616618724611
avian,N2,NA,NA,1221,0.03217163688587067
avian,N2,NA,NA,1227,0.4603299599231612
avian,N2,NA,NA,1230,-0.25893253855055903
avian,N2,NA,NA,1236,0.34029714170335823
avian,N2,NA,NA,1239,0.3524220981800795
avian,N2,NA,NA,1242,0.08518605842420095
avian,N2,NA,NA,1245,0.3283925667624789
avian,N2,NA,NA,1248,-0.15706447173259414
avian,N2,NA,NA,1251,-0.3074983815474443
avian,N2,NA,NA,1254,0.12132803800245918
avian,N2,NA,NA,1260,-0.9070208459289256
avian,N2,NA,NA,1263,0.24078863526524633
avian,N2,NA,NA,1266,-0.4851566092362586
avian,N2,NA,NA,1272,-0.48715403922467204
avian,N2,NA,NA,1275,-0.43397220815426785
avian,N2,NA,NA,1276,0.008158504707746164
avian,N2,NA,NA,1278,-0.7667383472118312
avian,N2,NA,NA,1284,-0.56155208440012
avian,N2,NA,NA,1287,-0.6456189969156674
avian,N2,NA,NA,1290,0.0678581347744294
avian,N2,NA,NA,1293,0.6518546345029701
avian,N2,NA,NA,1296,-0.5898024436287624
avian,N2,NA,NA,1299,-0.03543659495385874
avian,N2,NA,NA,1302,0.39770507492418633
avian,N2,NA,NA,1305,-0.26196535630184975
avian,N2,NA,NA,1308,0.11940738237360404
avian,N2,NA,NA,1323,0.20533158686977784
avian,N2,NA,NA,1329,-0.06291327886231908
avian,N2,NA,NA,1332,-0.004531526543469929
avian,N2,NA,NA,1335,0.15914746253144874
avian,N2,NA,NA,1344,0.16417381778153745
avian,N2,NA,NA,1353,-0.22140398967414712
avian,N2,NA,NA,1356,0.8352027423635258
avian,N2,NA,NA,1362,-0.04490407357306957
avian,N2,NA,NA,1368,-3.3922636969996915
avian,N2,NA,NA,1383,0.12684643653286892
avian,N2,NA,NA,1386,-0.380513883781144
avian,N2,NA,NA,1389,-0.9879656131623973
avian,N2,NA,NA,1392,0.061174219426494814
avian,N2,NA,NA,1395,0.7624030724695474
avian,N2,NA,NA,1398,-0.09214781878326805
avian,N2,NA,NA,1404,-0.898855358205249
avian,N2,NA,NA,1409,-0.23826183540189122
avian,N6,NA,NA,6,0.4910445731867613
avian,N6,NA,NA,18,-0.2553594381235012
avian,N6,NA,NA,36,1.3169576940388557
avian,N6,NA,NA,49,-3.050959630861785
avian,N6,NA,NA,54,-0.26347123205489925
avian,N6,NA,NA,99,-1.1423938856881541
avian,N6,NA,NA,114,0.38459680291329135
avian,N6,NA,NA,132,0.6001644922703177
avian,N6,NA,NA,162,-0.0004694247395424306
avian,N6,NA,NA,207,-0.10308336813523769
avian,N6,NA,NA,228,0.1938493010653598
avian,N6,NA,NA,234,0.8558435938323982
avian,N6,NA,NA,237,0.5174167914020826
avian,N6,NA,NA,240,0.2984161126139705
avian,N6,NA,NA,255,0.12647630301366544
avian,N6,NA,NA,273,-0.281361290606432
avian,N6,NA,NA,285,0.7358553571674092
avian,N6,NA,NA,300,-0.6744134497359863
avian,N6,NA,NA,360,0.4889884125577453
avian,N6,NA,NA,375,0.712260797785959
avian,N6,NA,NA,405,0.2802270506707334
avian,N6,NA,NA,411,0.8071481775781653
avian,N6,NA,NA,429,-0.26023914670216863
avian,N6,NA,NA,456,0.6845116251406467
avian,N6,NA,NA,474,0.29986825666020833
avian,N6,NA,NA,477,1.446216526390299
avian,N6,NA,NA,483,0.7341078095115255
avian,N6,NA,NA,492,-0.6798210922107082
avian,N6,NA,NA,504,0.3352114117332053
avian,N6,NA,NA,516,-0.36243869256816486
avian,N6,NA,NA,522,-0.7348252648715713
avian,N6,NA,NA,561,0.5318344524825477
avian,N6,NA,NA,564,-0.026740545122977945
avian,N6,NA,NA,579,0.5551516032432121
avian,N6,NA,NA,594,-0.8053681201962719
avian,N6,NA,NA,597,0.38221959448531057
avian,N6,NA,NA,600,0.5402878537545501
avian,N6,NA,NA,645,0.6303178256190995
avian,N6,NA,NA,669,-0.07584118786393396
avian,N6,NA,NA,672,0.15703467588648454
avian,N6,NA,NA,690,1.096602972961245
avian,N6,NA,NA,750,0.0025484705112382017
avian,N6,NA,NA,753,0.6808980061638737
avian,N6,NA,NA,756,0.5270607365317095
avian,N6,NA,NA,775,0.1505210240048615
avian,N6,NA,NA,828,0.20552836020954907
avian,N6,NA,NA,861,0.8616071168864278
avian,N6,NA,NA,873,0.09934437331317116
avian,N6,NA,NA,951,0.45473581834167076
avian,N6,NA,NA,975,-0.11925026858676822
avian,N6,NA,NA,978,0.15161239301404258
avian,N6,NA,NA,987,-0.18569866428374268
avian,N6,NA,NA,1002,-0.10589159846531851
avian,N6,NA,NA,1005,-0.7545150911221816
avian,N6,NA,NA,1017,1.0252452605739826
avian,N6,NA,NA,1020,0.6880675411273294
avian,N6,NA,NA,1026,-0.417255039324196
avian,N6,NA,NA,1047,-0.41293994262748424
avian,N6,NA,NA,1062,0.19210144874459262
avian,N6,NA,NA,1065,-0.01742934620772978
avian,N6,NA,NA,1095,0.29691885980274324
avian,N6,NA,NA,1107,1.0217154204326022
avian,N6,NA,NA,1131,0.34064212766410684
avian,N6,NA,NA,1155,-0.018975362636510586
avian,N6,NA,NA,1167,0.3990509401804931
avian,N6,NA,NA,1170,0.04492416744428479
avian,N6,NA,NA,1176,0.7866584749483788
avian,N6,NA,NA,1185,0.08851507855007566
avian,N6,NA,NA,1227,0.22548340542760048
avian,N6,NA,NA,1233,0.10325318012061141
avian,N6,NA,NA,1275,-1.1793723350451955
avian,N6,NA,NA,1284,0.18458744369818375
avian,N6,NA,NA,1320,-3.047962930903369
avian,N6,NA,NA,1329,-0.7370012367830694
avian,N6,NA,NA,1338,-0.8495394660012957
avian,N6,NA,NA,1365,0.8870042271285279
avian,N6,NA,NA,1374,-1.955629826824964
avian,N6,NA,NA,1380,-3.372617810883502
avian,N8,NA,NA,6,-0.8698130443167146
avian,N8,NA,NA,12,0.08842822341149247
avian,N8,NA,NA,15,0.19965433716628875
avian,N8,NA,NA,48,0.240255840240265
avian,N8,NA,NA,49,0.5955362802431232
avian,N8,NA,NA,78,0.4557338617529922
avian,N8,NA,NA,141,0.38045265467384537
avian,N8,NA,NA,153,-0.06699067543567175
avian,N8,NA,NA,174,0.16998093712789833
avian,N8,NA,NA,180,-0.11860432287593224
avian,N8,NA,NA,201,0.3903488771765809
avian,N8,NA,NA,213,0.479035052154021
avian,N8,NA,NA,216,0.7542379472258677
avian,N8,NA,NA,225,-2.2480354733935033
avian,N8,NA,NA,240,0.4068845349466133
avian,N8,NA,NA,279,-0.4485101253841265
avian,N8,NA,NA,303,0.30588667751850307
avian,N8,NA,NA,306,0.21296133359495018
avian,N8,NA,NA,309,0.6142262617214037
avian,N8,NA,NA,315,0.46611936205005255
avian,N8,NA,NA,348,-0.34987730604509004
avian,N8,NA,NA,378,0.34752052844671855
avian,N8,NA,NA,387,0.10505959531422202
avian,N8,NA,NA,393,0.08337540230381592
avian,N8,NA,NA,408,0.5243666830378734
avian,N8,NA,NA,444,1.150190594704419
avian,N8,NA,NA,453,-0.3335611207187105
avian,N8,NA,NA,465,0.13993791782920653
avian,N8,NA,NA,477,0.9753032373412344
avian,N8,NA,NA,507,0.4657229589132975
avian,N8,NA,NA,513,0.12563354868639875
avian,N8,NA,NA,555,0.26871892980653295
avian,N8,NA,NA,558,-0.07038067459782206
avian,N8,NA,NA,582,0.6053645159261035
avian,N8,NA,NA,648,0.2688444637600844
avian,N8,NA,NA,660,0.3555503614013835
avian,N8,NA,NA,675,-0.07015144963925211
avian,N8,NA,NA,717,0.264991054281391
avian,N8,NA,NA,747,-0.4862728665260119
avian,N8,NA,NA,771,0.9205398792653823
avian,N8,NA,NA,777,1.3314705436251226
avian,N8,NA,NA,831,0.4766345350917672
avian,N8,NA,NA,861,0.7663014455314722
avian,N8,NA,NA,879,0.40889148768036876
avian,N8,NA,NA,888,0.08675458759580185
avian,N8,NA,NA,894,0.6581196043440836
avian,N8,NA,NA,897,-0.4815149389826957
avian,N8,NA,NA,903,1.0050762893694594
avian,N8,NA,NA,939,1.1479483270731015
avian,N8,NA,NA,943,0.5592631970268713
avian,N8,NA,NA,945,0.6839922276807363
avian,N8,NA,NA,969,0.32754733565475125
avian,N8,NA,NA,1026,-0.32613378573812013
avian,N8,NA,NA,1029,0.12688704952003477
avian,N8,NA,NA,1050,0.10327041630688558
avian,N8,NA,NA,1059,-0.49872334766496634
avian,N8,NA,NA,1071,0.5517636437937521
avian,N8,NA,NA,1083,-0.15586983514109387
avian,N8,NA,NA,1104,0.3435582488823135
avian,N8,NA,NA,1110,-0.2960187459728262
avian,N8,NA,NA,1161,0.02223522661122097
avian,N8,NA,NA,1170,-0.1582054678143054
avian,N8,NA,NA,1185,0.23740153047853876
avian,N8,NA,NA,1200,0.29184666118708597
avian,N8,NA,NA,1254,0.5738196161577763
avian,N8,NA,NA,1257,0.4624853913909994
avian,N8,NA,NA,1290,0.3479587926333189
avian,N8,NA,NA,1305,0.1783453148374606
avian,N8,NA,NA,1314,0.5904896345395765
avian,N8,NA,NA,1341,-0.48131960279923575
avian,N8,NA,NA,1359,-1.3718313499355328
avian,N8,NA,NA,1374,-1.3607501586945427
avian,N8,NA,NA,1380,-1.4381184217142453
avian,N8,NA,NA,1401,-3.539527036198858
avian,N8,NA,NA,1407,-0.8986192533805126
avian,N9,NA,NA,12,2.3759914302729706
avian,all,MP,M1,27,-5.224125833952846
avian,all,MP,M1,30,0.2162228396420222
avian,all,MP,M1,33,-3.0119709359372324
avian,all,MP,M1,36,-1.1195915783302508
avian,all,MP,M1,39,-1.2827006139967017
avian,all,MP,M1,42,-0.6230968386191136
avian,all,MP,M1,45,0.31474242780512435
avian,all,MP,M1,48,-0.11656882588083532
avian,all,MP,M1,51,0.09036425057313484
avian,all,MP,M1,54,-2.953631992081052
avian,all,MP,M1,57,-4.7496920872157915
avian,all,MP,M1,60,-4.142039819955107
avian,all,MP,M1,63,-1.8274505510211643
avian,all,MP,M1,66,-4.1256512417371765
avian,all,MP,M1,69,-0.46595387173996555
avian,all,MP,M1,72,-0.5630053705964436
avian,all,MP,M1,75,-0.7897965894350779
avian,all,MP,M1,78,-2.0076415089846753
avian,all,MP,M1,81,-1.6005794452778097
avian,all,MP,M1,84,-0.9784972646004244
avian,all,MP,M1,87,-0.20489501479161343
avian,all,MP,M1,90,-1.7941865243375428
avian,all,MP,M1,93,0.18842505504149246
avian,all,MP,M1,96,-1.0580311515708207
avian,all,MP,M1,99,-0.8989946152456875
avian,all,MP,M1,102,-0.7581641120540681
avian,all,MP,M1,105,0.1182402605180432
avian,all,MP,M1,108,-0.3215401189500043
avian,all,MP,M1,111,-0.14662296372421227
avian,all,MP,M1,114,-0.2858621814920627
avian,all,MP,M1,117,0.39686160321271235
avian,all,MP,M1,120,-0.7657398713614862
avian,all,MP,M1,123,-0.04083281967055102
avian,all,MP,M1,126,-0.3786783401454862
avian,all,MP,M1,132,0.1427068869222028
avian,all,MP,M1,136,-0.5793447723925502
avian,all,MP,M1,138,-0.8036522499709314
avian,all,MP,M1,141,-3.1988454600322873
avian,all,MP,M1,144,-3.0532642949721778
avian,all,MP,M1,145,-2.0385524882072503
avian,all,MP,M1,147,-1.167579605808858
avian,all,MP,M1,150,-0.42527756663969984
avian,all,MP,M1,153,-1.172856809851797
avian,all,MP,M1,154,-0.564549644268139
avian,all,MP,M1,156,-3.5978505606284426
avian,all,MP,M1,159,-2.24317675222442
avian,all,MP,M1,162,-1.3491267721690652
avian,all,MP,M1,163,-0.8837719606538325
avian,all,MP,M1,165,-1.2833704213020185
avian,all,MP,M1,168,-0.18099302361705055
avian,all,MP,M1,171,-0.12649301273936084
avian,all,MP,M1,174,-0.9250207737341722
avian,all,MP,M1,177,0.16841394704219131
avian,all,MP,M1,178,-0.548636898214539
avian,all,MP,M1,180,-0.025543455418172975
avian,all,MP,M1,183,0.4620565714014096
avian,all,MP,M1,186,0.25925746630940927
avian,all,MP,M1,189,-0.33516666326523065
avian,all,MP,M1,192,0.31879161254437094
avian,all,MP,M1,195,-3.0851746563174425
avian,all,MP,M1,198,-4.691345964289162
avian,all,MP,M1,201,-3.513477410611232
avian,all,MP,M1,204,-3.917417025850106
avian,all,MP,M1,207,-2.3550564416406363
avian,all,MP,M1,210,-0.5176650561699567
avian,all,MP,M1,213,-1.8007773908924318
avian,all,MP,M1,214,-3.5404872763169637
avian,all,MP,M1,216,-0.7058681886726426
avian,all,MP,M1,219,-2.126359448480861
avian,all,MP,M1,220,-2.8479092480566126
avian,all,MP,M1,222,-1.1253846936578058
avian,all,MP,M1,225,-1.029955788189883
avian,all,MP,M1,228,-2.300900407001456
avian,all,MP,M1,231,-2.0171003655777096
avian,all,MP,M1,232,-0.6831563925918169
avian,all,MP,M1,234,0.6339020698113484
avian,all,MP,M1,237,-0.011497044051909754
avian,all,MP,M1,240,0.020521772803394178
avian,all,MP,M1,243,-0.1488332695914599
avian,all,MP,M1,246,0.1647717841212879
avian,all,MP,M1,249,0.009449898954320432
avian,all,MP,M1,250,-0.3210604820602464
avian,all,MP,M1,252,0.031586313361257
avian,all,MP,M1,255,0.37528488876550886
avian,all,MP,M1,258,-0.01878948137715092
avian,all,MP,M1,261,0.387594739834137
avian,all,MP,M1,264,-0.12459127059173143
avian,all,MP,M1,267,-0.3874767226110406
avian,all,MP,M1,270,0.03282170954245989
avian,all,MP,M1,273,0.6227789585240904
avian,all,MP,M1,276,0.48195983569585166
avian,all,MP,M1,282,-0.2049889928323486
avian,all,MP,M1,285,0.01704020330842016
avian,all,MP,M1,288,0.36278654070831623
avian,all,MP,M1,291,-0.03524622598675014
avian,all,MP,M1,294,-0.17693895010235966
avian,all,MP,M1,295,0.15689054850434253
avian,all,MP,M1,297,-0.11477054277125424
avian,all,MP,M1,300,0.017043321405487984
avian,all,MP,M1,303,-0.26422798947722725
avian,all,MP,M1,306,0.18436755200608107
avian,all,MP,M1,307,0.4280192141656035
avian,all,MP,M1,309,0.850134996745147
avian,all,MP,M1,312,0.23888024392046459
avian,all,MP,M1,315,-0.028533023875925143
avian,all,MP,M1,318,0.11890283886011369
avian,all,MP,M1,321,0.7026395375978643
avian,all,MP,M1,324,0.09978106990182403
avian,all,MP,M1,327,0.1348829332894865
avian,all,MP,M1,330,0.0983739764063492
avian,all,MP,M1,333,0.18496026859345996
avian,all,MP,M1,336,0.5144122547098922
avian,all,MP,M1,339,0.3283494189603936
avian,all,MP,M1,342,0.22325860439507575
avian,all,MP,M1,345,0.3522277900852504
avian,all,MP,M1,348,-0.29650974743852954
avian,all,MP,M1,351,-0.07429696168358643
avian,all,MP,M1,354,0.2722051440429207
avian,all,MP,M1,357,0.2611147481830653
avian,all,MP,M1,360,0.2923543044103209
avian,all,MP,M1,363,-0.0897568207898733
avian,all,MP,M1,366,-0.22789715845415418
avian,all,MP,M1,369,-0.12594984288800595
avian,all,MP,M1,372,-0.19527436145688937
avian,all,MP,M1,375,-0.35043167854719126
avian,all,MP,M1,378,0.026231119331475095
avian,all,MP,M1,381,0.40168275891927785
avian,all,MP,M1,387,0.3684074481896564
avian,all,MP,M1,390,-0.08050644320457387
avian,all,MP,M1,393,0.9090733379504519
avian,all,MP,M1,396,-0.20663510957104186
avian,all,MP,M1,399,-0.07680235716942034
avian,all,MP,M1,402,0.5471245999009465
avian,all,MP,M1,408,0.36766903150296865
avian,all,MP,M1,411,0.2965216194413145
avian,all,MP,M1,414,0.33248699144905586
avian,all,MP,M1,417,0.3226905587080747
avian,all,MP,M1,420,0.3689714989916756
avian,all,MP,M1,423,0.4127297625908179
avian,all,MP,M1,426,0.08000606377866319
avian,all,MP,M1,429,0.4282369641276482
avian,all,MP,M1,430,0.14089739539292026
avian,all,MP,M1,432,0.37006093080370167
avian,all,MP,M1,435,-0.008165888113302988
avian,all,MP,M1,436,0.17161813140349702
avian,all,MP,M1,438,0.5719210108332153
avian,all,MP,M1,441,0.07430365217700001
avian,all,MP,M1,444,0.21225537808829165
avian,all,MP,M1,447,-0.12088288510409595
avian,all,MP,M1,450,0.2894286455062271
avian,all,MP,M1,453,0.31813579880633225
avian,all,MP,M1,456,-0.32513514636123547
avian,all,MP,M1,459,0.07477061722044732
avian,all,MP,M1,462,0.30232697969900224
avian,all,MP,M1,465,-0.5306921382067472
avian,all,MP,M1,468,0.21893297721038796
avian,all,MP,M1,471,0.21934244754089546
avian,all,MP,M1,474,-0.21543410311759353
avian,all,MP,M1,477,0.2401662358870867
avian,all,MP,M1,478,-0.4727202935667698
avian,all,MP,M1,480,-0.4832771037958893
avian,all,MP,M1,483,0.14280052850909059
avian,all,MP,M1,486,0.09117795093471383
avian,all,MP,M1,487,0.5976051297068089
avian,all,MP,M1,489,-0.1671498326254537
avian,all,MP,M1,492,0.3220275334882532
avian,all,MP,M1,498,0.2294538433968979
avian,all,MP,M1,501,0.16412304426117677
avian,all,MP,M1,504,0.13203759585768743
avian,all,MP,M1,507,0.06978026854153777
avian,all,MP,M1,510,0.21257375307727946
avian,all,MP,M1,513,0.25598835687408306
avian,all,MP,M1,514,-0.04815650761481161
avian,all,MP,M1,516,0.4940765860469235
avian,all,MP,M1,519,-0.23051414013011193
avian,all,MP,M1,522,0.1449637301661057
avian,all,MP,M1,525,0.1942143945076413
avian,all,MP,M1,528,0.19075926851697378
avian,all,MP,M1,531,-0.4483869370449777
avian,all,MP,M1,534,0.44362876590799943
avian,all,MP,M1,540,0.3192558554089316
avian,all,MP,M1,541,0.07216884286931463
avian,all,MP,M1,543,0.19492459796134928
avian,all,MP,M1,546,0.12061242857885163
avian,all,MP,M1,549,0.3337713270441922
avian,all,MP,M1,552,0.4794378647749922
avian,all,MP,M1,555,0.32923633933379315
avian,all,MP,M1,558,-0.04884594420667273
avian,all,MP,M1,561,0.18316872908604176
avian,all,MP,M1,564,0.3689234479064603
avian,all,MP,M1,570,-0.2181590628493579
avian,all,MP,M1,573,0.11110488750972283
avian,all,MP,M1,579,0.405394465333302
avian,all,MP,M1,582,0.7670807115129997
avian,all,MP,M1,585,-0.12041907367843856
avian,all,MP,M1,588,0.2726580248844702
avian,all,MP,M1,591,0.34127030901865124
avian,all,MP,M1,594,0.480418460481258
avian,all,MP,M1,597,-0.04712483663415344
avian,all,MP,M1,600,-0.0647857145180519
avian,all,MP,M1,603,-0.05948603907492009
avian,all,MP,M1,606,0.42025219553572035
avian,all,MP,M1,612,0.10662314077079942
avian,all,MP,M1,615,0.46561446691378516
avian,all,MP,M1,618,-0.2484801697229375
avian,all,MP,M1,621,0.09028549818189685
avian,all,MP,M1,624,-0.8154947441863503
avian,all,MP,M1,627,-0.18053426335471878
avian,all,MP,M1,630,-0.21175953441032483
avian,all,MP,M1,633,-0.014720124035185862
avian,all,MP,M1,639,-0.056868950621831935
avian,all,MP,M1,642,-0.3172453501408329
avian,all,MP,M1,645,-0.16092129592396764
avian,all,MP,M1,651,0.18631904182833178
avian,all,MP,M1,654,0.3230464209393484
avian,all,MP,M1,657,0.21113023832882266
avian,all,MP,M1,660,0.2654689123769965
avian,all,MP,M1,663,0.17213829850184867
avian,all,MP,M1,666,0.32686940464693226
avian,all,MP,M1,669,-0.005835117126198094
avian,all,MP,M1,672,0.7074351682783852
avian,all,MP,M1,675,-0.22373840260724334
avian,all,MP,M1,678,0.25412246334160854
avian,all,MP,M1,681,-0.1683917931985088
avian,all,MP,M1,684,-1.0428789417712958
avian,all,MP,M1,685,-0.3743322479641794
avian,all,MP,M1,687,-0.3190371622646867
avian,all,MP,M1,690,-0.05152325604549859
avian,all,MP,M1,693,-0.21254332922037109
avian,all,MP,M1,696,-0.7553297960857536
avian,all,MP,M1,699,-0.5574396185693986
avian,all,MP,M1,702,-1.807977507506238
avian,all,MP,M1,705,-5.143448596951796
avian,all,MP,M1,708,-0.10171460270144808
avian,all,MP,M1,709,-1.5916092682042067
avian,all,MP,M1,711,-0.3888176356555633
avian,all,MP,M1,714,-4.760240030192949
avian,all,MP,M2,760,0.031561745527210916
avian,all,MP,M2,763,-1.0480969596538106
avian,all,MP,M2,766,-0.8523075223611756
avian,all,MP,M2,769,-0.6226667888338594
avian,all,MP,M2,772,-0.13548345400198203
avian,all,MP,M2,775,-0.08284120048601211
avian,all,MP,M2,778,-0.4132325386049082
avian,all,MP,M2,781,0.038992506923715836
avian,all,MP,M2,784,-0.7610273651175467
avian,all,MP,M2,787,-0.3290901000214804
avian,all,MP,M2,790,-1.0525104041862718
avian,all,MP,M2,793,-0.8371379375777188
avian,all,MP,M2,794,-1.0695490527590075
avian,all,MP,M2,796,-5.511181763273684
avian,all,MP,M2,799,-5.567309550987848
avian,all,MP,M2,800,-0.5758071867894963
avian,all,MP,M2,802,-2.8619096236111394
avian,all,MP,M2,805,-1.1668163334739983
avian,all,MP,M2,806,-0.8838368826959809
avian,all,MP,M2,808,-1.5296515118693774
avian,all,MP,M2,814,-0.8439452166814863
avian,all,MP,M2,817,-1.9442797311026336
avian,all,MP,M2,820,-3.144706868932328
avian,all,MP,M2,823,0.03428572825432266
avian,all,MP,M2,826,-1.1552280402258852
avian,all,MP,M2,829,-0.507932481384191
avian,all,MP,M2,832,-1.3141249557040875
avian,all,MP,M2,835,-2.215720755344264
avian,all,MP,M2,838,0.2781707041392196
avian,all,MP,M2,841,-0.6877818509620913
avian,all,MP,M2,844,-0.8069053024830256
avian,all,MP,M2,847,-3.2800313135459906
avian,all,MP,M2,850,-1.2733617383582987
avian,all,MP,M2,853,-2.2286594662967705
avian,all,MP,M2,856,-3.0649155228491605
avian,all,MP,M2,859,-4.618555024985716
avian,all,MP,M2,862,-0.9701616996430026
avian,all,MP,M2,863,-1.0703349043821213
avian,all,MP,M2,865,-1.4893610085709892
avian,all,MP,M2,868,-3.541579034963668
avian,all,MP,M2,869,0.10984315453312135
avian,all,MP,M2,871,-1.759852370435436
avian,all,MP,M2,874,-0.8103749241704934
avian,all,MP,M2,877,-1.7463600303174338
avian,all,MP,M2,880,-1.0299670524444153
avian,all,MP,M2,883,-1.7551027223226745
avian,all,MP,M2,886,-1.4270449730876869
avian,all,MP,M2,889,-0.11227546380842664
avian,all,MP,M2,892,-0.6271068973729413
avian,all,MP,M2,895,-0.643610753116078
avian,all,MP,M2,898,-1.4441842284285333
avian,all,MP,M2,901,0.006563281232012427
avian,all,MP,M2,907,-4.415096412395858
avian,all,MP,M2,910,-0.23303989042149617
avian,all,MP,M2,913,0.37109625649013883
avian,all,MP,M2,916,-0.08288764050352988
avian,all,MP,M2,917,-3.3987191732229283
avian,all,MP,M2,919,-1.198546771912894
avian,all,MP,M2,922,-2.1947026014390416
avian,all,MP,M2,925,0.13652853271508447
avian,all,MP,M2,928,-2.978841637114049
avian,all,MP,M2,931,-1.730236387426079
avian,all,MP,M2,934,-1.529546197995263
avian,all,MP,M2,937,-1.6486085533962629
avian,all,MP,M2,940,-0.9937288861430161
avian,all,MP,M2,943,-1.0586158607923828
avian,all,MP,M2,946,-2.474788174427183
avian,all,MP,M2,949,-4.605840657757161
avian,all,MP,M2,952,-0.13334521865335286
avian,all,MP,M2,955,-1.6738791003337357
avian,all,MP,M2,958,-2.2590997092593246
avian,all,MP,M2,961,-1.6591853684407671
avian,all,MP,M2,964,-3.044623750805256
avian,all,MP,M2,967,-3.221623198554662
avian,all,MP,M2,970,-1.1793153211386749
avian,all,MP,M2,973,0.2508176972655797
avian,all,MP,M2,974,-0.24119228462442013
avian,all,MP,M2,976,0.40851356551618384
avian,all,MP,M2,979,-1.3528612681317964
avian,all,MP,M2,981,-3.0252262604778193
avian,all,MP,M2;M1,6,1.036973651597447
avian,all,MP,M2;M1,9,-1.6471283181531189
avian,all,MP,M2;M1,10,-1.0850527223148874
avian,all,MP,M2;M1,12,0.7762423314484423
avian,all,MP,M2;M1,15,-1.782085045161019
avian,all,MP,M2;M1,18,-1.9662836192996374
avian,all,MP,M2;M1,21,-0.8315090559579802
avian,all,MP,M2;M1,24,-2.582533622183212
avian,all,MP,M2;M1,742,-0.8730563529473597
avian,all,NP,NP,6,-2.0766652647434287
avian,all,NP,NP,9,-0.269431781864113
avian,all,NP,NP,12,-0.46180743358576604
avian,all,NP,NP,15,-3.141571610323041
avian,all,NP,NP,18,-3.7705889076727876
avian,all,NP,NP,21,-1.6127388990697777
avian,all,NP,NP,22,-3.685186963212358
avian,all,NP,NP,24,-1.0447696321739766
avian,all,NP,NP,27,0.14098987841085478
avian,all,NP,NP,30,-0.4272297585232037
avian,all,NP,NP,33,0.1672505464420427
avian,all,NP,NP,36,0.11116663614972196
avian,all,NP,NP,42,0.07059086797307006
avian,all,NP,NP,45,-0.5929760012334803
avian,all,NP,NP,48,-0.5734105803260555
avian,all,NP,NP,51,0.3592314110977335
avian,all,NP,NP,54,0.3614199656446722
avian,all,NP,NP,57,-3.0339078927037035
avian,all,NP,NP,60,-1.7708367698217875
avian,all,NP,NP,63,0.09838860846365736
avian,all,NP,NP,66,-0.15196037347018077
avian,all,NP,NP,69,-0.2659465120940758
avian,all,NP,NP,72,0.16231840215117999
avian,all,NP,NP,75,-0.502866031278911
avian,all,NP,NP,78,-0.10069896638739273
avian,all,NP,NP,81,-0.0886592795440051
avian,all,NP,NP,84,0.2024693907697441
avian,all,NP,NP,87,0.3519645072396913
avian,all,NP,NP,90,-0.054296867629455764
avian,all,NP,NP,93,0.23537574278885548
avian,all,NP,NP,99,0.0015332560869534195
avian,all,NP,NP,102,0.1537513436348831
avian,all,NP,NP,105,0.06839500365271008
avian,all,NP,NP,108,-0.04024547691988401
avian,all,NP,NP,111,-0.1324598544232911
avian,all,NP,NP,114,-0.1059520832911991
avian,all,NP,NP,117,0.2910810815837683
avian,all,NP,NP,120,-0.4482260336556756
avian,all,NP,NP,126,0.3860243246572407
avian,all,NP,NP,132,0.1005498251422682
avian,all,NP,NP,135,0.17403204852319637
avian,all,NP,NP,138,-0.343095774443467
avian,all,NP,NP,141,-0.3868518362894327
avian,all,NP,NP,144,-0.1223538601692959
avian,all,NP,NP,147,-0.9023725411625559
avian,all,NP,NP,150,0.3281206006251599
avian,all,NP,NP,153,-0.023232914704995097
avian,all,NP,NP,156,0.13690831004943665
avian,all,NP,NP,159,0.2692967477687635
avian,all,NP,NP,162,-0.12829791496098047
avian,all,NP,NP,165,0.3142689224178538
avian,all,NP,NP,166,-0.8196485190897768
avian,all,NP,NP,168,-0.03410152937543185
avian,all,NP,NP,171,0.12275895903362498
avian,all,NP,NP,174,-0.050217256167035
avian,all,NP,NP,177,-0.4393171603929217
avian,all,NP,NP,180,-0.22085245682538962
avian,all,NP,NP,186,0.09208637819552742
avian,all,NP,NP,189,-0.8053665575478852
avian,all,NP,NP,192,-0.22551933674938862
avian,all,NP,NP,195,0.06670044450602433
avian,all,NP,NP,201,0.13308451835455454
avian,all,NP,NP,204,-0.6325257441059084
avian,all,NP,NP,207,-0.015613274563563984
avian,all,NP,NP,210,0.3980287676608485
avian,all,NP,NP,213,-0.08366692647165386
avian,all,NP,NP,216,0.16455162862714456
avian,all,NP,NP,219,-0.06295623670408516
avian,all,NP,NP,222,-0.23331065006242235
avian,all,NP,NP,225,0.051851411549152904
avian,all,NP,NP,228,0.22071826334312755
avian,all,NP,NP,231,-0.02814745272138279
avian,all,NP,NP,234,-0.1721660944927524
avian,all,NP,NP,235,0.09916910368646469
avian,all,NP,NP,237,-0.03773175597445194
avian,all,NP,NP,240,-0.17548447670167674
avian,all,NP,NP,243,-0.09103330179129107
avian,all,NP,NP,246,0.3052628505380837
avian,all,NP,NP,249,-0.2871879965457118
avian,all,NP,NP,252,0.23449493577390662
avian,all,NP,NP,255,0.32205490764700817
avian,all,NP,NP,258,0.46896225757206733
avian,all,NP,NP,261,0.5464923271863008
avian,all,NP,NP,264,-0.20739271973470846
avian,all,NP,NP,267,0.36359279284164914
avian,all,NP,NP,270,-0.7803545060448008
avian,all,NP,NP,273,0.29878599785151805
avian,all,NP,NP,276,0.05286699874772741
avian,all,NP,NP,279,-0.5381643650030216
avian,all,NP,NP,282,0.16731079725406375
avian,all,NP,NP,285,0.3914142511868552
avian,all,NP,NP,288,0.17208847924213214
avian,all,NP,NP,291,-0.15595611015456193
avian,all,NP,NP,292,1.0742586823033433
avian,all,NP,NP,294,-0.181448941318808
avian,all,NP,NP,297,-0.07211144285226485
avian,all,NP,NP,298,0.8135739007679751
avian,all,NP,NP,300,0.033104640641428096
avian,all,NP,NP,303,-0.29176623137925
avian,all,NP,NP,306,0.3177233255696433
avian,all,NP,NP,309,0.1483566321177494
avian,all,NP,NP,315,-0.0236238273635327
avian,all,NP,NP,318,0.0050950743142155475
avian,all,NP,NP,321,0.1288099107419074
avian,all,NP,NP,322,0.022560787622054726
avian,all,NP,NP,324,0.08599849338250373
avian,all,NP,NP,327,-0.04347141612100198
avian,all,NP,NP,328,-0.09329084289669498
avian,all,NP,NP,330,-0.1647820189055688
avian,all,NP,NP,333,0.23211030885763254
avian,all,NP,NP,336,0.22774095179889584
avian,all,NP,NP,339,0.03622576535105358
avian,all,NP,NP,342,0.04483473165119286
avian,all,NP,NP,345,0.3839952697474237
avian,all,NP,NP,348,-0.4270659420731928
avian,all,NP,NP,351,-0.11105757293474458
avian,all,NP,NP,354,0.028927140945641742
avian,all,NP,NP,357,-0.042690222340569794
avian,all,NP,NP,363,0.1801288274496103
avian,all,NP,NP,366,-0.10563274727858267
avian,all,NP,NP,369,0.4283856071675688
avian,all,NP,NP,372,0.4701990955859221
avian,all,NP,NP,375,0.21036489072950235
avian,all,NP,NP,378,0.23572475199216467
avian,all,NP,NP,381,0.043280483320364015
avian,all,NP,NP,384,-0.0578751833443958
avian,all,NP,NP,387,0.13755143515115234
avian,all,NP,NP,390,-0.3768835757341958
avian,all,NP,NP,393,-0.0957446256416988
avian,all,NP,NP,396,-0.0036810988695506613
avian,all,NP,NP,399,-0.01907822680699367
avian,all,NP,NP,402,0.47175335699385645
avian,all,NP,NP,405,0.2272601722434058
avian,all,NP,NP,406,0.6776099275344959
avian,all,NP,NP,408,-0.30422254738002996
avian,all,NP,NP,414,0.04388715960485987
avian,all,NP,NP,420,0.22185693413880705
avian,all,NP,NP,423,-0.0651126246553374
avian,all,NP,NP,426,0.4384578664898467
avian,all,NP,NP,427,0.37293888546553955
avian,all,NP,NP,429,0.16816980642154586
avian,all,NP,NP,432,0.07997349699699856
avian,all,NP,NP,435,-0.2974707144767216
avian,all,NP,NP,438,-0.09730982295647046
avian,all,NP,NP,441,0.2201361082449852
avian,all,NP,NP,444,0.20198703274833207
avian,all,NP,NP,447,-0.32476222495747614
avian,all,NP,NP,450,0.175459544885705
avian,all,NP,NP,453,-0.030289740137940918
avian,all,NP,NP,456,-0.35244260320356224
avian,all,NP,NP,459,-0.1360215666959962
avian,all,NP,NP,462,0.006032335634841215
avian,all,NP,NP,465,-0.0333328512082322
avian,all,NP,NP,468,0.46724492128916184
avian,all,NP,NP,471,0.04448987169781055
avian,all,NP,NP,474,0.06450402935099034
avian,all,NP,NP,480,0.20051759028702854
avian,all,NP,NP,483,-0.07649555969711565
avian,all,NP,NP,486,0.16502700268351014
avian,all,NP,NP,492,0.47059387344560843
avian,all,NP,NP,495,-0.21722850483756126
avian,all,NP,NP,496,-0.6978669017951991
avian,all,NP,NP,498,0.17826104719138122
avian,all,NP,NP,504,-0.05933601814363685
avian,all,NP,NP,507,0.03525781253850522
avian,all,NP,NP,510,-0.20758444294638811
avian,all,NP,NP,513,-0.358126581744934
avian,all,NP,NP,516,0.09747421958460996
avian,all,NP,NP,519,-0.17792140287817318
avian,all,NP,NP,522,-0.40325821107237986
avian,all,NP,NP,525,-0.05032969263953745
avian,all,NP,NP,528,-0.03408571758054118
avian,all,NP,NP,531,0.2643529392874636
avian,all,NP,NP,534,0.007805021458459238
avian,all,NP,NP,537,-0.39167983307539983
avian,all,NP,NP,540,-0.0658642742421744
avian,all,NP,NP,543,0.2429369010257203
avian,all,NP,NP,546,0.08755920883636671
avian,all,NP,NP,549,-0.08093295860864641
avian,all,NP,NP,552,0.04571205712270486
avian,all,NP,NP,555,0.47439100920381144
avian,all,NP,NP,558,0.24934939502549808
avian,all,NP,NP,561,0.4192654901902909
avian,all,NP,NP,564,0.25971491472677505
avian,all,NP,NP,570,-0.025250300776102186
avian,all,NP,NP,576,0.12166642421490634
avian,all,NP,NP,577,-0.2190616444801782
avian,all,NP,NP,579,0.11525117448906572
avian,all,NP,NP,582,-0.06791510155438595
avian,all,NP,NP,583,-0.12666280158958565
avian,all,NP,NP,585,0.0054195476938667195
avian,all,NP,NP,591,0.13840503541732113
avian,all,NP,NP,594,0.18398656493070803
avian,all,NP,NP,595,0.27138168792589273
avian,all,NP,NP,597,-0.396310429555913
avian,all,NP,NP,600,0.1369316452172286
avian,all,NP,NP,603,-0.20352940741654413
avian,all,NP,NP,606,0.2690625257166129
avian,all,NP,NP,609,-0.3321524284782576
avian,all,NP,NP,610,-0.33766980189941315
avian,all,NP,NP,612,0.5005523519986153
avian,all,NP,NP,615,0.286239180139508
avian,all,NP,NP,618,-0.13972802083575628
avian,all,NP,NP,624,-0.24522271056518924
avian,all,NP,NP,627,-0.15147598891448655
avian,all,NP,NP,630,-0.06236211795954495
avian,all,NP,NP,633,0.2169236025063786
avian,all,NP,NP,636,0.02361627303520926
avian,all,NP,NP,637,-0.06740294248303844
avian,all,NP,NP,639,-0.22191394170024287
avian,all,NP,NP,642,0.17452412393414884
avian,all,NP,NP,645,-0.06670176626092764
avian,all,NP,NP,648,-0.07124139453608497
avian,all,NP,NP,651,-0.009064588712771824
avian,all,NP,NP,654,0.23169448394506875
avian,all,NP,NP,657,0.20459128724316475
avian,all,NP,NP,660,-0.3244209350320239
avian,all,NP,NP,663,-0.2322895697135434
avian,all,NP,NP,669,0.03267498275960802
avian,all,NP,NP,672,-0.1211524934459759
avian,all,NP,NP,675,-0.0056547024484588275
avian,all,NP,NP,678,-0.19814500590381462
avian,all,NP,NP,681,0.20981373689650207
avian,all,NP,NP,684,0.2853994247281699
avian,all,NP,NP,687,0.11269868401756007
avian,all,NP,NP,690,-0.006826247898014483
avian,all,NP,NP,693,-0.7916564976080358
avian,all,NP,NP,696,-0.5519091483685602
avian,all,NP,NP,699,0.20673471954967154
avian,all,NP,NP,702,-0.12061965851269939
avian,all,NP,NP,705,-0.044202154606460375
avian,all,NP,NP,706,0.2630276286971221
avian,all,NP,NP,708,-0.07866540784890429
avian,all,NP,NP,711,-0.03312717601585377
avian,all,NP,NP,717,0.4968363700047684
avian,all,NP,NP,720,-0.18722681223450446
avian,all,NP,NP,723,0.6362430990221131
avian,all,NP,NP,726,-0.5333932577200827
avian,all,NP,NP,727,0.18242754470797143
avian,all,NP,NP,729,-0.09982469856225405
avian,all,NP,NP,732,-0.026389504932946468
avian,all,NP,NP,735,-0.18238529623943336
avian,all,NP,NP,736,-0.37687144011669355
avian,all,NP,NP,738,-0.021313688348463918
avian,all,NP,NP,741,0.4070701909690049
avian,all,NP,NP,744,0.2887497649534045
avian,all,NP,NP,747,0.3812493991669715
avian,all,NP,NP,750,-0.06072935934614486
avian,all,NP,NP,753,-0.39740311776700415
avian,all,NP,NP,756,0.22513773228375752
avian,all,NP,NP,759,0.03955102816980566
avian,all,NP,NP,762,0.20670969761974187
avian,all,NP,NP,765,0.023844654020758083
avian,all,NP,NP,768,0.5185528051171565
avian,all,NP,NP,771,0.04602347244713981
avian,all,NP,NP,774,0.3379490500317257
avian,all,NP,NP,775,0.2613372940266182
avian,all,NP,NP,777,0.01202548356494048
avian,all,NP,NP,780,0.028954739546608533
avian,all,NP,NP,781,-0.23391598172797326
avian,all,NP,NP,783,-0.2859377899018348
avian,all,NP,NP,786,-0.03937778729279953
avian,all,NP,NP,789,0.15149195846841984
avian,all,NP,NP,792,-0.24223089191552483
avian,all,NP,NP,795,0.3704065279009378
avian,all,NP,NP,796,0.17513642245589076
avian,all,NP,NP,798,-0.38224194649558507
avian,all,NP,NP,801,0.030326820550231767
avian,all,NP,NP,804,0.25159970832417383
avian,all,NP,NP,807,-0.5650861525333868
avian,all,NP,NP,810,-0.028324982569843577
avian,all,NP,NP,813,-0.17663322242930934
avian,all,NP,NP,816,0.41826382307839804
avian,all,NP,NP,819,-0.2575233227265291
avian,all,NP,NP,822,-0.4633107158107057
avian,all,NP,NP,825,0.25339500131340803
avian,all,NP,NP,826,0.2741941182596779
avian,all,NP,NP,828,-0.532913553594411
avian,all,NP,NP,831,0.11577410765491351
avian,all,NP,NP,834,-0.071982201229734
avian,all,NP,NP,837,-0.2046162203470321
avian,all,NP,NP,840,-0.08755251789200147
avian,all,NP,NP,843,0.01793349531325719
avian,all,NP,NP,846,0.07554468811952939
avian,all,NP,NP,849,0.036272461588224565
avian,all,NP,NP,852,0.5241929956391493
avian,all,NP,NP,855,0.10199936240241984
avian,all,NP,NP,858,-0.04491349683628553
avian,all,NP,NP,861,-0.18952745757810613
avian,all,NP,NP,864,0.21983080357830306
avian,all,NP,NP,867,0.13182049358405032
avian,all,NP,NP,870,0.24289959349740475
avian,all,NP,NP,873,-0.09778400243688001
avian,all,NP,NP,876,0.16886903196437136
avian,all,NP,NP,879,0.0525532194876393
avian,all,NP,NP,882,-0.04321954431847999
avian,all,NP,NP,885,0.33438767374597145
avian,all,NP,NP,888,0.2866787843058714
avian,all,NP,NP,891,-0.39647286181087027
avian,all,NP,NP,892,-0.597353446126814
avian,all,NP,NP,894,0.029691683235861424
avian,all,NP,NP,897,0.14554017774934927
avian,all,NP,NP,900,0.15635499321782828
avian,all,NP,NP,903,0.14953473925003866
avian,all,NP,NP,906,0.35079812324420784
avian,all,NP,NP,909,-0.20792457691974076
avian,all,NP,NP,912,-0.25271445623219
avian,all,NP,NP,915,-0.07821867347630601
avian,all,NP,NP,916,0.5306308259879728
avian,all,NP,NP,918,0.19846267738671064
avian,all,NP,NP,921,0.05083402117314799
avian,all,NP,NP,924,-0.11600938201568331
avian,all,NP,NP,927,-0.250204456542011
avian,all,NP,NP,930,0.19356833035869983
avian,all,NP,NP,933,-0.23321370657991755
avian,all,NP,NP,936,0.2023762142145945
avian,all,NP,NP,939,-0.29816973277149067
avian,all,NP,NP,942,0.2915252096851303
avian,all,NP,NP,945,-0.060138978198871776
avian,all,NP,NP,948,-0.21729072939977842
avian,all,NP,NP,951,-0.11508715184700097
avian,all,NP,NP,954,0.3430321778537297
avian,all,NP,NP,957,0.2191486995889014
avian,all,NP,NP,960,0.03642104566484261
avian,all,NP,NP,963,0.011082880066453589
avian,all,NP,NP,966,0.06060575682913216
avian,all,NP,NP,969,0.07323826752148223
avian,all,NP,NP,972,0.2684206356558767
avian,all,NP,NP,975,-0.14577956200720926
avian,all,NP,NP,978,0.34440827827435727
avian,all,NP,NP,981,0.2407854719293627
avian,all,NP,NP,982,-0.14075698875613687
avian,all,NP,NP,984,0.18353459808726152
avian,all,NP,NP,987,-0.12723533307544174
avian,all,NP,NP,996,0.26610812708799
avian,all,NP,NP,999,0.27131598016120206
avian,all,NP,NP,1002,0.25223229891993215
avian,all,NP,NP,1005,-0.09565131784972528
avian,all,NP,NP,1008,0.13176890191029011
avian,all,NP,NP,1011,0.01708021905435142
avian,all,NP,NP,1014,-0.13181411829885156
avian,all,NP,NP,1017,-0.22123488375089503
avian,all,NP,NP,1020,-0.16858878819900092
avian,all,NP,NP,1021,-0.16412180366120052
avian,all,NP,NP,1023,-0.7028417612268433
avian,all,NP,NP,1026,-0.04609942743925084
avian,all,NP,NP,1029,-0.05270012647162853
avian,all,NP,NP,1032,-0.16295727948493072
avian,all,NP,NP,1035,0.29530357822752956
avian,all,NP,NP,1038,-0.31861175558635463
avian,all,NP,NP,1041,-0.4779402291020849
avian,all,NP,NP,1044,0.1080375868253051
avian,all,NP,NP,1047,0.5911072601290048
avian,all,NP,NP,1050,-0.2703312027713671
avian,all,NP,NP,1053,0.4304118917283815
avian,all,NP,NP,1056,-0.08141928464724418
avian,all,NP,NP,1059,0.5080942227362568
avian,all,NP,NP,1062,-0.08520489897100914
avian,all,NP,NP,1063,0.45563914289232105
avian,all,NP,NP,1065,-0.2719088368676476
avian,all,NP,NP,1068,-0.002341460038303933
avian,all,NP,NP,1071,-0.08380745327318041
avian,all,NP,NP,1072,0.2129807529883329
avian,all,NP,NP,1074,-0.3941238772512435
avian,all,NP,NP,1077,0.10183450518479746
avian,all,NP,NP,1080,0.18581376061618027
avian,all,NP,NP,1081,0.41366662450027997
avian,all,NP,NP,1083,-0.7672370986424153
avian,all,NP,NP,1086,0.025558046590933615
avian,all,NP,NP,1089,-0.230891823586269
avian,all,NP,NP,1092,-0.13107684838826042
avian,all,NP,NP,1095,-0.014175485719689358
avian,all,NP,NP,1098,0.2519110354004846
avian,all,NP,NP,1101,-0.01557598871666199
avian,all,NP,NP,1104,-0.00959382348343751
avian,all,NP,NP,1107,0.21900199836031897
avian,all,NP,NP,1110,0.1941287944432752
avian,all,NP,NP,1116,0.2615162383212691
avian,all,NP,NP,1119,0.3782359970117972
avian,all,NP,NP,1125,0.07382995025892512
avian,all,NP,NP,1128,-0.09271328109137487
avian,all,NP,NP,1131,0.2658036431897983
avian,all,NP,NP,1134,-0.01831676540065193
avian,all,NP,NP,1137,-0.0702258078222784
avian,all,NP,NP,1140,0.2700273060797289
avian,all,NP,NP,1141,0.07564614037118941
avian,all,NP,NP,1143,0.1679688892128892
avian,all,NP,NP,1146,-0.05450971948253
avian,all,NP,NP,1149,-0.15256262598318773
avian,all,NP,NP,1152,-0.13938732181554847
avian,all,NP,NP,1155,-0.2849892656293127
avian,all,NP,NP,1161,-0.33839393149598285
avian,all,NP,NP,1167,0.0510941447562602
avian,all,NP,NP,1170,0.024865728682865948
avian,all,NP,NP,1173,0.17889525111385784
avian,all,NP,NP,1176,-0.131020652746874
avian,all,NP,NP,1179,-0.2905355161595658
avian,all,NP,NP,1182,0.2014765694402518
avian,all,NP,NP,1185,0.015481423485502487
avian,all,NP,NP,1188,0.22046787471944515
avian,all,NP,NP,1191,0.28913050775917104
avian,all,NP,NP,1194,-0.026132802814302906
avian,all,NP,NP,1197,-0.5393390355474043
avian,all,NP,NP,1200,-0.22744062211399238
avian,all,NP,NP,1203,0.062478629237191344
avian,all,NP,NP,1206,0.28191963234026196
avian,all,NP,NP,1209,0.1564066940708909
avian,all,NP,NP,1212,0.07266549395234076
avian,all,NP,NP,1215,0.12936276132802904
avian,all,NP,NP,1218,-0.5224432804883812
avian,all,NP,NP,1221,0.27168643120729064
avian,all,NP,NP,1224,0.1900313205445068
avian,all,NP,NP,1227,0.03375145732172259
avian,all,NP,NP,1230,-0.055497353153514985
avian,all,NP,NP,1233,0.4415169944836717
avian,all,NP,NP,1236,0.050595545164191985
avian,all,NP,NP,1239,0.391621642758065
avian,all,NP,NP,1242,0.3974515000225873
avian,all,NP,NP,1245,-0.4443366848071484
avian,all,NP,NP,1248,-0.4403768058951374
avian,all,NP,NP,1251,-0.04605202731715243
avian,all,NP,NP,1254,-0.1318578225811258
avian,all,NP,NP,1257,0.22267065184388687
avian,all,NP,NP,1260,0.41523754144569613
avian,all,NP,NP,1263,-0.572977020355364
avian,all,NP,NP,1264,0.5811706470152361
avian,all,NP,NP,1266,-0.2910604011123578
avian,all,NP,NP,1269,-0.10587608950237577
avian,all,NP,NP,1272,-0.36323178413745616
avian,all,NP,NP,1275,0.3592123149611071
avian,all,NP,NP,1281,0.011211321177684298
avian,all,NP,NP,1284,0.3144587200458423
avian,all,NP,NP,1287,0.2293887097958531
avian,all,NP,NP,1290,0.16243114580736107
avian,all,NP,NP,1293,0.055228526495846364
avian,all,NP,NP,1296,0.14237464692984034
avian,all,NP,NP,1299,0.30961668365913586
avian,all,NP,NP,1302,0.18109902741203276
avian,all,NP,NP,1305,-0.4596086244932356
avian,all,NP,NP,1308,-0.08741588418247297
avian,all,NP,NP,1311,-0.14264478093246025
avian,all,NP,NP,1314,0.1418608885368313
avian,all,NP,NP,1317,-0.04858690670841151
avian,all,NP,NP,1323,-0.11652798088938977
avian,all,NP,NP,1326,0.04403492621404658
avian,all,NP,NP,1329,-0.007838459561035349
avian,all,NP,NP,1332,-0.11452496074380192
avian,all,NP,NP,1335,0.8328671049398377
avian,all,NP,NP,1338,-0.01791376140107436
avian,all,NP,NP,1347,0.015930833634493727
avian,all,NP,NP,1350,-0.2820483846683973
avian,all,NP,NP,1353,-0.528360813227281
avian,all,NP,NP,1354,0.6657207772046358
avian,all,NP,NP,1356,-0.5547483364362907
avian,all,NP,NP,1359,-0.6485861086076126
avian,all,NP,NP,1362,0.24078323041045335
avian,all,NP,NP,1365,-0.32993162914311186
avian,all,NP,NP,1368,-3.367170958164836
avian,all,NP,NP,1371,-0.2988228537506521
avian,all,NP,NP,1374,-1.5756475104659995
avian,all,NP,NP,1377,-0.5790064555109983
avian,all,NP,NP,1380,-1.5875262991623593
avian,all,NP,NP,1381,-1.7117763973891886
avian,all,NP,NP,1383,-2.9138486206438294
avian,all,NP,NP,1386,-0.4415427418628046
avian,all,NP,NP,1389,-0.6025366405143592
avian,all,NP,NP,1392,-2.126328700672348
avian,all,NP,NP,1395,-5.563994112732515
avian,all,NP,NP,1398,-0.21512744661527813
avian,all,NP,NP,1401,-0.7397973909975094
avian,all,NP,NP,1404,-1.885039387517742
avian,all,NP,NP,1407,-1.365486748127829
avian,all,NP,NP,1410,-4.4749028864575875
avian,all,NP,NP,1413,-0.17643573643132412
avian,all,NP,NP,1416,-3.0575630257428292
avian,all,NP,NP,1419,-3.326840849288429
avian,all,NP,NP,1422,-2.3133059794841415
avian,all,NP,NP,1425,-3.8986880016108687
avian,all,NP,NP,1428,-2.679076515083049
avian,all,NP,NP,1431,-0.6515526560608673
avian,all,NP,NP,1434,-0.9080204279321127
avian,all,NP,NP,1437,-1.299905301734091
avian,all,NP,NP,1440,-1.66103905356272
avian,all,NP,NP,1446,0.3022004699007711
avian,all,NP,NP,1449,0.4709910009963174
avian,all,NP,NP,1452,0.1505507707996926
avian,all,NP,NP,1455,0.1080520681035429
avian,all,NP,NP,1458,-1.4279225971142404
avian,all,NP,NP,1461,-1.023126996001572
avian,all,NP,NP,1464,-2.0085506772494353
avian,all,NP,NP,1467,-1.2717079264405884
avian,all,NP,NP,1470,-2.735865501268364
avian,all,NP,NP,1473,-2.088864465272183
avian,all,NP,NP,1476,-0.4812475693404334
avian,all,NP,NP,1479,-0.06119576926086481
avian,all,NP,NP,1482,-1.0479329424943828
avian,all,NP,NP,1485,0.4068107882458986
avian,all,NP,NP,1488,1.5337187126743381
avian,all,NP,NP,1491,-0.46049615922357007
avian,all,NP,NP,1494,-1.0344364576050078
avian,all,NP,NP,1496,1.7357993402811727
avian,all,NS,NEP,715,-0.10949994720302234
avian,all,NS,NEP,718,0.34365108042992615
avian,all,NS,NEP,721,-0.07063684506934698
avian,all,NS,NEP,722,-0.2258840167043295
avian,all,NS,NEP,724,0.22362346911963643
avian,all,NS,NEP,727,-0.007662154245193578
avian,all,NS,NEP,728,1.2073232895497343
avian,all,NS,NEP,730,-0.15297355051459804
avian,all,NS,NEP,731,-0.22542412068926676
avian,all,NS,NEP,733,0.12940263919625944
avian,all,NS,NEP,736,0.28790493157148594
avian,all,NS,NEP,739,0.5033041176852654
avian,all,NS,NEP,742,0.5280089871692396
avian,all,NS,NEP,745,0.37764158277033033
avian,all,NS,NEP,748,-0.02605900329409168
avian,all,NS,NEP,751,0.4290164438334362
avian,all,NS,NEP,754,0.04423602994221271
avian,all,NS,NEP,757,0.25553566527162297
avian,all,NS,NEP,760,0.12408088587862583
avian,all,NS,NEP,766,0.04570145155937395
avian,all,NS,NEP,769,-0.21533004969302577
avian,all,NS,NEP,775,-2.2910580349319662
avian,all,NS,NEP,778,0.15828791627037075
avian,all,NS,NEP,779,-0.8523276467331642
avian,all,NS,NEP,781,0.42599004846627864
avian,all,NS,NEP,784,-0.5586860606741996
avian,all,NS,NEP,785,-0.9225035526597737
avian,all,NS,NEP,787,-1.0463736004581556
avian,all,NS,NEP,788,0.22153902573444764
avian,all,NS,NEP,790,-1.437508029640166
avian,all,NS,NEP,793,-0.9138390435911983
avian,all,NS,NEP,796,-0.10185426679225454
avian,all,NS,NEP,799,-0.10070229750491749
avian,all,NS,NEP,802,0.5564510431181087
avian,all,NS,NEP,805,-1.1403620442090485
avian,all,NS,NEP,808,-1.492802803218787
avian,all,NS,NEP,814,0.006079978173648787
avian,all,NS,NEP,817,0.06373330437604055
avian,all,NS,NEP,820,-1.7230732396489141
avian,all,NS,NEP,823,-1.4507969293118002
avian,all,NS,NEP,826,-1.3311470674299777
avian,all,NS,NEP,829,-2.1405214582713175
avian,all,NS,NEP,832,-0.625241383655378
avian,all,NS,NEP,835,-0.6395995062234784
avian,all,NS,NEP,837,0.885841191135514
avian,all,NS,NEP;NS1,6,1.1227267119775108
avian,all,NS,NEP;NS1,9,1.1528219986586339
avian,all,NS,NEP;NS1,12,1.0783886533660316
avian,all,NS,NEP;NS1,15,0.4284602323981824
avian,all,NS,NEP;NS1,18,-0.5652013609827831
avian,all,NS,NEP;NS1,21,0.039785199576514496
avian,all,NS,NEP;NS1,24,-0.048933140578743324
avian,all,NS,NEP;NS1,27,-0.058094071653281315
avian,all,NS,NEP;NS1,30,-4.551232001194934
avian,all,NS,NEP;NS1,592,-0.017896507969427367
avian,all,NS,NS1,33,-3.186145281063484
avian,all,NS,NS1,36,0.5831658512213791
avian,all,NS,NS1,39,0.6352505560931196
avian,all,NS,NS1,42,-0.03761619692160321
avian,all,NS,NS1,45,-0.5748843930265706
avian,all,NS,NS1,51,-0.37573603662801647
avian,all,NS,NS1,54,-1.5413085291297648
avian,all,NS,NS1,57,-2.8698243029702795
avian,all,NS,NS1,60,-0.06476108244340406
avian,all,NS,NS1,61,-0.7031522963766371
avian,all,NS,NS1,63,0.1411264821592568
avian,all,NS,NS1,66,-0.345698222854662
avian,all,NS,NS1,69,-1.7333293074007905
avian,all,NS,NS1,72,-2.645300656590539
avian,all,NS,NS1,75,-0.7431175992368018
avian,all,NS,NS1,78,-0.22580461173573085
avian,all,NS,NS1,79,-0.3131271685662939
avian,all,NS,NS1,81,-0.6692490446165585
avian,all,NS,NS1,84,0.2842678589778348
avian,all,NS,NS1,87,-0.5076948114390333
avian,all,NS,NS1,90,-1.1078991282122508
avian,all,NS,NS1,93,0.18320357389742867
avian,all,NS,NS1,96,-0.16167580928888403
avian,all,NS,NS1,97,-0.6851868497734611
avian,all,NS,NS1,99,0.08278010788155325
avian,all,NS,NS1,102,0.18382679741351216
avian,all,NS,NS1,103,-1.3925523281513092
avian,all,NS,NS1,105,-1.5668024901436188
avian,all,NS,NS1,108,-0.2923755866397882
avian,all,NS,NS1,111,-0.9650293734382323
avian,all,NS,NS1,112,-0.4628811964953617
avian,all,NS,NS1,114,-0.24760911323967733
avian,all,NS,NS1,117,0.20382321997837188
avian,all,NS,NS1,120,-0.500364515003264
avian,all,NS,NS1,123,-0.0565378725888909
avian,all,NS,NS1,126,0.2431502633757227
avian,all,NS,NS1,127,-0.3089436627784969
avian,all,NS,NS1,129,0.37692405511501903
avian,all,NS,NS1,130,0.7691997934070971
avian,all,NS,NS1,132,0.10802169365959087
avian,all,NS,NS1,135,0.13019121316082943
avian,all,NS,NS1,138,0.4442378148760243
avian,all,NS,NS1,141,-0.9578784219537886
avian,all,NS,NS1,144,-0.8278781965687302
avian,all,NS,NS1,147,-0.048811724888524595
avian,all,NS,NS1,150,-1.7851987966343597
avian,all,NS,NS1,153,-1.4727534691704265
avian,all,NS,NS1,154,-1.1277767821629137
avian,all,NS,NS1,156,-0.7785508967339441
avian,all,NS,NS1,159,0.40491775045727657
avian,all,NS,NS1,162,-0.5945320334867892
avian,all,NS,NS1,165,0.19878450482733426
avian,all,NS,NS1,168,0.43855675404549677
avian,all,NS,NS1,171,0.3735017194442288
avian,all,NS,NS1,174,0.08769901728743908
avian,all,NS,NS1,177,0.5356165840852242
avian,all,NS,NS1,180,0.2299046180866398
avian,all,NS,NS1,183,0.4896544309588045
avian,all,NS,NS1,186,-0.18191104760477864
avian,all,NS,NS1,189,0.1664184177263074
avian,all,NS,NS1,192,0.36556828788709184
avian,all,NS,NS1,195,-0.020611757297987844
avian,all,NS,NS1,198,0.41958720714597364
avian,all,NS,NS1,199,-0.2531289276249702
avian,all,NS,NS1,201,0.1932137790304447
avian,all,NS,NS1,204,-0.28565918279223895
avian,all,NS,NS1,205,-0.25883553373721757
avian,all,NS,NS1,207,0.03860732911595569
avian,all,NS,NS1,210,0.4401776189160018
avian,all,NS,NS1,213,0.27138478381135783
avian,all,NS,NS1,216,0.17883528437779825
avian,all,NS,NS1,219,0.042375716002291314
avian,all,NS,NS1,222,0.23918679469811088
avian,all,NS,NS1,225,-0.3610873562555066
avian,all,NS,NS1,228,0.25573374496791856
avian,all,NS,NS1,231,0.243335711007019
avian,all,NS,NS1,234,-0.05028842374625108
avian,all,NS,NS1,240,-1.6129380021508766
avian,all,NS,NS1,243,0.20796914513534287
avian,all,NS,NS1,246,-0.23339168433641747
avian,all,NS,NS1,249,0.3702029511242324
avian,all,NS,NS1,252,0.12018400618769605
avian,all,NS,NS1,255,0.8594674509976891
avian,all,NS,NS1,258,0.26922309564438757
avian,all,NS,NS1,261,-0.361021498783956
avian,all,NS,NS1,264,-0.09044825439045232
avian,all,NS,NS1,267,0.036340126045729004
avian,all,NS,NS1,268,0.16141215416758667
avian,all,NS,NS1,270,-1.060401946958722
avian,all,NS,NS1,273,0.013375011261764602
avian,all,NS,NS1,276,0.3795969674644317
avian,all,NS,NS1,282,-0.3674462256370691
avian,all,NS,NS1,285,0.20983948515153386
avian,all,NS,NS1,288,0.08480439223303829
avian,all,NS,NS1,291,0.25346070420144307
avian,all,NS,NS1,297,0.04296779138591633
avian,all,NS,NS1,298,0.7432642972308929
avian,all,NS,NS1,300,0.09271006360345174
avian,all,NS,NS1,303,-0.22924192172821786
avian,all,NS,NS1,307,-0.11895522219909176
avian,all,NS,NS1,309,0.3923560554941093
avian,all,NS,NS1,315,0.2838742126939725
avian,all,NS,NS1,318,-0.22706832186129586
avian,all,NS,NS1,321,0.11366894392588338
avian,all,NS,NS1,324,0.4089859887843974
avian,all,NS,NS1,327,0.297425491780716
avian,all,NS,NS1,330,0.2824345102517483
avian,all,NS,NS1,333,0.33198006914077394
avian,all,NS,NS1,336,0.2004609230913913
avian,all,NS,NS1,339,0.05166147351005531
avian,all,NS,NS1,342,0.4227915335924372
avian,all,NS,NS1,343,-0.27005379482617564
avian,all,NS,NS1,345,-0.08566606176228353
avian,all,NS,NS1,348,0.30306727588683147
avian,all,NS,NS1,351,-0.4250449782488519
avian,all,NS,NS1,354,-0.007990175857772954
avian,all,NS,NS1,360,-0.36398868301201226
avian,all,NS,NS1,363,-0.39976835330710014
avian,all,NS,NS1,366,0.46177300997575194
avian,all,NS,NS1,369,0.6430618914556745
avian,all,NS,NS1,372,-0.07166214547123115
avian,all,NS,NS1,375,0.06870351445079155
avian,all,NS,NS1,378,0.09210995341596137
avian,all,NS,NS1,381,0.12214077586022447
avian,all,NS,NS1,384,-0.3291221451299093
avian,all,NS,NS1,387,-0.3978350815514496
avian,all,NS,NS1,388,-0.04921324054055008
avian,all,NS,NS1,390,-0.2823695748093019
avian,all,NS,NS1,393,-0.05265074580048495
avian,all,NS,NS1,396,0.44153340360950993
avian,all,NS,NS1,399,0.3695022031630006
avian,all,NS,NS1,402,-0.22026337895103743
avian,all,NS,NS1,405,-0.2101023262403456
avian,all,NS,NS1,408,0.39794853225261423
avian,all,NS,NS1,411,0.4023755029640404
avian,all,NS,NS1,414,0.3309992367688977
avian,all,NS,NS1,417,0.06951388929642421
avian,all,NS,NS1,418,0.12306123306027197
avian,all,NS,NS1,420,0.4369772307893674
avian,all,NS,NS1,421,0.24689238940539548
avian,all,NS,NS1,423,0.061627527183269394
avian,all,NS,NS1,426,0.28124879235754396
avian,all,NS,NS1,429,0.07465607005125507
avian,all,NS,NS1,430,-0.055681378050800555
avian,all,NS,NS1,432,0.24981700609426427
avian,all,NS,NS1,435,0.585321287941777
avian,all,NS,NS1,436,0.786591520872941
avian,all,NS,NS1,438,0.3576185105405306
avian,all,NS,NS1,441,-0.024934667564324237
avian,all,NS,NS1,444,-0.4669910233665603
avian,all,NS,NS1,447,0.35190378805511885
avian,all,NS,NS1,450,-0.15446612889964137
avian,all,NS,NS1,453,0.4149057841587803
avian,all,NS,NS1,456,0.014933478418198259
avian,all,NS,NS1,459,-0.24124589731088628
avian,all,NS,NS1,462,0.04919867332971761
avian,all,NS,NS1,465,0.379422286450076
avian,all,NS,NS1,468,0.7087298876426418
avian,all,NS,NS1,471,0.04869109379165963
avian,all,NS,NS1,474,-0.03477624041870816
avian,all,NS,NS1,477,0.017103948531518955
avian,all,NS,NS1,480,0.086632738584292
avian,all,NS,NS1,483,-2.1258774281148414
avian,all,NS,NS1,486,0.008027852435472771
avian,all,NS,NS1,487,-0.20435179246711874
avian,all,NS,NS1,489,-0.24738802544331867
avian,all,NS,NS1,492,-0.445481699414856
avian,all,NS,NS1,495,-1.9531019087466608
avian,all,NS,NS1,498,-1.8965276147349523
avian,all,NS,NS1,501,-3.805226367566603
avian,all,PA,PA,6,0.6963176166798807
avian,all,PA,PA,9,0.3647378528798778
avian,all,PA,PA,12,-0.21137792471196837
avian,all,PA,PA,15,-0.7522414630042769
avian,all,PA,PA,16,-1.3005164464945058
avian,all,PA,PA,18,0.5472004011741605
avian,all,PA,PA,21,0.7815617616496366
avian,all,PA,PA,24,-0.13493964262306443
avian,all,PA,PA,27,-0.053809455871210284
avian,all,PA,PA,30,-0.33919018568575915
avian,all,PA,PA,33,0.20666334127802957
avian,all,PA,PA,39,-0.2192780705365289
avian,all,PA,PA,42,-1.6690216577385053
avian,all,PA,PA,45,-0.6914478988035102
avian,all,PA,PA,48,-0.8796138967363237
avian,all,PA,PA,51,-1.0886765963400755
avian,all,PA,PA,54,-0.446765227884479
avian,all,PA,PA,57,0.39124557737893845
avian,all,PA,PA,60,-0.7776712566667403
avian,all,PA,PA,66,-0.093855965202067
avian,all,PA,PA,69,0.4410650172940915
avian,all,PA,PA,72,0.11818702317752681
avian,all,PA,PA,75,-0.8289301379004407
avian,all,PA,PA,78,-0.30733742562993616
avian,all,PA,PA,81,0.10829596742825118
avian,all,PA,PA,84,-1.0869640763171835
avian,all,PA,PA,87,-0.15728702767089994
avian,all,PA,PA,90,-0.515338301484019
avian,all,PA,PA,93,-0.08715867459203394
avian,all,PA,PA,96,0.12245254124282101
avian,all,PA,PA,99,-0.7120016764466308
avian,all,PA,PA,102,0.019029363372253333
avian,all,PA,PA,105,-0.14359691567523808
avian,all,PA,PA,108,0.16303965021403663
avian,all,PA,PA,111,-0.5210822385455178
avian,all,PA,PA,117,0.054999293294669155
avian,all,PA,PA,120,0.24295640900673407
avian,all,PA,PA,123,-0.3155810571167237
avian,all,PA,PA,124,0.19400417515671262
avian,all,PA,PA,126,-0.16486119670446814
avian,all,PA,PA,129,-0.029750168949899347
avian,all,PA,PA,132,0.05204139707841099
avian,all,PA,PA,135,-0.18558870622395165
avian,all,PA,PA,138,-0.3610124847850772
avian,all,PA,PA,144,0.20039710387751708
avian,all,PA,PA,147,-0.01680057207444302
avian,all,PA,PA,150,-0.1766705041326397
avian,all,PA,PA,153,0.018874483013663068
avian,all,PA,PA,156,0.245906602631579
avian,all,PA,PA,159,-0.1619551044572324
avian,all,PA,PA,162,0.4123864763159907
avian,all,PA,PA,165,0.13934078965179286
avian,all,PA,PA,168,0.37870243298451023
avian,all,PA,PA,169,0.1290402309166225
avian,all,PA,PA,171,0.1602132079807862
avian,all,PA,PA,174,-0.21090310678008628
avian,all,PA,PA,177,-0.11730885254330022
avian,all,PA,PA,180,0.0020949178872477527
avian,all,PA,PA,183,0.7423646594841916
avian,all,PA,PA,186,0.2273107312276058
avian,all,PA,PA,189,-0.09234284794530412
avian,all,PA,PA,192,0.07201242228186353
avian,all,PA,PA,195,0.6707178892964222
avian,all,PA,PA,198,-0.2944518136121498
avian,all,PA,PA,201,0.1207520874109211
avian,all,PA,PA,204,-0.06113840560362721
avian,all,PA,PA,207,0.5688731656885789
avian,all,PA,PA,210,-0.06968608218936256
avian,all,PA,PA,211,0.6271622776406185
avian,all,PA,PA,213,0.09945361099348381
avian,all,PA,PA,214,0.03957785642869823
avian,all,PA,PA,216,-0.13323500511323969
avian,all,PA,PA,219,0.2814171813138021
avian,all,PA,PA,222,-0.3745304805025125
avian,all,PA,PA,223,-0.08736442990171546
avian,all,PA,PA,225,0.05752890900074284
avian,all,PA,PA,228,0.18747094630382607
avian,all,PA,PA,231,-0.10180313894261325
avian,all,PA,PA,237,-0.04108000641802693
avian,all,PA,PA,240,0.5465035806463485
avian,all,PA,PA,243,-0.04260673681752246
avian,all,PA,PA,246,-0.34326990858208845
avian,all,PA,PA,249,-0.7701162607429599
avian,all,PA,PA,250,0.08486734782078048
avian,all,PA,PA,252,-0.440628271875363
avian,all,PA,PA,255,0.3301437972224855
avian,all,PA,PA,261,-0.09403756844483946
avian,all,PA,PA,267,0.31976130537236375
avian,all,PA,PA,270,0.0009187693210619732
avian,all,PA,PA,273,0.05716658755585515
avian,all,PA,PA,276,0.3567896903526795
avian,all,PA,PA,279,0.6405925541798559
avian,all,PA,PA,282,0.1429897820843733
avian,all,PA,PA,285,0.1578471751909562
avian,all,PA,PA,288,-0.2530810218985408
avian,all,PA,PA,291,0.20831205933793823
avian,all,PA,PA,294,0.5441299983421318
avian,all,PA,PA,297,0.4131032988118216
avian,all,PA,PA,300,-0.10284312789867699
avian,all,PA,PA,303,0.24744422191391183
avian,all,PA,PA,306,0.15491970108768732
avian,all,PA,PA,309,0.28496420946697903
avian,all,PA,PA,312,0.09282522481189769
avian,all,PA,PA,315,-0.1588010944840661
avian,all,PA,PA,318,-0.028418119328161368
avian,all,PA,PA,321,0.4469657336275747
avian,all,PA,PA,324,0.011123651382242571
avian,all,PA,PA,325,0.16315818790125608
avian,all,PA,PA,327,-0.03155220238343799
avian,all,PA,PA,330,-0.03208144115991439
avian,all,PA,PA,333,0.15467265629824611
avian,all,PA,PA,336,-0.7043257396173375
avian,all,PA,PA,339,0.209054919519742
avian,all,PA,PA,342,0.1599562875822148
avian,all,PA,PA,345,-0.2820635868011402
avian,all,PA,PA,346,-0.14511388598901356
avian,all,PA,PA,348,-0.02152155267866262
avian,all,PA,PA,351,-0.6072601867395069
avian,all,PA,PA,354,0.10194121961616284
avian,all,PA,PA,357,-0.017231603632092665
avian,all,PA,PA,360,-0.09067886447216075
avian,all,PA,PA,363,-0.051243041048381406
avian,all,PA,PA,366,-0.06283478495045622
avian,all,PA,PA,369,0.08363967525007615
avian,all,PA,PA,370,0.18047623567087356
avian,all,PA,PA,372,0.006777906295207969
avian,all,PA,PA,373,0.932925716543321
avian,all,PA,PA,375,-0.2673075103215289
avian,all,PA,PA,378,-0.31889637832276874
avian,all,PA,PA,381,0.10392203314048765
avian,all,PA,PA,384,0.022373059584163534
avian,all,PA,PA,390,-0.08629938161302372
avian,all,PA,PA,393,-0.3627686334986366
avian,all,PA,PA,394,-0.21386262063396672
avian,all,PA,PA,396,0.16411553761318323
avian,all,PA,PA,399,-0.2182833255233114
avian,all,PA,PA,402,0.31042954215487706
avian,all,PA,PA,405,-0.2371845906340381
avian,all,PA,PA,408,0.03043277973224711
avian,all,PA,PA,411,0.03611581485251936
avian,all,PA,PA,417,-0.05736115206863258
avian,all,PA,PA,420,0.14716284843232885
avian,all,PA,PA,423,-0.1185727996759641
avian,all,PA,PA,426,0.057306038216372604
avian,all,PA,PA,429,-0.4362944395032962
avian,all,PA,PA,432,0.10193777646022029
avian,all,PA,PA,435,0.28661213262728846
avian,all,PA,PA,438,0.20175768894931395
avian,all,PA,PA,441,0.4484551190235534
avian,all,PA,PA,444,-0.047260501042596506
avian,all,PA,PA,447,0.3399345199608702
avian,all,PA,PA,450,0.18253941565943357
avian,all,PA,PA,453,0.40965405851808506
avian,all,PA,PA,456,0.26899680244650176
avian,all,PA,PA,459,0.0896688535832382
avian,all,PA,PA,462,-0.023132060117088127
avian,all,PA,PA,468,0.2708803982297897
avian,all,PA,PA,471,0.09916472454525076
avian,all,PA,PA,474,0.21354806735415977
avian,all,PA,PA,477,-0.08552771402381577
avian,all,PA,PA,480,-0.39151872954639144
avian,all,PA,PA,483,-0.26953699389488317
avian,all,PA,PA,486,0.05338896609389551
avian,all,PA,PA,489,0.1532524345243832
avian,all,PA,PA,492,0.24832657159791688
avian,all,PA,PA,495,-0.028602834301157898
avian,all,PA,PA,498,0.28490037828979187
avian,all,PA,PA,501,-0.15644469854163337
avian,all,PA,PA,504,0.23441638533546083
avian,all,PA,PA,507,-0.37053419531118625
avian,all,PA,PA,510,-0.03590359520492481
avian,all,PA,PA,513,0.3851421115012485
avian,all,PA,PA,516,-0.4050486289202213
avian,all,PA,PA,519,-0.12681720107339398
avian,all,PA,PA,522,-0.03208312341704127
avian,all,PA,PA,523,-0.19991648398930978
avian,all,PA,PA,525,0.09589525258597403
avian,all,PA,PA,528,-0.47289991979676393
avian,all,PA,PA,531,-0.2056776346795331
avian,all,PA,PA,537,-0.027651361684715724
avian,all,PA,PA,540,0.0233927383001638
avian,all,PA,PA,543,0.34441200913900294
avian,all,PA,PA,549,-0.1548461686632403
avian,all,PA,PA,552,-0.07313235615471024
avian,all,PA,PA,555,-0.04649973153187463
avian,all,PA,PA,558,-0.3609284130858238
avian,all,PA,PA,559,0.09024765931134356
avian,all,PA,PA,561,0.03754270293466108
avian,all,PA,PA,567,0.1811098929032595
avian,all,PA,PA,570,-1.1481262532484038
avian,all,PA,PA,762,0.19580428283973447
avian,all,PA,PA,765,-0.08696436828306477
avian,all,PA,PA,766,1.6408493633309964
avian,all,PA,PA,768,0.11262850616350642
avian,all,PA,PA,771,0.3238733521751259
avian,all,PA,PA,774,0.28072994741485446
avian,all,PA,PA,777,0.5668460762871905
avian,all,PA,PA,780,0.10040632473015706
avian,all,PA,PA,781,-0.5980727387492938
avian,all,PA,PA,783,0.03230669511291093
avian,all,PA,PA,786,-0.09138826515941743
avian,all,PA,PA,789,-0.095678451017115
avian,all,PA,PA,792,0.036749442249428776
avian,all,PA,PA,795,0.30417510412657084
avian,all,PA,PA,798,0.20685821238966548
avian,all,PA,PA,801,0.292417581367101
avian,all,PA,PA,804,0.10018580587237574
avian,all,PA,PA,807,-0.2884266134940954
avian,all,PA,PA,808,0.025904572100938772
avian,all,PA,PA,810,0.7292490235732529
avian,all,PA,PA,813,-0.05703696501768485
avian,all,PA,PA,816,0.16416403492097578
avian,all,PA,PA,819,0.5058766670437268
avian,all,PA,PA,822,0.23438558399620096
avian,all,PA,PA,825,0.14116996207918728
avian,all,PA,PA,828,0.029845324388758143
avian,all,PA,PA,831,0.024055804063372738
avian,all,PA,PA,834,-0.0906453517289681
avian,all,PA,PA,835,-0.09689831594283768
avian,all,PA,PA,837,-0.2511583915103489
avian,all,PA,PA,840,0.17620640637288235
avian,all,PA,PA,843,0.17056531972456487
avian,all,PA,PA,846,0.08960558642423783
avian,all,PA,PA,847,0.2969430023642845
avian,all,PA,PA,849,0.21970170188207866
avian,all,PA,PA,850,-0.025580155699061746
avian,all,PA,PA,852,-0.2827702569709078
avian,all,PA,PA,858,-0.09810029246124163
avian,all,PA,PA,861,0.011651453117588048
avian,all,PA,PA,862,0.45141655022315774
avian,all,PA,PA,864,-0.07215119154019596
avian,all,PA,PA,867,0.4272332320850032
avian,all,PA,PA,868,0.16989112889502658
avian,all,PA,PA,870,1.0808822781510854
avian,all,PA,PA,873,0.4356741461984561
avian,all,PA,PA,876,0.1857006760038222
avian,all,PA,PA,879,-0.330713466011815
avian,all,PA,PA,882,-0.004898510282004553
avian,all,PA,PA,885,-0.05361192932300157
avian,all,PA,PA,888,0.3555717042714459
avian,all,PA,PA,891,0.2135290374451859
avian,all,PA,PA,894,0.042938422414862454
avian,all,PA,PA,897,-0.16180593355766082
avian,all,PA,PA,900,-0.18732843987388564
avian,all,PA,PA,903,0.35155429373758884
avian,all,PA,PA,906,1.017871276555165
avian,all,PA,PA,909,0.26716906236800797
avian,all,PA,PA,910,-0.7117723261247035
avian,all,PA,PA,912,-0.018184236723617946
avian,all,PA,PA,915,0.10289349801928624
avian,all,PA,PA,918,-0.16783132894989078
avian,all,PA,PA,921,0.13930388715060654
avian,all,PA,PA,924,-0.23034827864184812
avian,all,PA,PA,927,-0.4008419842424327
avian,all,PA,PA,930,-0.026952785566912392
avian,all,PA,PA,936,-0.3311284280168921
avian,all,PA,PA,939,0.07062960987037331
avian,all,PA,PA,942,-0.11870937466548429
avian,all,PA,PA,945,0.20922029710521056
avian,all,PA,PA,948,0.42166521804763674
avian,all,PA,PA,954,0.2772914124246153
avian,all,PA,PA,957,-0.5575279624897842
avian,all,PA,PA,960,-0.11229194437958007
avian,all,PA,PA,963,0.47078031534216175
avian,all,PA,PA,966,-0.18749457111493317
avian,all,PA,PA,969,0.020319372279739303
avian,all,PA,PA,972,0.193852359892088
avian,all,PA,PA,975,0.0971072152238025
avian,all,PA,PA,978,-0.07087854589232179
avian,all,PA,PA,981,-0.3110107354487696
avian,all,PA,PA,984,0.3050046412918711
avian,all,PA,PA,987,0.3419766069915877
avian,all,PA,PA,993,-0.05794709293866515
avian,all,PA,PA,996,-0.05435865140716815
avian,all,PA,PA,999,0.3224442593615269
avian,all,PA,PA,1002,0.23241393248787662
avian,all,PA,PA,1005,0.05936985654909062
avian,all,PA,PA,1006,0.08828286902307889
avian,all,PA,PA,1008,0.13541404605574547
avian,all,PA,PA,1011,-0.7686846435258625
avian,all,PA,PA,1017,-0.07396444479063888
avian,all,PA,PA,1020,-0.05360875544056343
avian,all,PA,PA,1023,-0.05385514863088636
avian,all,PA,PA,1024,0.08888000525283946
avian,all,PA,PA,1026,0.3625097198512364
avian,all,PA,PA,1029,0.04419309167169977
avian,all,PA,PA,1032,0.1265715750279119
avian,all,PA,PA,1033,0.320709998269688
avian,all,PA,PA,1035,-0.2997807175551224
avian,all,PA,PA,1038,-0.2575617054227283
avian,all,PA,PA,1041,-0.04470781383763596
avian,all,PA,PA,1044,-0.19988211599998462
avian,all,PA,PA,1047,0.05438126542997955
avian,all,PA,PA,1050,0.16608909530153776
avian,all,PA,PA,1053,0.006094191455334654
avian,all,PA,PA,1056,0.22633689783083574
avian,all,PA,PA,1059,0.4295173257523461
avian,all,PA,PA,1062,0.06943611120184999
avian,all,PA,PA,1065,0.7274972161208663
avian,all,PA,PA,1068,-0.004658999564077587
avian,all,PA,PA,1071,0.08937590852964915
avian,all,PA,PA,1074,0.23002419747329036
avian,all,PA,PA,1077,0.006040005454768779
avian,all,PA,PA,1083,0.7698225601333047
avian,all,PA,PA,1086,-0.4998707106523405
avian,all,PA,PA,1089,0.05589718806151719
avian,all,PA,PA,1092,-0.21377039143002918
avian,all,PA,PA,1095,0.4278724367332816
avian,all,PA,PA,1096,-0.6507028164916244
avian,all,PA,PA,1098,0.5738289424555105
avian,all,PA,PA,1101,-0.06350214438796793
avian,all,PA,PA,1107,-0.5741455021405
avian,all,PA,PA,1110,-0.08352783950976994
avian,all,PA,PA,1113,-0.36219919465510036
avian,all,PA,PA,1116,0.4604403316034693
avian,all,PA,PA,1119,1.0433959977937786
avian,all,PA,PA,1125,0.04122168334393875
avian,all,PA,PA,1128,0.3516754425523952
avian,all,PA,PA,1131,0.21092687725522274
avian,all,PA,PA,1134,0.24696185909758597
avian,all,PA,PA,1137,0.002681225205431556
avian,all,PA,PA,1140,0.09745690224446973
avian,all,PA,PA,1143,-0.590775832772824
avian,all,PA,PA,1146,-0.10764503454402226
avian,all,PA,PA,1149,0.28626002168810527
avian,all,PA,PA,1152,-0.15599178986704
avian,all,PA,PA,1155,0.3316888478411867
avian,all,PA,PA,1158,-0.029036322220011623
avian,all,PA,PA,1161,-0.06165352069966291
avian,all,PA,PA,1164,-0.019953563723384554
avian,all,PA,PA,1167,0.08140518624945883
avian,all,PA,PA,1168,0.14674688745663786
avian,all,PA,PA,1170,-0.45385863222208156
avian,all,PA,PA,1173,0.23153384128846102
avian,all,PA,PA,1176,0.28732238304978364
avian,all,PA,PA,1179,0.043838853970281144
avian,all,PA,PA,1182,-0.23556759381780362
avian,all,PA,PA,1185,0.17947401859603107
avian,all,PA,PA,1188,0.08413688504793695
avian,all,PA,PA,1191,0.09522842458517607
avian,all,PA,PA,1194,0.673315900671136
avian,all,PA,PA,1197,0.4076080017524254
avian,all,PA,PA,1200,0.21801955856869687
avian,all,PA,PA,1203,-0.6551487254239275
avian,all,PA,PA,1206,-0.48480193013918305
avian,all,PA,PA,1207,-0.024683260573886208
avian,all,PA,PA,1209,-0.2638185236841554
avian,all,PA,PA,1212,0.20283417552281569
avian,all,PA,PA,1215,-0.1804615340616631
avian,all,PA,PA,1221,0.09528807679444741
avian,all,PA,PA,1224,0.10942215159500703
avian,all,PA,PA,1227,-0.16898233435978494
avian,all,PA,PA,1230,0.18287156496763357
avian,all,PA,PA,1233,-0.1370003847411891
avian,all,PA,PA,1236,-0.07731630280521674
avian,all,PA,PA,1239,0.12862924217087
avian,all,PA,PA,1242,0.475822949916952
avian,all,PA,PA,1245,0.21712713869736838
avian,all,PA,PA,1248,0.09372779770986413
avian,all,PA,PA,1249,0.16653355769256029
avian,all,PA,PA,1251,0.6135369021492544
avian,all,PA,PA,1254,-0.2986039070096308
avian,all,PA,PA,1257,0.30078921979524514
avian,all,PA,PA,1260,0.15933910445180258
avian,all,PA,PA,1263,-0.0106739514509493
avian,all,PA,PA,1269,0.0029875682407566337
avian,all,PA,PA,1272,-0.09905515597504917
avian,all,PA,PA,1275,-0.24267744433893157
avian,all,PA,PA,1278,0.23375397759032127
avian,all,PA,PA,1281,0.1514735789173045
avian,all,PA,PA,1287,0.11538333273811405
avian,all,PA,PA,1290,-0.2626395427147523
avian,all,PA,PA,1293,-0.15153733524881222
avian,all,PA,PA,1296,0.0721257313428732
avian,all,PA,PA,1299,0.07296300374408289
avian,all,PA,PA,1302,0.05086379711559304
avian,all,PA,PA,1305,-0.03696812339923374
avian,all,PA,PA,1308,-5.947731955706359e-05
avian,all,PA,PA,1311,0.06746966045762157
avian,all,PA,PA,1314,-0.11540285788478413
avian,all,PA,PA,1317,-0.04023188800580055
avian,all,PA,PA,1320,0.26688265299863967
avian,all,PA,PA,1326,-0.2721510086368713
avian,all,PA,PA,1327,1.031760452166258
avian,all,PA,PA,1329,0.03622223685653028
avian,all,PA,PA,1332,0.09649076832976364
avian,all,PA,PA,1335,0.3404416806109417
avian,all,PA,PA,1338,-0.11241011022585645
avian,all,PA,PA,1341,0.3761437161513301
avian,all,PA,PA,1344,0.2241239135241101
avian,all,PA,PA,1347,0.04420511104923179
avian,all,PA,PA,1350,0.04719591555419372
avian,all,PA,PA,1353,0.07871874699389705
avian,all,PA,PA,1356,0.43181044955845915
avian,all,PA,PA,1359,-0.08280845171951252
avian,all,PA,PA,1362,-0.8192416357449909
avian,all,PA,PA,1365,0.2244437417728098
avian,all,PA,PA,1368,0.12536036550308596
avian,all,PA,PA,1371,0.07940267202076652
avian,all,PA,PA,1374,0.2948253026682662
avian,all,PA,PA,1383,0.06893790674126465
avian,all,PA,PA,1386,-0.04394627670040914
avian,all,PA,PA,1389,0.14498272862283884
avian,all,PA,PA,1392,0.11123757937941474
avian,all,PA,PA,1398,0.12995725069052214
avian,all,PA,PA,1401,0.30760004128492746
avian,all,PA,PA,1404,0.22599682808725408
avian,all,PA,PA,1405,0.37515544265435763
avian,all,PA,PA,1407,-0.16790674678754602
avian,all,PA,PA,1408,-0.25035622746612035
avian,all,PA,PA,1410,-0.4126934796796668
avian,all,PA,PA,1413,0.4449070173474816
avian,all,PA,PA,1416,0.0009005056811738305
avian,all,PA,PA,1419,-0.017838432286321575
avian,all,PA,PA,1422,0.2282891453239922
avian,all,PA,PA,1425,0.47735565140925795
avian,all,PA,PA,1428,0.5652409037458229
avian,all,PA,PA,1434,0.015155410882828957
avian,all,PA,PA,1437,0.532898987869612
avian,all,PA,PA,1440,0.1792590061476662
avian,all,PA,PA,1443,-0.1921005566754535
avian,all,PA,PA,1444,0.4661830217551196
avian,all,PA,PA,1446,-0.3304161741369196
avian,all,PA,PA,1449,0.25124491267021515
avian,all,PA,PA,1452,0.3325283120577193
avian,all,PA,PA,1458,1.721622953036891
avian,all,PA,PA,1461,0.5022528046503935
avian,all,PA,PA,1464,0.26100061974460265
avian,all,PA,PA,1467,0.2484223731288234
avian,all,PA,PA,1470,0.07350304769187288
avian,all,PA,PA,1473,0.3550346015402144
avian,all,PA,PA,1476,0.5498356312713738
avian,all,PA,PA,1479,0.08895000800312466
avian,all,PA,PA,1482,0.013507252182852328
avian,all,PA,PA,1485,-0.29708053054149
avian,all,PA,PA,1486,-0.17091912137544357
avian,all,PA,PA,1488,-0.1504376701435057
avian,all,PA,PA,1491,0.09560665745335255
avian,all,PA,PA,1494,-0.13970959906050848
avian,all,PA,PA,1497,-0.25165336959527107
avian,all,PA,PA,1498,-0.2720244534310455
avian,all,PA,PA,1500,-0.4992553487644689
avian,all,PA,PA,1503,0.1211805685780405
avian,all,PA,PA,1506,0.2692352425173054
avian,all,PA,PA,1509,-0.3672548417077569
avian,all,PA,PA,1512,0.056206393604474214
avian,all,PA,PA,1518,0.01144961212055412
avian,all,PA,PA,1521,0.17628772079077418
avian,all,PA,PA,1524,-0.5209772292232066
avian,all,PA,PA,1527,0.00039471824806736056
avian,all,PA,PA,1530,0.2700141027919803
avian,all,PA,PA,1531,0.055426708268298125
avian,all,PA,PA,1533,-0.2512380078070861
avian,all,PA,PA,1536,-0.15814645096600422
avian,all,PA,PA,1539,-0.36123732252553703
avian,all,PA,PA,1542,-0.10846197787194241
avian,all,PA,PA,1545,0.2778866648394343
avian,all,PA,PA,1548,0.33076194550417887
avian,all,PA,PA,1551,-0.03542387966411185
avian,all,PA,PA,1554,-0.1315759967416139
avian,all,PA,PA,1557,0.657988191988268
avian,all,PA,PA,1560,-0.5814359142529738
avian,all,PA,PA,1563,0.11820763143013978
avian,all,PA,PA,1566,-0.23897901339846458
avian,all,PA,PA,1572,0.14589384827449672
avian,all,PA,PA,1575,-0.18643998259600103
avian,all,PA,PA,1578,-0.17852999292333116
avian,all,PA,PA,1581,0.14330752131111554
avian,all,PA,PA,1584,0.4496798136506882
avian,all,PA,PA,1587,0.06075127503946712
avian,all,PA,PA,1590,-0.32880920994460694
avian,all,PA,PA,1593,0.06943462698473774
avian,all,PA,PA,1594,-0.23905888574197792
avian,all,PA,PA,1596,-0.419251050591869
avian,all,PA,PA,1599,0.09133750646545136
avian,all,PA,PA,1602,0.5177441750074548
avian,all,PA,PA,1605,0.11976626984425513
avian,all,PA,PA,1608,0.21813921193269842
avian,all,PA,PA,1614,-0.005311836453634339
avian,all,PA,PA,1617,-0.12551824532471695
avian,all,PA,PA,1620,-0.19218763670516692
avian,all,PA,PA,1623,-0.06923936014474949
avian,all,PA,PA,1626,-0.04920468016224523
avian,all,PA,PA,1629,-0.20370880172403183
avian,all,PA,PA,1632,0.2144713607225975
avian,all,PA,PA,1638,-0.061358468728180515
avian,all,PA,PA,1641,0.1604831031582209
avian,all,PA,PA,1647,-0.047393870606101035
avian,all,PA,PA,1648,-0.14245379123118945
avian,all,PA,PA,1650,-0.20774142585837396
avian,all,PA,PA,1651,-0.1950995342963704
avian,all,PA,PA,1653,0.11165333618049532
avian,all,PA,PA,1656,-0.23019499797750934
avian,all,PA,PA,1659,0.08752732932756635
avian,all,PA,PA,1662,0.2753527190573311
avian,all,PA,PA,1665,-0.6643434475840683
avian,all,PA,PA,1668,-0.08748337692162693
avian,all,PA,PA,1671,-0.07502623566323117
avian,all,PA,PA,1674,-0.05270543324731963
avian,all,PA,PA,1677,-0.41586171082367335
avian,all,PA,PA,1680,0.0769980053413872
avian,all,PA,PA,1686,-0.2913830769535739
avian,all,PA,PA,1687,-0.02564848415986746
avian,all,PA,PA,1689,0.025036332780680258
avian,all,PA,PA,1692,0.2167832095072163
avian,all,PA,PA,1695,0.4271108174242093
avian,all,PA,PA,1698,-0.0720161879187382
avian,all,PA,PA,1701,0.032270132826699396
avian,all,PA,PA,1704,0.3297297146640246
avian,all,PA,PA,1707,0.1263132701926783
avian,all,PA,PA,1710,-0.09427173181955882
avian,all,PA,PA,1713,-0.055254221371388176
avian,all,PA,PA,1716,-0.05380036332058581
avian,all,PA,PA,1719,0.12571637296195504
avian,all,PA,PA,1722,-0.09810754717866167
avian,all,PA,PA,1728,0.15012289307091356
avian,all,PA,PA,1734,0.06604810574933888
avian,all,PA,PA,1740,0.27419017077424995
avian,all,PA,PA,1746,-0.1911321652528809
avian,all,PA,PA,1747,-0.3412518131993455
avian,all,PA,PA,1749,0.29688603842726086
avian,all,PA,PA,1752,-0.08328302211253676
avian,all,PA,PA,1755,-0.09957803096357085
avian,all,PA,PA,1758,0.30580231045896605
avian,all,PA,PA,1761,-0.012570790921588599
avian,all,PA,PA,1764,0.18645691506091172
avian,all,PA,PA,1767,-0.015290178264194043
avian,all,PA,PA,1770,-0.20034530482406562
avian,all,PA,PA,1773,0.3605535089457961
avian,all,PA,PA,1776,0.12054167365971347
avian,all,PA,PA,1779,-0.596822016833991
avian,all,PA,PA,1782,0.06967173293460727
avian,all,PA,PA,1788,0.24888213296311773
avian,all,PA,PA,1791,0.02332907649998451
avian,all,PA,PA,1794,0.25141115329193536
avian,all,PA,PA,1797,-0.17751653739594261
avian,all,PA,PA,1800,0.0327976801052257
avian,all,PA,PA,1803,0.26420797264454526
avian,all,PA,PA,1806,0.17164821830584112
avian,all,PA,PA,1809,-0.11264303874442304
avian,all,PA,PA,1812,0.14801359592167704
avian,all,PA,PA,1815,0.20309595282091444
avian,all,PA,PA,1818,-0.3419876971332825
avian,all,PA,PA,1824,-0.4576085688844146
avian,all,PA,PA,1827,-0.18030316745185318
avian,all,PA,PA,1830,0.3656546065551549
avian,all,PA,PA,1833,-0.045082384014759905
avian,all,PA,PA,1836,0.016383619501733573
avian,all,PA,PA,1839,-0.04024902292217862
avian,all,PA,PA,1842,-0.0637568907109858
avian,all,PA,PA,1845,0.17747602028329695
avian,all,PA,PA,1848,0.049165463187255204
avian,all,PA,PA,1851,0.22176938248055011
avian,all,PA,PA,1854,0.05774670454417084
avian,all,PA,PA,1860,0.18633657563843894
avian,all,PA,PA,1863,0.1331551306942741
avian,all,PA,PA,1866,-0.28458212982558556
avian,all,PA,PA,1869,0.1562981976999525
avian,all,PA,PA,1872,0.37643078229154003
avian,all,PA,PA,1875,-0.28518187612284085
avian,all,PA,PA,1878,0.22126101642252002
avian,all,PA,PA,1881,0.42484904964311243
avian,all,PA,PA,1884,0.059031385095934974
avian,all,PA,PA,1887,0.003084346467918539
avian,all,PA,PA,1890,-0.4708527929851896
avian,all,PA,PA,1893,0.1583037032321253
avian,all,PA,PA,1896,-0.07324810259670972
avian,all,PA,PA,1899,0.21695338860093616
avian,all,PA,PA,1902,0.2701020687816395
avian,all,PA,PA,1905,0.31987349372498036
avian,all,PA,PA,1908,0.14836348776901806
avian,all,PA,PA,1911,0.22949975457471114
avian,all,PA,PA,1914,-0.06872856897544352
avian,all,PA,PA,1917,-0.12408315462911934
avian,all,PA,PA,1918,0.07715424070606827
avian,all,PA,PA,1920,-0.12563601251714165
avian,all,PA,PA,1921,0.22958034760081417
avian,all,PA,PA,1923,-0.13471752430590989
avian,all,PA,PA,1926,-0.20643826896388276
avian,all,PA,PA,1929,-0.2701416925426998
avian,all,PA,PA,1932,0.25833562911778885
avian,all,PA,PA,1935,0.017453969456763748
avian,all,PA,PA,1938,-0.3775455962448404
avian,all,PA,PA,1941,-0.0630594327468863
avian,all,PA,PA,1944,0.14906635631196608
avian,all,PA,PA,1945,-0.3421662162148031
avian,all,PA,PA,1947,0.06728998141131401
avian,all,PA,PA,1950,0.19523853113759027
avian,all,PA,PA,1953,0.18059946968939186
avian,all,PA,PA,1956,-0.03808665380401437
avian,all,PA,PA,1959,-0.0036084082721892924
avian,all,PA,PA,1962,-0.22218470587810643
avian,all,PA,PA,1965,0.1931861700674534
avian,all,PA,PA,1968,-0.5243300124037364
avian,all,PA,PA,1971,0.21405609625239444
avian,all,PA,PA,1974,0.27825049000784413
avian,all,PA,PA,1977,-0.03212910483940207
avian,all,PA,PA,1980,0.142459121484669
avian,all,PA,PA,1983,-0.2952281694209167
avian,all,PA,PA,1986,-0.1377803757543
avian,all,PA,PA,1989,-0.34086563776042256
avian,all,PA,PA,1992,0.05388834605534949
avian,all,PA,PA,1993,0.15409349892604185
avian,all,PA,PA,1995,0.1488297151352539
avian,all,PA,PA,1998,-0.005528247338490652
avian,all,PA,PA,2001,-0.5047845700606219
avian,all,PA,PA,2004,-0.42116360744558984
avian,all,PA,PA,2007,-0.5204490537952935
avian,all,PA,PA,2010,-1.5998473743815018
avian,all,PA,PA,2013,-0.016578290893880823
avian,all,PA,PA,2016,-1.162924242686595
avian,all,PA,PA,2019,-2.2903851991342163
avian,all,PA,PA,2022,0.08238190935691761
avian,all,PA,PA,2025,-0.11390596354610076
avian,all,PA,PA,2026,-0.8516263840112384
avian,all,PA,PA,2028,-0.9988455221201714
avian,all,PA,PA,2031,-0.009041089328818407
avian,all,PA,PA,2034,-1.711794722227534
avian,all,PA,PA,2037,0.22518986043801834
avian,all,PA,PA,2040,0.18218987871678538
avian,all,PA,PA,2043,-0.26378457933109956
avian,all,PA,PA,2046,-0.9654010764820024
avian,all,PA,PA,2049,-0.8277253386501228
avian,all,PA,PA,2052,-0.3156137818622897
avian,all,PA,PA,2055,-1.3609035781949004
avian,all,PA,PA,2056,-0.6584276682898392
avian,all,PA,PA,2058,-0.5061456162412391
avian,all,PA,PA,2061,-0.020766338804237366
avian,all,PA,PA,2064,-0.487866039620968
avian,all,PA,PA,2067,-0.9704898941294856
avian,all,PA,PA,2070,-0.21584814003564293
avian,all,PA,PA,2073,-4.073290900123384
avian,all,PA,PA,2076,-1.5350770377616685
avian,all,PA,PA,2079,-1.5091769153719163
avian,all,PA,PA,2080,-1.3015623491324984
avian,all,PA,PA,2082,-1.305541289481844
avian,all,PA,PA,2085,-2.9033827557333667
avian,all,PA,PA,2088,-0.1198127011867807
avian,all,PA,PA,2091,-0.463988160275094
avian,all,PA,PA,2094,-1.3789818389027353
avian,all,PA,PA,2100,-2.8366394693910686
avian,all,PA,PA,2101,-1.6115510258170112
avian,all,PA,PA,2103,-2.6280471737937274
avian,all,PA,PA,2106,-0.9890014049420566
avian,all,PA,PA,2109,-0.5994041717640164
avian,all,PA,PA,2112,-0.06521406995425222
avian,all,PA,PA,2115,-0.2987346879152287
avian,all,PA,PA,2121,0.03268784437025514
avian,all,PA,PA,2124,-4.883726946201021
avian,all,PA,PA,2127,-2.479756313093123
avian,all,PA,PA,2130,-3.8849680463407656
avian,all,PA,PA,2133,-0.9020076595823384
avian,all,PA,PA,2136,-0.19150942321369416
avian,all,PA,PA,2139,-0.8903255289982037
avian,all,PA,PA,2142,-2.917568885392685
avian,all,PA,PA,2143,-0.6410496675036447
avian,all,PA,PA,2145,-0.1124871339977756
avian,all,PA,PA,2148,-0.26750794650042126
avian,all,PA,PA;X-ORF,759,-0.07458130807063201
avian,all,PB1,PB1,6,-0.982431977143292
avian,all,PB1,PB1,9,-1.7808823669371163
avian,all,PB1,PB1,12,1.0689381981448096
avian,all,PB1,PB1,15,-3.3268522912674783
avian,all,PB1,PB1,18,0.20847861917272142
avian,all,PB1,PB1,19,0.9507486997218326
avian,all,PB1,PB1,21,-0.2590004774048439
avian,all,PB1,PB1,24,0.4797171682603311
avian,all,PB1,PB1,27,-0.32014634154366767
avian,all,PB1,PB1,28,-0.29949743872495277
avian,all,PB1,PB1,30,0.3800026171372795
avian,all,PB1,PB1,33,0.11605731234687712
avian,all,PB1,PB1,36,-0.07820264054757085
avian,all,PB1,PB1,39,0.4412924036297372
avian,all,PB1,PB1,42,-0.3581670027932805
avian,all,PB1,PB1,45,0.18752922111424963
avian,all,PB1,PB1,48,-0.2683891730273975
avian,all,PB1,PB1,51,0.11497364993280342
avian,all,PB1,PB1,57,0.18052418795257047
avian,all,PB1,PB1,60,0.251633196008704
avian,all,PB1,PB1,63,0.016267850690665886
avian,all,PB1,PB1,66,-0.5669845483202623
avian,all,PB1,PB1,69,-0.03948770218651545
avian,all,PB1,PB1,72,0.10657808552609309
avian,all,PB1,PB1,75,0.14433731392030677
avian,all,PB1,PB1,78,-0.3799066398777438
avian,all,PB1,PB1,81,-0.0484041148111653
avian,all,PB1,PB1,84,-0.5612283208432584
avian,all,PB1,PB1,87,-0.0501657373945018
avian,all,PB1,PB1,90,-0.4997238389837751
avian,all,PB1,PB1,93,-0.7419969904563639
avian,all,PB1,PB1,96,-4.031884312474977
avian,all,PB1,PB1,99,0.3346770524198659
avian,all,PB1,PB1,102,-0.3020966569978743
avian,all,PB1,PB1,105,0.343488788988095
avian,all,PB1,PB1,108,0.1514900993653559
avian,all,PB1,PB1,111,0.3544580448925338
avian,all,PB1,PB1,114,0.07866218571400933
avian,all,PB1,PB1,117,0.32020779058026744
avian,all,PB1,PB1,123,-0.14678014302775538
avian,all,PB1,PB1,126,0.08023713092591515
avian,all,PB1,PB1,129,0.15146680558233172
avian,all,PB1,PB1,132,-0.6762665654574771
avian,all,PB1,PB1,135,-0.12638501784436226
avian,all,PB1,PB1,138,0.11814359566848139
avian,all,PB1,PB1,141,-0.08777802876430474
avian,all,PB1,PB1,144,-0.39796067407959673
avian,all,PB1,PB1,147,-0.14959509683826777
avian,all,PB1,PB1,150,-0.04808866519615809
avian,all,PB1,PB1,153,0.29694387661441063
avian,all,PB1,PB1,156,0.4122852617306688
avian,all,PB1,PB1,159,0.2090553356306225
avian,all,PB1,PB1,162,0.28945125393311216
avian,all,PB1,PB1,168,-0.08357664186246042
avian,all,PB1,PB1,171,-0.600388555635691
avian,all,PB1,PB1,174,-0.2952664930778679
avian,all,PB1,PB1,177,0.1088677038734758
avian,all,PB1,PB1,180,0.546445199565375
avian,all,PB1,PB1,183,0.07121578849464809
avian,all,PB1,PB1,186,0.39140164838792746
avian,all,PB1,PB1,189,-0.3830346739188781
avian,all,PB1,PB1,192,-0.17830309392217739
avian,all,PB1,PB1,195,-0.2749409305166311
avian,all,PB1,PB1,198,0.02137578160372507
avian,all,PB1,PB1,201,0.1940637129830469
avian,all,PB1,PB1,204,0.10021987123462239
avian,all,PB1,PB1,207,0.20779549957884602
avian,all,PB1,PB1,210,0.5456859081622071
avian,all,PB1,PB1,213,0.08257342734525747
avian,all,PB1,PB1,216,0.470016299188187
avian,all,PB1,PB1,217,0.25072001188211634
avian,all,PB1,PB1,219,0.024502753478580726
avian,all,PB1,PB1,222,0.501529452442654
avian,all,PB1,PB1,225,-0.44687524579509824
avian,all,PB1,PB1,228,0.2223941642546526
avian,all,PB1,PB1,231,0.5467071263238035
avian,all,PB1,PB1,234,0.09546752686091625
avian,all,PB1,PB1,237,0.19489471018525362
avian,all,PB1,PB1,240,0.19082377141948495
avian,all,PB1,PB1,243,-0.072029474148467
avian,all,PB1,PB1,246,-0.09169282387604118
avian,all,PB1,PB1,249,0.11275109673099212
avian,all,PB1,PB1,252,-0.16554348928949417
avian,all,PB1,PB1,255,-0.1955657650947681
avian,all,PB1,PB1,258,-0.08068960212771574
avian,all,PB1,PB1,261,0.11828235579543826
avian,all,PB1,PB1,264,0.18470201750145354
avian,all,PB1,PB1,265,-0.1531558075396764
avian,all,PB1,PB1,267,-0.3903834597182638
avian,all,PB1,PB1,270,-0.13733534983055015
avian,all,PB1,PB1,273,-0.4929486511857131
avian,all,PB1,PB1,279,-0.07266586758301208
avian,all,PB1,PB1,282,-0.5331914747384046
avian,all,PB1,PB1,285,-0.04040942138134672
avian,all,PB1,PB1,288,0.17822320400375924
avian,all,PB1,PB1,291,0.04743598410070973
avian,all,PB1,PB1,294,-0.05373269379595861
avian,all,PB1,PB1,297,0.2699115875227542
avian,all,PB1,PB1,300,0.4499781471307301
avian,all,PB1,PB1,303,0.02014035277677248
avian,all,PB1,PB1,306,-0.4024085816930083
avian,all,PB1,PB1,309,-0.3870629380824959
avian,all,PB1,PB1,312,-0.22956281120281588
avian,all,PB1,PB1,315,-0.5207717443217181
avian,all,PB1,PB1,318,-0.44327300392951047
avian,all,PB1,PB1,321,-0.5003823648622048
avian,all,PB1,PB1,324,-0.4269220805973386
avian,all,PB1,PB1,327,-0.07708571931792688
avian,all,PB1,PB1,330,-0.1754813980898826
avian,all,PB1,PB1,336,0.22372714060782
avian,all,PB1,PB1,339,-0.19559406775533764
avian,all,PB1,PB1,342,0.5278707389141089
avian,all,PB1,PB1,345,-0.5194586797901684
avian,all,PB1,PB1,348,0.3646759763592945
avian,all,PB1,PB1,351,-0.07604509097330517
avian,all,PB1,PB1,352,0.7796749619797013
avian,all,PB1,PB1,354,-0.23163315051008812
avian,all,PB1,PB1,357,-0.19924421191481506
avian,all,PB1,PB1,360,0.27132112153771865
avian,all,PB1,PB1,363,-0.15474856390096067
avian,all,PB1,PB1,364,-0.07292894310426556
avian,all,PB1,PB1,366,0.23623316872707806
avian,all,PB1,PB1,369,-0.09480656141049815
avian,all,PB1,PB1,372,-0.16025942782772484
avian,all,PB1,PB1,375,0.05317278484070409
avian,all,PB1,PB1,378,-0.2800293828647787
avian,all,PB1,PB1,381,-0.7081381059017414
avian,all,PB1,PB1,384,-0.3738601945442097
avian,all,PB1,PB1,387,-0.06264436761395141
avian,all,PB1,PB1,390,-0.030578490792256247
avian,all,PB1,PB1,396,0.3719998742663144
avian,all,PB1,PB1,397,0.20556176099576245
avian,all,PB1,PB1,399,-0.19777172445000663
avian,all,PB1,PB1,402,0.35331952863185173
avian,all,PB1,PB1,405,0.05954076388142418
avian,all,PB1,PB1,408,-0.07923767596824699
avian,all,PB1,PB1,411,0.38682869165836176
avian,all,PB1,PB1,414,-0.21023858567586676
avian,all,PB1,PB1,417,0.07208888559663952
avian,all,PB1,PB1,420,-0.0959773588860677
avian,all,PB1,PB1,423,-0.20512833869993793
avian,all,PB1,PB1,426,0.016912699155799512
avian,all,PB1,PB1,427,0.11523389346021361
avian,all,PB1,PB1,429,-0.2180883666750134
avian,all,PB1,PB1,432,0.06896375022446995
avian,all,PB1,PB1,435,-0.12584063524623595
avian,all,PB1,PB1,438,-0.4928553433837842
avian,all,PB1,PB1,444,0.05067917407968465
avian,all,PB1,PB1,447,0.315641177108875
avian,all,PB1,PB1,450,-0.06853032488452458
avian,all,PB1,PB1,453,-0.34250781827518567
avian,all,PB1,PB1,456,-0.04193356906924495
avian,all,PB1,PB1,459,0.13360412786278092
avian,all,PB1,PB1,462,-0.05478070172778771
avian,all,PB1,PB1,463,-0.45173049879292604
avian,all,PB1,PB1,465,0.12146123301989889
avian,all,PB1,PB1,468,0.11596208096769868
avian,all,PB1,PB1,471,-0.08480270121078674
avian,all,PB1,PB1,474,0.18947150172463656
avian,all,PB1,PB1,477,0.5899659206037668
avian,all,PB1,PB1,480,-0.045814256506792404
avian,all,PB1,PB1,483,-0.15377322723992456
avian,all,PB1,PB1,486,0.12090149473962225
avian,all,PB1,PB1,487,-0.13199232190459592
avian,all,PB1,PB1,489,-0.043247146729710285
avian,all,PB1,PB1,495,0.008799075002229368
avian,all,PB1,PB1,498,0.07862253677840515
avian,all,PB1,PB1,501,-0.007949056524014488
avian,all,PB1,PB1,504,0.1864202815027094
avian,all,PB1,PB1,507,0.44991120741504975
avian,all,PB1,PB1,510,0.5031290094378589
avian,all,PB1,PB1,516,0.20926391989683216
avian,all,PB1,PB1,519,0.3502734380947482
avian,all,PB1,PB1,525,0.31844974207246984
avian,all,PB1,PB1,528,0.21701736254649706
avian,all,PB1,PB1,531,-0.16928050428105765
avian,all,PB1,PB1,534,0.4952484636203506
avian,all,PB1,PB1,540,-0.011429164718728652
avian,all,PB1,PB1,543,0.3032177570169708
avian,all,PB1,PB1,546,-0.08012109796727761
avian,all,PB1,PB1,549,-0.6647161369827175
avian,all,PB1,PB1,552,-0.03346597366171001
avian,all,PB1,PB1,555,-0.40861798916880965
avian,all,PB1,PB1,558,-0.3581092535595819
avian,all,PB1,PB1,561,0.07616734221882084
avian,all,PB1,PB1,564,0.046145815358679065
avian,all,PB1,PB1,567,-0.18413517925623848
avian,all,PB1,PB1,570,-0.054425033569909534
avian,all,PB1,PB1,573,0.1572752375912427
avian,all,PB1,PB1,576,-0.14526026653066465
avian,all,PB1,PB1,579,-0.4209511274164461
avian,all,PB1,PB1,582,0.18642715950507122
avian,all,PB1,PB1,588,-0.07552666222218762
avian,all,PB1,PB1,591,0.15206209083018504
avian,all,PB1,PB1,594,0.07745766777593589
avian,all,PB1,PB1,600,-0.11734784855949631
avian,all,PB1,PB1,603,0.12372033542681281
avian,all,PB1,PB1,606,-0.8861694379699978
avian,all,PB1,PB1,607,1.0295918357010363
avian,all,PB1,PB1,609,-0.059329224552855254
avian,all,PB1,PB1,612,0.3958382386607832
avian,all,PB1,PB1,618,0.48921186971792197
avian,all,PB1,PB1,621,-0.5561198862654665
avian,all,PB1,PB1,624,0.18864057338097548
avian,all,PB1,PB1,627,0.25698630788476834
avian,all,PB1,PB1,630,-0.07693766238165897
avian,all,PB1,PB1,633,0.0034967603717447615
avian,all,PB1,PB1,634,0.166724150764547
avian,all,PB1,PB1,636,0.9997931165185773
avian,all,PB1,PB1,639,0.24449169794205444
avian,all,PB1,PB1,642,0.19920362982835324
avian,all,PB1,PB1,645,0.00027883624693575415
avian,all,PB1,PB1,648,0.07048846062646834
avian,all,PB1,PB1,651,-0.016835794958184172
avian,all,PB1,PB1,652,-0.2472866133324969
avian,all,PB1,PB1,654,0.10738883971493551
avian,all,PB1,PB1,658,1.0004210458508067
avian,all,PB1,PB1,660,-0.21058494813255504
avian,all,PB1,PB1,663,0.1341422100160855
avian,all,PB1,PB1,664,0.29203525447421214
avian,all,PB1,PB1,666,-0.19830239008583253
avian,all,PB1,PB1,669,0.07755972693104672
avian,all,PB1,PB1,670,0.07020159976805125
avian,all,PB1,PB1,672,-0.34152231328588695
avian,all,PB1,PB1,675,-0.08376305831694209
avian,all,PB1,PB1,678,0.27459466372069297
avian,all,PB1,PB1,684,0.9163270106379057
avian,all,PB1,PB1,687,0.43793871314865107
avian,all,PB1,PB1,690,-0.21941132920995615
avian,all,PB1,PB1,693,0.3280202956375666
avian,all,PB1,PB1,696,0.04990570165121333
avian,all,PB1,PB1,699,-0.17951071308416836
avian,all,PB1,PB1,702,-0.03164883255287656
avian,all,PB1,PB1,705,0.20853320290342786
avian,all,PB1,PB1,706,0.6165969650140486
avian,all,PB1,PB1,708,0.2508858845078377
avian,all,PB1,PB1,711,0.13575007538132236
avian,all,PB1,PB1,714,-0.047004586522295035
avian,all,PB1,PB1,715,0.4472682374402709
avian,all,PB1,PB1,717,0.0114437995712392
avian,all,PB1,PB1,720,0.0516423333436033
avian,all,PB1,PB1,723,-0.08914055926381076
avian,all,PB1,PB1,726,-0.09017324533993978
avian,all,PB1,PB1,729,0.21207529872167566
avian,all,PB1,PB1,732,0.07039829301338196
avian,all,PB1,PB1,735,0.02154181425567617
avian,all,PB1,PB1,741,0.1011828569383224
avian,all,PB1,PB1,744,-0.06625905659909907
avian,all,PB1,PB1,747,-0.24352048865749693
avian,all,PB1,PB1,750,0.4783428267343299
avian,all,PB1,PB1,753,0.0007939703342743215
avian,all,PB1,PB1,756,-0.4049658996744179
avian,all,PB1,PB1,759,0.5206526239383668
avian,all,PB1,PB1,762,0.0949363175902961
avian,all,PB1,PB1,765,0.034457745718441644
avian,all,PB1,PB1,768,0.497517137866547
avian,all,PB1,PB1,771,-0.382477262793271
avian,all,PB1,PB1,772,-0.11578030793520368
avian,all,PB1,PB1,774,-0.09230438752697748
avian,all,PB1,PB1,777,0.012488093397431005
avian,all,PB1,PB1,780,-0.5925076207851329
avian,all,PB1,PB1,783,0.3011710803429484
avian,all,PB1,PB1,786,0.032149942341343433
avian,all,PB1,PB1,789,-0.6688922363370932
avian,all,PB1,PB1,792,-0.10554589758269727
avian,all,PB1,PB1,795,0.2656183777983359
avian,all,PB1,PB1,798,-0.2485190892029785
avian,all,PB1,PB1,801,-0.11393122494140001
avian,all,PB1,PB1,804,0.27661750242876354
avian,all,PB1,PB1,807,0.1709863257649436
avian,all,PB1,PB1,810,0.17661788905172754
avian,all,PB1,PB1,813,0.03664659405531914
avian,all,PB1,PB1,816,0.10255185919650434
avian,all,PB1,PB1,819,0.278076562012862
avian,all,PB1,PB1,822,0.15071765791778305
avian,all,PB1,PB1,825,0.3636489415504491
avian,all,PB1,PB1,828,-0.3252640085743643
avian,all,PB1,PB1,831,0.03280944922415982
avian,all,PB1,PB1,834,-0.2654239994206848
avian,all,PB1,PB1,837,0.2603600616619165
avian,all,PB1,PB1,840,0.14783699101928016
avian,all,PB1,PB1,843,0.06554366865328606
avian,all,PB1,PB1,844,-0.21318527842277651
avian,all,PB1,PB1,846,-0.366487475760313
avian,all,PB1,PB1,849,-0.2212470151972941
avian,all,PB1,PB1,852,0.15134203230203422
avian,all,PB1,PB1,855,0.5546443745237408
avian,all,PB1,PB1,858,-0.26052581117507956
avian,all,PB1,PB1,861,-0.14541980223118145
avian,all,PB1,PB1,864,0.15829733244506114
avian,all,PB1,PB1,873,0.05028333135048034
avian,all,PB1,PB1,876,0.1625338823081844
avian,all,PB1,PB1,879,0.10688208760206419
avian,all,PB1,PB1,882,0.29476585240541436
avian,all,PB1,PB1,885,-0.1276415282951684
avian,all,PB1,PB1,888,0.03793669229108115
avian,all,PB1,PB1,891,-0.04042956390681736
avian,all,PB1,PB1,894,-0.5078364588176921
avian,all,PB1,PB1,897,0.09327408243945308
avian,all,PB1,PB1,900,0.2952872381539241
avian,all,PB1,PB1,903,0.24157836154194542
avian,all,PB1,PB1,906,0.25894276027547725
avian,all,PB1,PB1,909,0.1129910877023852
avian,all,PB1,PB1,912,-0.04343149332986576
avian,all,PB1,PB1,915,0.19895453086892123
avian,all,PB1,PB1,918,0.16760357281153127
avian,all,PB1,PB1,921,-0.007813582915956019
avian,all,PB1,PB1,924,-0.05963269326359197
avian,all,PB1,PB1,930,0.07088245233562185
avian,all,PB1,PB1,933,0.11711958177710882
avian,all,PB1,PB1,936,0.04031850547859798
avian,all,PB1,PB1,939,-0.07448941140253068
avian,all,PB1,PB1,942,0.38689906910748695
avian,all,PB1,PB1,945,-0.28156263684762206
avian,all,PB1,PB1,946,-0.3223489234249949
avian,all,PB1,PB1,948,0.03282072989077296
avian,all,PB1,PB1,954,-0.015920638546805227
avian,all,PB1,PB1,955,0.6954537725632753
avian,all,PB1,PB1,957,0.07977850277977201
avian,all,PB1,PB1,960,-0.10857380151885128
avian,all,PB1,PB1,969,0.04280005745412026
avian,all,PB1,PB1,972,-0.14703659463520027
avian,all,PB1,PB1,975,-0.001011358632856017
avian,all,PB1,PB1,978,-0.24028634538706237
avian,all,PB1,PB1,981,-0.10481649069175791
avian,all,PB1,PB1,984,0.47568661227662545
avian,all,PB1,PB1,987,-0.1883167609397872
avian,all,PB1,PB1,990,0.389317837659922
avian,all,PB1,PB1,993,0.08649964726313322
avian,all,PB1,PB1,999,-0.3847890684543116
avian,all,PB1,PB1,1002,-0.36022834922661573
avian,all,PB1,PB1,1005,0.2742920632296681
avian,all,PB1,PB1,1008,0.38526055181198116
avian,all,PB1,PB1,1009,0.027175553849277126
avian,all,PB1,PB1,1011,0.08203856068250301
avian,all,PB1,PB1,1014,0.3678844043551467
avian,all,PB1,PB1,1017,0.07461309090789724
avian,all,PB1,PB1,1020,-0.07289733863116912
avian,all,PB1,PB1,1023,-0.4192179187783113
avian,all,PB1,PB1,1032,-0.14601358388557514
avian,all,PB1,PB1,1035,0.30824407365884904
avian,all,PB1,PB1,1038,0.2166948801033945
avian,all,PB1,PB1,1041,-0.0061686593423083205
avian,all,PB1,PB1,1047,-0.5776897002478728
avian,all,PB1,PB1,1050,0.18912048526786823
avian,all,PB1,PB1,1051,-0.17892749170438776
avian,all,PB1,PB1,1053,0.08626049823718737
avian,all,PB1,PB1,1056,0.6305487957715102
avian,all,PB1,PB1,1059,-0.2677328797458077
avian,all,PB1,PB1,1062,0.9221965146090185
avian,all,PB1,PB1,1065,-0.015754171129659853
avian,all,PB1,PB1,1071,0.04353159992024437
avian,all,PB1,PB1,1074,0.05964918839399616
avian,all,PB1,PB1,1077,0.051824108349023984
avian,all,PB1,PB1,1080,-0.10288500272968848
avian,all,PB1,PB1,1083,0.1936747488906472
avian,all,PB1,PB1,1089,0.5775228203629424
avian,all,PB1,PB1,1090,-0.38494403688157375
avian,all,PB1,PB1,1092,-0.13336558892302575
avian,all,PB1,PB1,1093,-0.3311665427130273
avian,all,PB1,PB1,1095,0.06805962565232533
avian,all,PB1,PB1,1098,-0.19704556881204402
avian,all,PB1,PB1,1101,0.3038281869383863
avian,all,PB1,PB1,1107,0.7989854075956663
avian,all,PB1,PB1,1110,-0.06972014161141506
avian,all,PB1,PB1,1113,0.26989262858039403
avian,all,PB1,PB1,1117,-1.8851571161648077
avian,all,PB1,PB1,1119,-0.50202284308888
avian,all,PB1,PB1,1122,0.009634508497313687
avian,all,PB1,PB1,1125,0.16773674172262576
avian,all,PB1,PB1,1128,0.6087041934244152
avian,all,PB1,PB1,1131,-0.05212991469524059
avian,all,PB1,PB1,1132,-0.3919121110529249
avian,all,PB1,PB1,1134,0.1379641502128025
avian,all,PB1,PB1,1137,0.010038745547907672
avian,all,PB1,PB1,1140,0.44405575254324336
avian,all,PB1,PB1,1143,-0.20002846452154383
avian,all,PB1,PB1,1146,0.10573422362862525
avian,all,PB1,PB1,1149,0.08152078329842696
avian,all,PB1,PB1,1152,0.04591155295697054
avian,all,PB1,PB1,1155,-0.2064756809493825
avian,all,PB1,PB1,1158,0.047695741433054065
avian,all,PB1,PB1,1161,-0.9444889915865146
avian,all,PB1,PB1,1164,-0.46048655011348133
avian,all,PB1,PB1,1167,0.182022003660445
avian,all,PB1,PB1,1170,0.42863376559925065
avian,all,PB1,PB1,1173,0.5280143596825391
avian,all,PB1,PB1,1179,-0.23420663741672565
avian,all,PB1,PB1,1182,-0.18860270956230088
avian,all,PB1,PB1,1183,-0.19954974864279637
avian,all,PB1,PB1,1185,-0.140628823547001
avian,all,PB1,PB1,1186,0.6274224511834523
avian,all,PB1,PB1,1188,-0.0934580485691538
avian,all,PB1,PB1,1194,0.3072949140955869
avian,all,PB1,PB1,1197,0.24117842503320108
avian,all,PB1,PB1,1200,0.26177714509743605
avian,all,PB1,PB1,1203,0.10331524488581446
avian,all,PB1,PB1,1206,0.3600673847908057
avian,all,PB1,PB1,1207,0.20911703857504021
avian,all,PB1,PB1,1209,-0.5774345481316597
avian,all,PB1,PB1,1212,0.4823496980014253
avian,all,PB1,PB1,1215,0.1682519844520146
avian,all,PB1,PB1,1218,0.48419194407539357
avian,all,PB1,PB1,1230,0.0428719324378156
avian,all,PB1,PB1,1236,0.07820383355242527
avian,all,PB1,PB1,1239,0.4640715074438329
avian,all,PB1,PB1,1243,-0.1339534474913871
avian,all,PB1,PB1,1245,-0.07311790151925986
avian,all,PB1,PB1,1248,0.16104842347125048
avian,all,PB1,PB1,1251,0.49764396955581514
avian,all,PB1,PB1,1254,0.35484817164185256
avian,all,PB1,PB1,1255,-0.13401675569824437
avian,all,PB1,PB1,1257,0.08908193413815932
avian,all,PB1,PB1,1260,-0.49557463939314994
avian,all,PB1,PB1,1263,0.17043466292599221
avian,all,PB1,PB1,1266,-0.0908641460601865
avian,all,PB1,PB1,1269,-0.06549338948802738
avian,all,PB1,PB1,1270,-0.5070098120533107
avian,all,PB1,PB1,1272,-0.16480172953591027
avian,all,PB1,PB1,1275,0.016583825567674428
avian,all,PB1,PB1,1276,0.16671120359472794
avian,all,PB1,PB1,1278,0.12365424666279705
avian,all,PB1,PB1,1281,0.23183751443418665
avian,all,PB1,PB1,1284,0.2851259039646883
avian,all,PB1,PB1,1287,0.19309126987592348
avian,all,PB1,PB1,1290,0.26969691918787086
avian,all,PB1,PB1,1293,-0.352823112316831
avian,all,PB1,PB1,1296,-0.2377865847230317
avian,all,PB1,PB1,1299,-0.17909149984675937
avian,all,PB1,PB1,1302,0.4439113140520675
avian,all,PB1,PB1,1305,0.4883841995911937
avian,all,PB1,PB1,1308,-0.323707853249027
avian,all,PB1,PB1,1317,0.11489800947787826
avian,all,PB1,PB1,1320,0.21339566519462172
avian,all,PB1,PB1,1323,-0.04768275273420143
avian,all,PB1,PB1,1326,0.08053170554768464
avian,all,PB1,PB1,1329,0.09924337727912982
avian,all,PB1,PB1,1332,0.35703101720698144
avian,all,PB1,PB1,1335,-0.07415379307235322
avian,all,PB1,PB1,1338,0.18609305668252743
avian,all,PB1,PB1,1341,0.041193396560725605
avian,all,PB1,PB1,1344,-0.20032318719453063
avian,all,PB1,PB1,1347,-0.10611553745992129
avian,all,PB1,PB1,1350,0.9813033690156863
avian,all,PB1,PB1,1353,-0.22666334052069814
avian,all,PB1,PB1,1356,0.10644729034046217
avian,all,PB1,PB1,1359,0.38014264721963675
avian,all,PB1,PB1,1362,-0.48632478248274286
avian,all,PB1,PB1,1365,0.11348190390587914
avian,all,PB1,PB1,1368,0.21763306357910459
avian,all,PB1,PB1,1371,-0.5684413164825173
avian,all,PB1,PB1,1374,0.10595305715977045
avian,all,PB1,PB1,1380,0.6823226658423424
avian,all,PB1,PB1,1383,0.2901538139669469
avian,all,PB1,PB1,1386,0.48111623564014255
avian,all,PB1,PB1,1389,0.19840217914340164
avian,all,PB1,PB1,1392,-0.4265994234064845
avian,all,PB1,PB1,1395,-0.3319879143577573
avian,all,PB1,PB1,1398,-0.0758355333751461
avian,all,PB1,PB1,1401,-0.32477316419280294
avian,all,PB1,PB1,1404,-0.09031920536461768
avian,all,PB1,PB1,1407,-0.11648899616894948
avian,all,PB1,PB1,1410,-0.012632145991294566
avian,all,PB1,PB1,1413,0.03806399953574973
avian,all,PB1,PB1,1414,-0.09046786552932382
avian,all,PB1,PB1,1416,-0.004853468350055956
avian,all,PB1,PB1,1419,0.062182956176099057
avian,all,PB1,PB1,1422,0.26361527714150335
avian,all,PB1,PB1,1425,0.24667042585814317
avian,all,PB1,PB1,1428,0.19895082938425676
avian,all,PB1,PB1,1434,0.058735254277074815
avian,all,PB1,PB1,1437,-0.1436170112623894
avian,all,PB1,PB1,1440,-0.9599679580413081
avian,all,PB1,PB1,1443,-0.19121233273282054
avian,all,PB1,PB1,1446,-0.32843408235047655
avian,all,PB1,PB1,1449,0.441810498355064
avian,all,PB1,PB1,1455,-0.13406796517275496
avian,all,PB1,PB1,1456,-0.28567339619376564
avian,all,PB1,PB1,1458,0.349090756113713
avian,all,PB1,PB1,1461,0.12120876215798221
avian,all,PB1,PB1,1464,0.2832655669211014
avian,all,PB1,PB1,1467,-0.12666392037728857
avian,all,PB1,PB1,1470,0.1128099092463896
avian,all,PB1,PB1,1473,0.09190173985588412
avian,all,PB1,PB1,1476,-0.22198016936660717
avian,all,PB1,PB1,1479,-0.21799090411012012
avian,all,PB1,PB1,1482,0.11144873285082414
avian,all,PB1,PB1,1485,-0.220154377234709
avian,all,PB1,PB1,1488,-0.17747566495360498
avian,all,PB1,PB1,1491,0.20003682163968245
avian,all,PB1,PB1,1494,0.121478915399194
avian,all,PB1,PB1,1497,0.051136699790412514
avian,all,PB1,PB1,1500,0.33975683531916256
avian,all,PB1,PB1,1503,0.14310795873383061
avian,all,PB1,PB1,1506,-0.13486642520510228
avian,all,PB1,PB1,1509,-0.03048908870029499
avian,all,PB1,PB1,1512,0.5631436605565338
avian,all,PB1,PB1,1515,-0.33411120220915974
avian,all,PB1,PB1,1518,0.09443590763253734
avian,all,PB1,PB1,1524,0.569382096227894
avian,all,PB1,PB1,1525,-0.1483933879440743
avian,all,PB1,PB1,1527,0.06864870694596242
avian,all,PB1,PB1,1530,-0.042605154223328334
avian,all,PB1,PB1,1533,0.5764273226583774
avian,all,PB1,PB1,1536,0.15565404433578145
avian,all,PB1,PB1,1539,0.6869021502540168
avian,all,PB1,PB1,1542,0.14085137163084757
avian,all,PB1,PB1,1545,0.3210135503081088
avian,all,PB1,PB1,1548,-0.06385194958537695
avian,all,PB1,PB1,1551,-0.05294581035696758
avian,all,PB1,PB1,1554,0.003220902936647329
avian,all,PB1,PB1,1557,0.26915249388400797
avian,all,PB1,PB1,1560,0.23024473751460503
avian,all,PB1,PB1,1563,0.09476332490738645
avian,all,PB1,PB1,1566,-0.22611670888638172
avian,all,PB1,PB1,1572,-0.4326224575465613
avian,all,PB1,PB1,1575,-0.03740892675755413
avian,all,PB1,PB1,1578,0.24898605122492543
avian,all,PB1,PB1,1581,0.5057135103492582
avian,all,PB1,PB1,1584,0.32149088897846645
avian,all,PB1,PB1,1587,0.2507261580417336
avian,all,PB1,PB1,1593,0.10472211142127143
avian,all,PB1,PB1,1596,-0.30738431107140757
avian,all,PB1,PB1,1599,0.021787170787900427
avian,all,PB1,PB1,1608,0.3867730755075441
avian,all,PB1,PB1,1611,0.186972268258839
avian,all,PB1,PB1,1614,0.07957863614991058
avian,all,PB1,PB1,1617,-0.055094101044685616
avian,all,PB1,PB1,1620,0.3527654821671469
avian,all,PB1,PB1,1623,0.21547156262574635
avian,all,PB1,PB1,1626,0.5839639745998154
avian,all,PB1,PB1,1629,0.19304091511715027
avian,all,PB1,PB1,1632,-0.42992909355066034
avian,all,PB1,PB1,1635,-0.24776775649231886
avian,all,PB1,PB1,1641,-0.5218639720303211
avian,all,PB1,PB1,1644,0.12874809785208485
avian,all,PB1,PB1,1647,-0.18027962039833345
avian,all,PB1,PB1,1648,-0.5952309101017623
avian,all,PB1,PB1,1650,-0.6910996464240795
avian,all,PB1,PB1,1653,-0.6270782805414399
avian,all,PB1,PB1,1656,-0.21695033877142947
avian,all,PB1,PB1,1659,0.10136221281730359
avian,all,PB1,PB1,1662,0.015184757896589296
avian,all,PB1,PB1,1665,-0.19066879312795323
avian,all,PB1,PB1,1668,-0.15774564988534617
avian,all,PB1,PB1,1671,-0.5912187017826532
avian,all,PB1,PB1,1674,-0.03645633057543716
avian,all,PB1,PB1,1677,-0.2187895908274617
avian,all,PB1,PB1,1678,-0.11664745664187627
avian,all,PB1,PB1,1680,-0.06278729919106749
avian,all,PB1,PB1,1683,0.11895824468567934
avian,all,PB1,PB1,1686,0.31635635583629673
avian,all,PB1,PB1,1689,-0.08042276435879507
avian,all,PB1,PB1,1692,-0.0008694180707123356
avian,all,PB1,PB1,1695,0.2517784066107612
avian,all,PB1,PB1,1698,-0.10996228778742582
avian,all,PB1,PB1,1701,-0.27355604111967186
avian,all,PB1,PB1,1704,0.20080921426759515
avian,all,PB1,PB1,1707,0.25240583616072176
avian,all,PB1,PB1,1710,0.06244369636343639
avian,all,PB1,PB1,1713,-0.5445762204104586
avian,all,PB1,PB1,1716,-0.2480253390298154
avian,all,PB1,PB1,1719,-0.05453398084487204
avian,all,PB1,PB1,1722,-0.08957893589308275
avian,all,PB1,PB1,1725,-0.0878552610201582
avian,all,PB1,PB1,1726,0.3744134913303212
avian,all,PB1,PB1,1728,-0.24995707565366418
avian,all,PB1,PB1,1731,-0.11120358420247557
avian,all,PB1,PB1,1734,0.4717841131328152
avian,all,PB1,PB1,1735,-0.07449441853128848
avian,all,PB1,PB1,1737,0.2060601999777911
avian,all,PB1,PB1,1743,0.048713318810280855
avian,all,PB1,PB1,1746,0.08097711869946989
avian,all,PB1,PB1,1749,-0.45420081211374763
avian,all,PB1,PB1,1752,0.05937804588347307
avian,all,PB1,PB1,1755,-0.11776617648248636
avian,all,PB1,PB1,1758,0.24063756785236634
avian,all,PB1,PB1,1761,0.23611680107059158
avian,all,PB1,PB1,1764,0.1882251551215794
avian,all,PB1,PB1,1765,-0.4661837007580686
avian,all,PB1,PB1,1767,-0.4557901183039883
avian,all,PB1,PB1,1768,0.1622880116173613
avian,all,PB1,PB1,1770,-0.2565506413390316
avian,all,PB1,PB1,1773,0.13115477499463843
avian,all,PB1,PB1,1776,0.4803058959663462
avian,all,PB1,PB1,1779,0.2981258829260322
avian,all,PB1,PB1,1782,0.2823655588504229
avian,all,PB1,PB1,1785,0.0912343578680508
avian,all,PB1,PB1,1788,0.22767873068427177
avian,all,PB1,PB1,1791,0.26844769131845037
avian,all,PB1,PB1,1792,0.03409443055770396
avian,all,PB1,PB1,1794,-0.3771522721047423
avian,all,PB1,PB1,1797,0.17255635915405143
avian,all,PB1,PB1,1800,0.012132885100903379
avian,all,PB1,PB1,1803,0.07497066012994053
avian,all,PB1,PB1,1804,-0.30971598553164886
avian,all,PB1,PB1,1806,-0.3822448145696634
avian,all,PB1,PB1,1809,0.10047898939282775
avian,all,PB1,PB1,1812,0.11264518005244303
avian,all,PB1,PB1,1815,0.14200303937488773
avian,all,PB1,PB1,1818,0.5541989625098933
avian,all,PB1,PB1,1821,0.14218497660207097
avian,all,PB1,PB1,1824,0.08287896203125777
avian,all,PB1,PB1,1827,0.0339849728682092
avian,all,PB1,PB1,1830,-0.06067065382308486
avian,all,PB1,PB1,1831,0.10769771683821304
avian,all,PB1,PB1,1833,-0.1194305109164376
avian,all,PB1,PB1,1836,0.47533220448179214
avian,all,PB1,PB1,1842,-0.03686182779574396
avian,all,PB1,PB1,1843,0.13137074922108344
avian,all,PB1,PB1,1845,0.1023316735486267
avian,all,PB1,PB1,1851,-0.055576065274353284
avian,all,PB1,PB1,1854,-0.17191505171695468
avian,all,PB1,PB1,1857,-0.01884539722302582
avian,all,PB1,PB1,1860,0.18786752077083596
avian,all,PB1,PB1,1863,0.2258602547249381
avian,all,PB1,PB1,1866,-0.11488812827500665
avian,all,PB1,PB1,1869,0.050866472181071196
avian,all,PB1,PB1,1870,-0.1299810431005362
avian,all,PB1,PB1,1872,-0.16767822922065584
avian,all,PB1,PB1,1875,0.3727821981395959
avian,all,PB1,PB1,1878,0.6050817447053193
avian,all,PB1,PB1,1881,-0.0059809411551059455
avian,all,PB1,PB1,1882,-0.35339830361503866
avian,all,PB1,PB1,1884,-0.1661401885662045
avian,all,PB1,PB1,1887,0.4534822105792389
avian,all,PB1,PB1,1890,0.022841913333273067
avian,all,PB1,PB1,1893,0.08638923438538616
avian,all,PB1,PB1,1896,-0.12184989117759988
avian,all,PB1,PB1,1899,0.1302880987354444
avian,all,PB1,PB1,1902,-0.05391578131317422
avian,all,PB1,PB1,1905,-0.16921630674501847
avian,all,PB1,PB1,1908,-0.11877583282723186
avian,all,PB1,PB1,1911,0.008311567525033828
avian,all,PB1,PB1,1914,-0.3218485384966683
avian,all,PB1,PB1,1917,-0.09963500098949563
avian,all,PB1,PB1,1920,0.06418509960490718
avian,all,PB1,PB1,1923,-0.2357182310301031
avian,all,PB1,PB1,1926,0.05702943404319125
avian,all,PB1,PB1,1929,0.5824819592727383
avian,all,PB1,PB1,1932,-0.05289557347040273
avian,all,PB1,PB1,1935,-0.06026340224828597
avian,all,PB1,PB1,1941,0.5581561044662254
avian,all,PB1,PB1,1944,0.08844662189387284
avian,all,PB1,PB1,1947,0.18488710529646185
avian,all,PB1,PB1,1950,0.3084297871602896
avian,all,PB1,PB1,1953,0.1973153865915186
avian,all,PB1,PB1,1956,0.11994960659545491
avian,all,PB1,PB1,1959,-0.6319545855359656
avian,all,PB1,PB1,1962,0.12655049146398073
avian,all,PB1,PB1,1968,-0.2293919544061559
avian,all,PB1,PB1,1971,0.02049535554828579
avian,all,PB1,PB1,1974,-0.04713750113463502
avian,all,PB1,PB1,1977,0.24526231780233942
avian,all,PB1,PB1,1980,0.1633621552350675
avian,all,PB1,PB1,1983,0.009283601444982713
avian,all,PB1,PB1,1986,0.14782605663237802
avian,all,PB1,PB1,1989,0.18219626386280388
avian,all,PB1,PB1,1992,0.1557673573390394
avian,all,PB1,PB1,1995,-0.011335041180950084
avian,all,PB1,PB1,2001,0.31425736862767867
avian,all,PB1,PB1,2004,0.017187592934362162
avian,all,PB1,PB1,2007,0.25250908296400004
avian,all,PB1,PB1,2010,-0.3817317643335189
avian,all,PB1,PB1,2013,-0.2931601674898102
avian,all,PB1,PB1,2016,0.23410033746661182
avian,all,PB1,PB1,2019,-0.08441450837505517
avian,all,PB1,PB1,2022,0.2696211273682192
avian,all,PB1,PB1,2025,-0.05716077345556522
avian,all,PB1,PB1,2028,0.2135006922584076
avian,all,PB1,PB1,2031,0.17266165609075035
avian,all,PB1,PB1,2034,0.19101142872245608
avian,all,PB1,PB1,2037,-0.15220849752773058
avian,all,PB1,PB1,2040,-0.7672911354108277
avian,all,PB1,PB1,2043,-0.03272930645235862
avian,all,PB1,PB1,2046,0.18034322268553596
avian,all,PB1,PB1,2049,-0.2005842625883242
avian,all,PB1,PB1,2052,-0.07128823963998748
avian,all,PB1,PB1,2055,0.15566032914538108
avian,all,PB1,PB1,2058,-0.24984994504917588
avian,all,PB1,PB1,2061,-0.6435823991212875
avian,all,PB1,PB1,2067,-0.1082421541311474
avian,all,PB1,PB1,2070,-0.2939802504882586
avian,all,PB1,PB1,2073,-0.10300280584917855
avian,all,PB1,PB1,2076,0.31482258356301107
avian,all,PB1,PB1,2079,-0.5401671883626792
avian,all,PB1,PB1,2082,0.21285796951849187
avian,all,PB1,PB1,2083,-0.008419919467830628
avian,all,PB1,PB1,2085,0.027230000291697226
avian,all,PB1,PB1,2088,0.14448068468883699
avian,all,PB1,PB1,2091,-0.6595043940806666
avian,all,PB1,PB1,2094,0.2404129374969844
avian,all,PB1,PB1,2097,0.12669121016730028
avian,all,PB1,PB1,2100,0.6556259870604974
avian,all,PB1,PB1,2103,-0.14231327370324345
avian,all,PB1,PB1,2106,-0.0381600288952402
avian,all,PB1,PB1,2109,0.271573757437172
avian,all,PB1,PB1,2112,0.27095593799137024
avian,all,PB1,PB1,2115,0.1611795497400403
avian,all,PB1,PB1,2118,-0.4176757891210555
avian,all,PB1,PB1,2121,-0.2082613180646651
avian,all,PB1,PB1,2124,0.3268558799129023
avian,all,PB1,PB1,2127,-0.27381104859821076
avian,all,PB1,PB1,2130,0.6510130260361418
avian,all,PB1,PB1,2133,0.24099743722677847
avian,all,PB1,PB1,2136,-0.09100437609238832
avian,all,PB1,PB1,2139,0.22876718445734961
avian,all,PB1,PB1,2145,-0.3655272939099118
avian,all,PB1,PB1,2148,-2.676324570825445
avian,all,PB1,PB1,2151,-0.49640798357183824
avian,all,PB1,PB1,2157,-0.07866371354313405
avian,all,PB1,PB1,2160,-0.5983736547239712
avian,all,PB1,PB1,2163,-1.6227273469712669
avian,all,PB1,PB1,2166,-1.203008605315113
avian,all,PB1,PB1,2167,-0.46410825006017253
avian,all,PB1,PB1,2169,-0.703562527730767
avian,all,PB1,PB1,2172,-0.9578383750320157
avian,all,PB1,PB1,2175,0.16128896236648554
avian,all,PB1,PB1,2178,0.060134604431885175
avian,all,PB1,PB1,2179,-0.5776470848587483
avian,all,PB1,PB1,2181,0.02640908051878223
avian,all,PB1,PB1,2184,-0.14111087414473888
avian,all,PB1,PB1,2187,0.16937328364220694
avian,all,PB1,PB1,2190,-0.24988950758168463
avian,all,PB1,PB1,2193,-0.15605308782198912
avian,all,PB1,PB1,2196,-0.7016303047598539
avian,all,PB1,PB1,2199,-0.25611862275204667
avian,all,PB1,PB1,2200,-0.022159279377252046
avian,all,PB1,PB1,2202,-1.6767311649765007
avian,all,PB1,PB1,2205,0.4494833541103219
avian,all,PB1,PB1,2208,-0.9711104977016379
avian,all,PB1,PB1,2211,0.4209066596047787
avian,all,PB1,PB1,2214,0.057068145412266
avian,all,PB1,PB1,2217,-0.9346762296213166
avian,all,PB1,PB1,2220,-0.19639136175311364
avian,all,PB1,PB1,2223,-0.7214112604238794
avian,all,PB1,PB1,2226,-2.7249666210576358
avian,all,PB1,PB1,2229,-2.2946468556635407
avian,all,PB1,PB1,2235,-2.9272792218970527
avian,all,PB1,PB1,2238,-2.615646341146449
avian,all,PB1,PB1,2241,-0.6740525265213648
avian,all,PB1,PB1,2244,-0.7647863828066132
avian,all,PB1,PB1,2247,-3.3535948585666198
avian,all,PB1,PB1,2250,-1.9554032381781412
avian,all,PB1,PB1,2253,-1.5981640027875554
avian,all,PB1,PB1,2256,-0.27803132630725275
avian,all,PB1,PB1,2259,-1.5587369661236705
avian,all,PB1,PB1,2262,-3.819827298976131
avian,all,PB1,PB1,2263,-4.368791784240808
avian,all,PB1,PB1,2265,-3.0731292408403608
avian,all,PB1,PB1,2268,0.18696667896759941
avian,all,PB1,PB1,2271,0.33331528552040096
avian,all,PB2,PB2,6,0.9927838458950962
avian,all,PB2,PB2,9,-0.7076173307843419
avian,all,PB2,PB2,15,-0.07453579375411083
avian,all,PB2,PB2,18,0.030025778145889546
avian,all,PB2,PB2,19,0.5433534967567806
avian,all,PB2,PB2,21,-0.2761536997436874
avian,all,PB2,PB2,24,-0.7370715098624824
avian,all,PB2,PB2,27,-0.31900485807156365
avian,all,PB2,PB2,28,0.13731131510178352
avian,all,PB2,PB2,30,0.17305941086284946
avian,all,PB2,PB2,36,0.24990807070000487
avian,all,PB2,PB2,39,-0.47319441613468205
avian,all,PB2,PB2,42,0.06308402240460463
avian,all,PB2,PB2,45,-2.2591288694379323
avian,all,PB2,PB2,48,0.5241124459134482
avian,all,PB2,PB2,51,-1.9778639713572719
avian,all,PB2,PB2,54,-2.2818657211256976
avian,all,PB2,PB2,58,-1.3079327835260302
avian,all,PB2,PB2,60,-0.1534742816445953
avian,all,PB2,PB2,63,-0.497806872801814
avian,all,PB2,PB2,66,0.07868257660307304
avian,all,PB2,PB2,69,-0.5105900266361282
avian,all,PB2,PB2,72,-0.03386484116002776
avian,all,PB2,PB2,75,-0.2032470361612753
avian,all,PB2,PB2,78,-1.1599634370488365
avian,all,PB2,PB2,81,0.1681506924590455
avian,all,PB2,PB2,87,-0.10337853897018695
avian,all,PB2,PB2,90,1.2586640046764552
avian,all,PB2,PB2,93,0.13073943082439327
avian,all,PB2,PB2,96,-0.3271527468557861
avian,all,PB2,PB2,99,-0.03261365830263306
avian,all,PB2,PB2,102,-0.015010200449021988
avian,all,PB2,PB2,105,0.20651934450638007
avian,all,PB2,PB2,108,0.1264641075143526
avian,all,PB2,PB2,111,-0.19203658109188634
avian,all,PB2,PB2,114,0.05329629984250847
avian,all,PB2,PB2,117,-0.22689868006617206
avian,all,PB2,PB2,120,0.2151381079470172
avian,all,PB2,PB2,123,-0.2309178696716543
avian,all,PB2,PB2,126,-0.1955370820186002
avian,all,PB2,PB2,129,0.30031803108095345
avian,all,PB2,PB2,132,0.18144662735646622
avian,all,PB2,PB2,135,-0.3334863005681125
avian,all,PB2,PB2,138,-0.25793056185032204
avian,all,PB2,PB2,144,0.12156344977034794
avian,all,PB2,PB2,156,0.12718670345068017
avian,all,PB2,PB2,162,-0.06765458655834314
avian,all,PB2,PB2,165,-0.10467249948925694
avian,all,PB2,PB2,168,0.06345813167060181
avian,all,PB2,PB2,171,-0.012457862815710763
avian,all,PB2,PB2,174,-0.1325775152263055
avian,all,PB2,PB2,177,0.05670013881810537
avian,all,PB2,PB2,180,0.08223476175576055
avian,all,PB2,PB2,183,-0.4942136227277776
avian,all,PB2,PB2,184,0.4579077154970072
avian,all,PB2,PB2,186,-0.049497821822816215
avian,all,PB2,PB2,195,-0.2838459519218354
avian,all,PB2,PB2,201,0.005086943931998988
avian,all,PB2,PB2,204,0.0067617764022749605
avian,all,PB2,PB2,207,0.16972311057043177
avian,all,PB2,PB2,210,-0.26076176794849715
avian,all,PB2,PB2,213,0.439438352712534
avian,all,PB2,PB2,216,0.010463788692070625
avian,all,PB2,PB2,219,-0.12715158142135286
avian,all,PB2,PB2,222,-0.09252242719713406
avian,all,PB2,PB2,225,0.46428278674538415
avian,all,PB2,PB2,228,-0.33004655205568584
avian,all,PB2,PB2,231,-0.11085168767045693
avian,all,PB2,PB2,237,-0.3428033324416367
avian,all,PB2,PB2,240,-0.22465576817592287
avian,all,PB2,PB2,243,-0.2336099127767852
avian,all,PB2,PB2,246,-0.15525937998656578
avian,all,PB2,PB2,249,0.3401081505848832
avian,all,PB2,PB2,252,0.18196713651558638
avian,all,PB2,PB2,255,0.2799624552069714
avian,all,PB2,PB2,258,0.18643912555335113
avian,all,PB2,PB2,261,0.07452905196067258
avian,all,PB2,PB2,262,0.4452901775658255
avian,all,PB2,PB2,264,-0.18649647727896804
avian,all,PB2,PB2,267,-0.19833176035464528
avian,all,PB2,PB2,273,0.0018588939517808212
avian,all,PB2,PB2,276,0.0729773516354141
avian,all,PB2,PB2,279,-0.11318276405176297
avian,all,PB2,PB2,280,-0.2730890720896671
avian,all,PB2,PB2,282,-0.14033824446502674
avian,all,PB2,PB2,285,0.487603060479318
avian,all,PB2,PB2,288,0.09120023866733196
avian,all,PB2,PB2,291,-0.40273119068501595
avian,all,PB2,PB2,300,-0.09257097886472568
avian,all,PB2,PB2,303,-0.041766684696880496
avian,all,PB2,PB2,306,0.20724152112071775
avian,all,PB2,PB2,309,0.40258055164207895
avian,all,PB2,PB2,312,0.17713002694589441
avian,all,PB2,PB2,315,-0.026490250006847835
avian,all,PB2,PB2,318,-0.08264448546975768
avian,all,PB2,PB2,321,0.4387779463851068
avian,all,PB2,PB2,324,0.22991259164914457
avian,all,PB2,PB2,327,0.09413107762246034
avian,all,PB2,PB2,330,0.04105515495166235
avian,all,PB2,PB2,333,0.012997745499011115
avian,all,PB2,PB2,336,0.0391694385807382
avian,all,PB2,PB2,339,-0.3447036830489264
avian,all,PB2,PB2,342,-0.0788874987282423
avian,all,PB2,PB2,345,0.253573859057889
avian,all,PB2,PB2,348,0.3491741225977171
avian,all,PB2,PB2,351,-0.11262641044604166
avian,all,PB2,PB2,354,-0.1738462885875533
avian,all,PB2,PB2,357,-0.286241416919755
avian,all,PB2,PB2,360,-0.33061806020661344
avian,all,PB2,PB2,363,0.5636923921337385
avian,all,PB2,PB2,366,0.1575548616089263
avian,all,PB2,PB2,369,0.013373473551846694
avian,all,PB2,PB2,372,0.0807660797800879
avian,all,PB2,PB2,373,-0.1503026945501166
avian,all,PB2,PB2,375,0.25466627942768866
avian,all,PB2,PB2,378,0.021744525994354526
avian,all,PB2,PB2,381,0.009288178906045927
avian,all,PB2,PB2,384,-0.4068411361514305
avian,all,PB2,PB2,387,-0.12570807362050182
avian,all,PB2,PB2,390,0.03824546454705022
avian,all,PB2,PB2,393,0.25341964106135867
avian,all,PB2,PB2,396,-0.3409043204194651
avian,all,PB2,PB2,399,0.5144936621084301
avian,all,PB2,PB2,402,0.012070149357241267
avian,all,PB2,PB2,405,0.06866074252061953
avian,all,PB2,PB2,406,-0.4703033198521769
avian,all,PB2,PB2,408,-0.046448247153521124
avian,all,PB2,PB2,411,-0.08113744278289846
avian,all,PB2,PB2,414,-0.18455224903032322
avian,all,PB2,PB2,417,0.6077219206899803
avian,all,PB2,PB2,420,0.09241253910132431
avian,all,PB2,PB2,426,-0.19767620313823664
avian,all,PB2,PB2,427,-0.04954722659295393
avian,all,PB2,PB2,429,-0.32059146369743674
avian,all,PB2,PB2,432,-0.1709584355511637
avian,all,PB2,PB2,435,0.23214621435770552
avian,all,PB2,PB2,438,0.15880389862801922
avian,all,PB2,PB2,444,0.25972321636733703
avian,all,PB2,PB2,447,0.304042993027066
avian,all,PB2,PB2,450,0.16874294843044443
avian,all,PB2,PB2,453,0.42311156727593435
avian,all,PB2,PB2,456,-0.3650365951533384
avian,all,PB2,PB2,459,0.05411292110607265
avian,all,PB2,PB2,462,-0.15677299796080552
avian,all,PB2,PB2,465,0.2709759732979407
avian,all,PB2,PB2,468,0.0011873793973983064
avian,all,PB2,PB2,471,0.20804417836577013
avian,all,PB2,PB2,474,-0.33335562715794126
avian,all,PB2,PB2,477,0.16140020372717867
avian,all,PB2,PB2,480,-0.034266626698279734
avian,all,PB2,PB2,483,-0.12704193913462897
avian,all,PB2,PB2,486,-0.25491832956929483
avian,all,PB2,PB2,489,0.08708274220587459
avian,all,PB2,PB2,495,-0.11586924249449598
avian,all,PB2,PB2,498,0.27382275111757937
avian,all,PB2,PB2,501,0.01629464191299059
avian,all,PB2,PB2,504,0.4543726631661742
avian,all,PB2,PB2,507,-0.20206119569099495
avian,all,PB2,PB2,510,0.2877645012328217
avian,all,PB2,PB2,513,0.47959855620730485
avian,all,PB2,PB2,516,-0.07126102589596632
avian,all,PB2,PB2,519,0.45577513466470143
avian,all,PB2,PB2,522,-0.42563332180027413
avian,all,PB2,PB2,523,1.0058833986974542
avian,all,PB2,PB2,525,-0.3145695896918689
avian,all,PB2,PB2,529,-0.016250895175963807
avian,all,PB2,PB2,531,0.13023010289350342
avian,all,PB2,PB2,534,0.2229576311204644
avian,all,PB2,PB2,537,-0.02254384547148765
avian,all,PB2,PB2,540,0.18511425607522142
avian,all,PB2,PB2,543,-0.15935658454121565
avian,all,PB2,PB2,546,-0.27122707577985095
avian,all,PB2,PB2,547,0.05892775812115671
avian,all,PB2,PB2,549,0.14364338471703383
avian,all,PB2,PB2,552,-0.21014489967526304
avian,all,PB2,PB2,558,0.21486973859320654
avian,all,PB2,PB2,561,0.24732414136452816
avian,all,PB2,PB2,564,0.09503860514888221
avian,all,PB2,PB2,567,-0.2555872149668219
avian,all,PB2,PB2,570,0.7085731559239549
avian,all,PB2,PB2,573,0.13083164645982068
avian,all,PB2,PB2,576,-0.16720658570351357
avian,all,PB2,PB2,579,0.0012672241599523404
avian,all,PB2,PB2,582,-0.05228609772848286
avian,all,PB2,PB2,585,-0.1396629834485598
avian,all,PB2,PB2,588,-0.016456731279063507
avian,all,PB2,PB2,591,-0.06040326271202038
avian,all,PB2,PB2,594,0.26831473904978714
avian,all,PB2,PB2,597,-0.07226318359026254
avian,all,PB2,PB2,600,-0.0003561955737267129
avian,all,PB2,PB2,601,-0.5411346353912719
avian,all,PB2,PB2,603,-0.23112031942264458
avian,all,PB2,PB2,609,-0.4569168131464595
avian,all,PB2,PB2,612,0.4009460604444099
avian,all,PB2,PB2,615,0.5173638878023266
avian,all,PB2,PB2,619,0.2134418207290118
avian,all,PB2,PB2,621,-0.22927403358283105
avian,all,PB2,PB2,624,0.07336094743584566
avian,all,PB2,PB2,627,0.14986554677226144
avian,all,PB2,PB2,630,0.20942230410407806
avian,all,PB2,PB2,631,-0.17339028994598785
avian,all,PB2,PB2,633,0.009398555602197864
avian,all,PB2,PB2,636,-0.08527999837430736
avian,all,PB2,PB2,639,0.3256644758015498
avian,all,PB2,PB2,642,0.22292209571844002
avian,all,PB2,PB2,645,-0.19086762232226887
avian,all,PB2,PB2,648,-0.3747537633797675
avian,all,PB2,PB2,651,0.0033562122268210592
avian,all,PB2,PB2,652,-0.14586225970512384
avian,all,PB2,PB2,654,-0.6870383162106654
avian,all,PB2,PB2,657,0.27379332955549696
avian,all,PB2,PB2,660,0.21065538434232273
avian,all,PB2,PB2,663,0.32029304647248696
avian,all,PB2,PB2,666,-0.08328054142775491
avian,all,PB2,PB2,669,0.3928410105613662
avian,all,PB2,PB2,672,0.14043010559217098
avian,all,PB2,PB2,675,-0.40077888391786204
avian,all,PB2,PB2,678,0.3621149627561324
avian,all,PB2,PB2,681,0.32535010410599086
avian,all,PB2,PB2,684,0.09514279187674357
avian,all,PB2,PB2,687,-0.0058573427966997675
avian,all,PB2,PB2,690,0.1938882803970184
avian,all,PB2,PB2,693,0.06496116678387305
avian,all,PB2,PB2,694,-0.023451704673987078
avian,all,PB2,PB2,696,0.4240839448118826
avian,all,PB2,PB2,699,0.017511464534850738
avian,all,PB2,PB2,700,0.014535813020870774
avian,all,PB2,PB2,702,-0.19094150952556704
avian,all,PB2,PB2,705,-0.11237052335516112
avian,all,PB2,PB2,708,-0.06926468331133306
avian,all,PB2,PB2,711,0.3969920885526982
avian,all,PB2,PB2,714,-0.2267036268597497
avian,all,PB2,PB2,717,-0.3093868928990177
avian,all,PB2,PB2,723,0.28528461282653994
avian,all,PB2,PB2,726,0.12244514971689095
avian,all,PB2,PB2,732,0.013601285755596285
avian,all,PB2,PB2,735,0.10939148542826353
avian,all,PB2,PB2,738,0.4560857547964672
avian,all,PB2,PB2,741,-0.13525884032526186
avian,all,PB2,PB2,744,0.2132493752004072
avian,all,PB2,PB2,747,0.4477094775443433
avian,all,PB2,PB2,750,-0.24685694773991979
avian,all,PB2,PB2,753,-0.16946221128428796
avian,all,PB2,PB2,756,-0.04400454293967662
avian,all,PB2,PB2,759,0.1521030579832667
avian,all,PB2,PB2,762,0.20336372791945906
avian,all,PB2,PB2,765,0.2819510574263708
avian,all,PB2,PB2,768,-0.022581166336053716
avian,all,PB2,PB2,771,-0.018736382512831884
avian,all,PB2,PB2,774,-0.022688105751705767
avian,all,PB2,PB2,775,0.026318867839904024
avian,all,PB2,PB2,777,0.4459875649176749
avian,all,PB2,PB2,780,-0.1189861830706713
avian,all,PB2,PB2,783,-0.2132203347536771
avian,all,PB2,PB2,786,-0.6231732611930937
avian,all,PB2,PB2,789,0.06162834909049045
avian,all,PB2,PB2,790,1.3539363671826536
avian,all,PB2,PB2,792,0.014694643658693468
avian,all,PB2,PB2,795,-0.053015908146680744
avian,all,PB2,PB2,798,0.1666480107464127
avian,all,PB2,PB2,801,0.3027858630143375
avian,all,PB2,PB2,804,-0.37106204787530456
avian,all,PB2,PB2,807,0.03433177203042343
avian,all,PB2,PB2,810,0.3922378208757172
avian,all,PB2,PB2,813,0.06551638012113639
avian,all,PB2,PB2,816,-0.09081666706335889
avian,all,PB2,PB2,819,0.22280329223183115
avian,all,PB2,PB2,822,0.0773350097019832
avian,all,PB2,PB2,825,-0.10595158084326861
avian,all,PB2,PB2,828,0.051543956661429434
avian,all,PB2,PB2,829,-0.019244858338809068
avian,all,PB2,PB2,831,-0.36382821948902416
avian,all,PB2,PB2,834,-0.17964601096169097
avian,all,PB2,PB2,837,-0.46528367387003017
avian,all,PB2,PB2,838,-0.18240664784389737
avian,all,PB2,PB2,840,0.3703308353432116
avian,all,PB2,PB2,841,0.055496868673719855
avian,all,PB2,PB2,843,-0.0040617533861170285
avian,all,PB2,PB2,846,-0.5631302098416553
avian,all,PB2,PB2,852,0.052463382374917156
avian,all,PB2,PB2,855,-0.3531257652077274
avian,all,PB2,PB2,858,0.31038508358025046
avian,all,PB2,PB2,861,0.24588961519889885
avian,all,PB2,PB2,864,0.16472620822909728
avian,all,PB2,PB2,867,-0.3955905455393273
avian,all,PB2,PB2,870,0.0859461454305462
avian,all,PB2,PB2,873,0.05884915500213048
avian,all,PB2,PB2,879,-0.11038551040092168
avian,all,PB2,PB2,885,0.22159818533651077
avian,all,PB2,PB2,888,-0.023574319416993755
avian,all,PB2,PB2,891,0.13138038186409132
avian,all,PB2,PB2,894,-0.09745304182255894
avian,all,PB2,PB2,895,-0.542612823976268
avian,all,PB2,PB2,897,0.02069197194308585
avian,all,PB2,PB2,900,0.25234109214687683
avian,all,PB2,PB2,903,-0.06974895456379342
avian,all,PB2,PB2,906,0.04959237305325077
avian,all,PB2,PB2,909,0.08013123767789147
avian,all,PB2,PB2,912,-0.24024258780255342
avian,all,PB2,PB2,915,-0.561120769975692
avian,all,PB2,PB2,918,0.04014937466982596
avian,all,PB2,PB2,921,0.3811266689895169
avian,all,PB2,PB2,924,0.10750211807139912
avian,all,PB2,PB2,927,-0.2098371779571958
avian,all,PB2,PB2,933,-0.32348162400340713
avian,all,PB2,PB2,936,0.7169945752723059
avian,all,PB2,PB2,939,0.049724942706836944
avian,all,PB2,PB2,942,0.40602797426957726
avian,all,PB2,PB2,948,0.5867632542285506
avian,all,PB2,PB2,949,0.009234707337348741
avian,all,PB2,PB2,951,-0.03679667309174252
avian,all,PB2,PB2,954,-0.10109201033946208
avian,all,PB2,PB2,957,0.05662870073944134
avian,all,PB2,PB2,960,-0.03503729721785659
avian,all,PB2,PB2,963,-0.2784185304390003
avian,all,PB2,PB2,966,-0.07275261652575683
avian,all,PB2,PB2,969,-0.08392969162223979
avian,all,PB2,PB2,972,0.19739961998471836
avian,all,PB2,PB2,975,0.4913561421328718
avian,all,PB2,PB2,978,0.0685795528535939
avian,all,PB2,PB2,981,0.16455139412038172
avian,all,PB2,PB2,984,-0.186934394146466
avian,all,PB2,PB2,987,0.6730708760341887
avian,all,PB2,PB2,990,0.02864401923730602
avian,all,PB2,PB2,993,-0.2082430500144511
avian,all,PB2,PB2,996,0.07003796198558568
avian,all,PB2,PB2,999,-0.12332493610806058
avian,all,PB2,PB2,1002,0.24216900820407172
avian,all,PB2,PB2,1005,0.2555813707961774
avian,all,PB2,PB2,1008,-0.30704177075056155
avian,all,PB2,PB2,1011,0.26972825505648984
avian,all,PB2,PB2,1014,0.4230696139477674
avian,all,PB2,PB2,1017,-0.2839331510310127
avian,all,PB2,PB2,1020,0.05073870500667394
avian,all,PB2,PB2,1023,-0.12372578139597486
avian,all,PB2,PB2,1026,-0.19385570576136038
avian,all,PB2,PB2,1029,0.12475293662028993
avian,all,PB2,PB2,1032,-0.5185715158391541
avian,all,PB2,PB2,1035,0.37950304533788753
avian,all,PB2,PB2,1038,0.44330136553585137
avian,all,PB2,PB2,1041,-0.12041413023373752
avian,all,PB2,PB2,1044,0.45973775033181874
avian,all,PB2,PB2,1047,-0.4861181968554749
avian,all,PB2,PB2,1050,-0.3778192532193878
avian,all,PB2,PB2,1053,0.06596002126973001
avian,all,PB2,PB2,1054,-0.2722456565569002
avian,all,PB2,PB2,1056,-0.4937446827773233
avian,all,PB2,PB2,1059,-0.24798429357347734
avian,all,PB2,PB2,1065,-0.025562872434208
avian,all,PB2,PB2,1068,0.3790191304953555
avian,all,PB2,PB2,1071,0.026329314167810525
avian,all,PB2,PB2,1074,-0.3266793745952483
avian,all,PB2,PB2,1077,0.39120299516547463
avian,all,PB2,PB2,1080,0.14246007099027283
avian,all,PB2,PB2,1083,-0.3674828123565952
avian,all,PB2,PB2,1086,0.15752254306581248
avian,all,PB2,PB2,1089,-0.1655765868784617
avian,all,PB2,PB2,1092,-0.06985451246500765
avian,all,PB2,PB2,1098,0.5376105414816662
avian,all,PB2,PB2,1101,0.23035309195465295
avian,all,PB2,PB2,1102,0.24512044999444185
avian,all,PB2,PB2,1104,0.04425746364951944
avian,all,PB2,PB2,1107,-0.21469566887320257
avian,all,PB2,PB2,1110,0.18772990918536336
avian,all,PB2,PB2,1113,0.2712768768442559
avian,all,PB2,PB2,1116,-0.030971301873726046
avian,all,PB2,PB2,1119,0.08104371071221181
avian,all,PB2,PB2,1120,0.07460525148934584
avian,all,PB2,PB2,1122,0.17868204810838972
avian,all,PB2,PB2,1125,-0.008176175568893105
avian,all,PB2,PB2,1128,0.2625774946307959
avian,all,PB2,PB2,1131,-0.1976700660078681
avian,all,PB2,PB2,1134,-0.2606124294494229
avian,all,PB2,PB2,1137,-0.38008576116359244
avian,all,PB2,PB2,1140,-0.10341712747795936
avian,all,PB2,PB2,1141,0.3455909911229723
avian,all,PB2,PB2,1143,-0.037809061886419436
avian,all,PB2,PB2,1146,0.02353827457275761
avian,all,PB2,PB2,1149,0.1286252693845394
avian,all,PB2,PB2,1150,0.04796959678258697
avian,all,PB2,PB2,1152,0.1231434225359285
avian,all,PB2,PB2,1158,-0.015484296575628553
avian,all,PB2,PB2,1161,0.06741551010294577
avian,all,PB2,PB2,1164,0.06058503334453581
avian,all,PB2,PB2,1167,0.16278686635448775
avian,all,PB2,PB2,1170,0.3574297700785739
avian,all,PB2,PB2,1173,0.1223267393967072
avian,all,PB2,PB2,1176,-0.3217465344064103
avian,all,PB2,PB2,1179,0.5128319522569568
avian,all,PB2,PB2,1182,0.004628228346824544
avian,all,PB2,PB2,1185,0.16973264303825958
avian,all,PB2,PB2,1188,-0.33838242142199465
avian,all,PB2,PB2,1191,-0.18921271445469218
avian,all,PB2,PB2,1194,-0.2403791337525796
avian,all,PB2,PB2,1197,0.16251355384027222
avian,all,PB2,PB2,1200,0.1100749024807058
avian,all,PB2,PB2,1203,-0.0009199714467684564
avian,all,PB2,PB2,1209,0.13364466443446837
avian,all,PB2,PB2,1212,0.4120176660463171
avian,all,PB2,PB2,1215,-0.10806345633366048
avian,all,PB2,PB2,1218,0.4178042084102458
avian,all,PB2,PB2,1221,-0.020846695933434647
avian,all,PB2,PB2,1224,0.18805025471254372
avian,all,PB2,PB2,1227,-0.022655628062680507
avian,all,PB2,PB2,1233,0.6197449485140999
avian,all,PB2,PB2,1236,0.46423297723386936
avian,all,PB2,PB2,1239,0.07203913543104812
avian,all,PB2,PB2,1242,-0.1423875214734527
avian,all,PB2,PB2,1243,-0.35810969153235966
avian,all,PB2,PB2,1245,-0.2228944795907432
avian,all,PB2,PB2,1248,0.01997252057252391
avian,all,PB2,PB2,1251,0.283002680491453
avian,all,PB2,PB2,1252,0.38158195726763294
avian,all,PB2,PB2,1254,-0.170852163670411
avian,all,PB2,PB2,1257,0.47895883188862787
avian,all,PB2,PB2,1260,0.14016079059922318
avian,all,PB2,PB2,1263,0.3004196099917046
avian,all,PB2,PB2,1266,-0.09095157391481243
avian,all,PB2,PB2,1269,-0.29366621953890537
avian,all,PB2,PB2,1272,-0.15710556705745887
avian,all,PB2,PB2,1275,0.2569051910713733
avian,all,PB2,PB2,1278,-1.0056363047626706
avian,all,PB2,PB2,1279,-0.14901154329199487
avian,all,PB2,PB2,1281,-0.13858993233691677
avian,all,PB2,PB2,1282,0.3487319903195165
avian,all,PB2,PB2,1284,-0.09957230739428499
avian,all,PB2,PB2,1287,0.33058541630264204
avian,all,PB2,PB2,1290,0.36818234393455596
avian,all,PB2,PB2,1296,0.5432440946427817
avian,all,PB2,PB2,1299,-0.06579746513432203
avian,all,PB2,PB2,1302,0.21381458036926945
avian,all,PB2,PB2,1303,-0.12789516105563886
avian,all,PB2,PB2,1305,-0.08179591428598161
avian,all,PB2,PB2,1308,-0.20413012746970616
avian,all,PB2,PB2,1311,0.32102347876423504
avian,all,PB2,PB2,1314,-0.15164928615816917
avian,all,PB2,PB2,1317,-0.39283840391959873
avian,all,PB2,PB2,1320,0.4947525334178781
avian,all,PB2,PB2,1323,0.3411675280973916
avian,all,PB2,PB2,1326,1.0613513700810715
avian,all,PB2,PB2,1329,0.35476600389479535
avian,all,PB2,PB2,1332,0.05748815448822153
avian,all,PB2,PB2,1333,0.010974824435413809
avian,all,PB2,PB2,1335,-0.15173743959344044
avian,all,PB2,PB2,1338,0.09369700786324664
avian,all,PB2,PB2,1341,-0.3158026303625777
avian,all,PB2,PB2,1344,0.2310586366087458
avian,all,PB2,PB2,1350,0.2264695975835093
avian,all,PB2,PB2,1353,-0.045505666525016884
avian,all,PB2,PB2,1356,-0.044787720550982936
avian,all,PB2,PB2,1359,-0.26500751073470785
avian,all,PB2,PB2,1362,0.24515320552531925
avian,all,PB2,PB2,1365,0.2748087863231011
avian,all,PB2,PB2,1368,-0.3588421826847676
avian,all,PB2,PB2,1371,0.16516181255700776
avian,all,PB2,PB2,1377,-0.017979628280431884
avian,all,PB2,PB2,1383,-0.0030114466574306734
avian,all,PB2,PB2,1386,0.2784736210618628
avian,all,PB2,PB2,1390,0.24683650581008487
avian,all,PB2,PB2,1392,0.4274210313453004
avian,all,PB2,PB2,1395,0.34129524061713434
avian,all,PB2,PB2,1398,0.4200380037333867
avian,all,PB2,PB2,1404,-0.10070691828226433
avian,all,PB2,PB2,1407,0.04980020649458075
avian,all,PB2,PB2,1410,0.4044324408991595
avian,all,PB2,PB2,1413,-0.04269371335633147
avian,all,PB2,PB2,1416,-0.04934552706334567
avian,all,PB2,PB2,1422,0.4090436090126638
avian,all,PB2,PB2,1423,0.13583530813676647
avian,all,PB2,PB2,1425,-0.14091989987708833
avian,all,PB2,PB2,1428,-0.6497839379343373
avian,all,PB2,PB2,1431,0.29004586719887876
avian,all,PB2,PB2,1434,0.022677137585250397
avian,all,PB2,PB2,1437,0.2583492500459649
avian,all,PB2,PB2,1440,-0.12024028921101854
avian,all,PB2,PB2,1443,-0.005765180750963283
avian,all,PB2,PB2,1446,0.31783081523187157
avian,all,PB2,PB2,1452,0.649490978507738
avian,all,PB2,PB2,1455,0.20021948915220802
avian,all,PB2,PB2,1458,0.2040475670718819
avian,all,PB2,PB2,1461,0.2004485184337247
avian,all,PB2,PB2,1464,0.2727691096707073
avian,all,PB2,PB2,1467,-0.3115433010674089
avian,all,PB2,PB2,1470,0.1539083052308355
avian,all,PB2,PB2,1473,-0.05230315938732688
avian,all,PB2,PB2,1476,-0.48622225248213397
avian,all,PB2,PB2,1477,0.5536254223524082
avian,all,PB2,PB2,1479,0.08109858500085264
avian,all,PB2,PB2,1482,0.14854694736418061
avian,all,PB2,PB2,1485,0.10060649045975616
avian,all,PB2,PB2,1488,-0.04056254072131196
avian,all,PB2,PB2,1491,0.10051598461998511
avian,all,PB2,PB2,1494,0.31158230883577537
avian,all,PB2,PB2,1497,-0.006176367075027847
avian,all,PB2,PB2,1498,-1.0983760248747636
avian,all,PB2,PB2,1500,0.556407823994632
avian,all,PB2,PB2,1503,0.18306631445861293
avian,all,PB2,PB2,1504,-0.19612409526850602
avian,all,PB2,PB2,1506,0.15248536356121226
avian,all,PB2,PB2,1509,-0.23298974607599698
avian,all,PB2,PB2,1512,-0.1405732952438435
avian,all,PB2,PB2,1513,0.017533272668958818
avian,all,PB2,PB2,1515,0.18370211928476068
avian,all,PB2,PB2,1518,0.20111042959610276
avian,all,PB2,PB2,1521,-0.1400489635465544
avian,all,PB2,PB2,1522,0.09400243346118055
avian,all,PB2,PB2,1524,-0.03233219944479636
avian,all,PB2,PB2,1527,0.16565884533159683
avian,all,PB2,PB2,1530,0.5110257834763041
avian,all,PB2,PB2,1533,0.2971777396354921
avian,all,PB2,PB2,1534,-0.2782464744001132
avian,all,PB2,PB2,1536,-0.23783922553411177
avian,all,PB2,PB2,1537,-0.11635137248653081
avian,all,PB2,PB2,1539,0.05084218313245163
avian,all,PB2,PB2,1542,0.11704636214738999
avian,all,PB2,PB2,1545,0.2699507056054547
avian,all,PB2,PB2,1548,-0.047376880860495726
avian,all,PB2,PB2,1551,0.11080234717839887
avian,all,PB2,PB2,1554,-0.2880696225481544
avian,all,PB2,PB2,1557,0.23128135237021613
avian,all,PB2,PB2,1560,0.3044358452317684
avian,all,PB2,PB2,1563,-0.17840798993065884
avian,all,PB2,PB2,1566,-0.09341927309641584
avian,all,PB2,PB2,1569,0.1878036545327606
avian,all,PB2,PB2,1572,0.09052530909767223
avian,all,PB2,PB2,1575,-0.4431917935629953
avian,all,PB2,PB2,1578,-0.018061984727646058
avian,all,PB2,PB2,1579,-0.11935844279806637
avian,all,PB2,PB2,1581,-0.29159666786112953
avian,all,PB2,PB2,1584,-0.32012912672107857
avian,all,PB2,PB2,1587,0.4522468978650623
avian,all,PB2,PB2,1590,-0.06950167352905354
avian,all,PB2,PB2,1593,0.03490034519165522
avian,all,PB2,PB2,1596,-0.19235037051731643
avian,all,PB2,PB2,1599,-0.2222396681051161
avian,all,PB2,PB2,1602,0.24135746428283333
avian,all,PB2,PB2,1614,-0.0219119443734217
avian,all,PB2,PB2,1617,-0.13293966560377585
avian,all,PB2,PB2,1620,0.09918206221805283
avian,all,PB2,PB2,1623,0.22397822994953706
avian,all,PB2,PB2,1626,-0.16704506401796015
avian,all,PB2,PB2,1629,0.1630816940904443
avian,all,PB2,PB2,1632,0.31594884551461316
avian,all,PB2,PB2,1635,0.36829222871721917
avian,all,PB2,PB2,1636,-0.25670634964845934
avian,all,PB2,PB2,1638,0.004258181244974329
avian,all,PB2,PB2,1641,-0.042724174365355416
avian,all,PB2,PB2,1644,-0.25693156764563346
avian,all,PB2,PB2,1647,0.10169845773330392
avian,all,PB2,PB2,1650,0.3531434523983312
avian,all,PB2,PB2,1653,-0.2582572431724053
avian,all,PB2,PB2,1659,-0.37587011384053665
avian,all,PB2,PB2,1662,-0.3523677475578351
avian,all,PB2,PB2,1665,0.07885982747131583
avian,all,PB2,PB2,1668,0.1781834142733021
avian,all,PB2,PB2,1674,0.23153114943387998
avian,all,PB2,PB2,1677,0.3358175100908468
avian,all,PB2,PB2,1680,0.19975156031305097
avian,all,PB2,PB2,1683,0.22482425058236738
avian,all,PB2,PB2,1686,0.9579948721538966
avian,all,PB2,PB2,1689,0.02890272284031048
avian,all,PB2,PB2,1695,0.41179543601728713
avian,all,PB2,PB2,1698,-0.4441936732924836
avian,all,PB2,PB2,1701,0.07217670941048726
avian,all,PB2,PB2,1704,-0.24129620415938205
avian,all,PB2,PB2,1707,0.5679006606454686
avian,all,PB2,PB2,1711,0.13555917404923873
avian,all,PB2,PB2,1713,0.02437051700162541
avian,all,PB2,PB2,1716,-0.04788656696202205
avian,all,PB2,PB2,1719,0.03034961504598338
avian,all,PB2,PB2,1722,-0.2860182130441959
avian,all,PB2,PB2,1728,0.008599811182479558
avian,all,PB2,PB2,1731,0.10278399830269315
avian,all,PB2,PB2,1734,-0.002017934990366562
avian,all,PB2,PB2,1737,0.4403543425769786
avian,all,PB2,PB2,1740,0.3085820959544262
avian,all,PB2,PB2,1743,-0.5693923195330639
avian,all,PB2,PB2,1746,-0.21097195212021558
avian,all,PB2,PB2,1747,-0.27185627183077454
avian,all,PB2,PB2,1749,0.006964135786483638
avian,all,PB2,PB2,1752,0.16078959843791876
avian,all,PB2,PB2,1755,0.3611709593023442
avian,all,PB2,PB2,1758,0.24276900682087985
avian,all,PB2,PB2,1761,-0.4069833110081653
avian,all,PB2,PB2,1764,-0.011801688142644096
avian,all,PB2,PB2,1767,-0.26326868427292816
avian,all,PB2,PB2,1770,-0.04979511419351337
avian,all,PB2,PB2,1773,-0.037689847562345516
avian,all,PB2,PB2,1776,-0.37624630321545494
avian,all,PB2,PB2,1779,-0.0011633610181198848
avian,all,PB2,PB2,1782,0.46203321548608395
avian,all,PB2,PB2,1785,-0.2785434546286954
avian,all,PB2,PB2,1788,0.32086391611804327
avian,all,PB2,PB2,1791,0.002964427365719849
avian,all,PB2,PB2,1794,0.3795297690908342
avian,all,PB2,PB2,1795,-0.20020130520544965
avian,all,PB2,PB2,1797,-0.292834454906917
avian,all,PB2,PB2,1800,0.3343677017997109
avian,all,PB2,PB2,1803,-0.37542822282387656
avian,all,PB2,PB2,1806,-0.060595462007176915
avian,all,PB2,PB2,1810,0.24426046075101973
avian,all,PB2,PB2,1812,-0.5087147080219033
avian,all,PB2,PB2,1815,-0.1540730743325839
avian,all,PB2,PB2,1818,0.17030214250466602
avian,all,PB2,PB2,1819,-0.13084974749092398
avian,all,PB2,PB2,1821,-0.7409040752930489
avian,all,PB2,PB2,1824,0.30888982534470416
avian,all,PB2,PB2,1827,0.3991205165098291
avian,all,PB2,PB2,1830,0.31676484440968844
avian,all,PB2,PB2,1833,0.2674659135892227
avian,all,PB2,PB2,1836,0.1965963377105483
avian,all,PB2,PB2,1839,0.00042791557224916565
avian,all,PB2,PB2,1842,-0.2948058919117584
avian,all,PB2,PB2,1851,0.07605125485781108
avian,all,PB2,PB2,1852,-0.8728469739899772
avian,all,PB2,PB2,1854,-0.13512798532675882
avian,all,PB2,PB2,1855,-0.4510078113640341
avian,all,PB2,PB2,1857,-0.26420170574246066
avian,all,PB2,PB2,1860,-0.21679150358340613
avian,all,PB2,PB2,1863,-0.151709579000653
avian,all,PB2,PB2,1866,0.1864590704857496
avian,all,PB2,PB2,1869,0.2110674978941237
avian,all,PB2,PB2,1872,0.2965815346196135
avian,all,PB2,PB2,1875,0.42816902318841005
avian,all,PB2,PB2,1878,0.010144518542507914
avian,all,PB2,PB2,1881,0.13856632964843107
avian,all,PB2,PB2,1884,-0.6106146075593796
avian,all,PB2,PB2,1887,-0.17834927652805196
avian,all,PB2,PB2,1890,-0.09634463628706344
avian,all,PB2,PB2,1896,0.2536939501396762
avian,all,PB2,PB2,1899,0.1386603402452305
avian,all,PB2,PB2,1902,-0.39038329439844127
avian,all,PB2,PB2,1905,0.226959431452994
avian,all,PB2,PB2,1906,0.06546157913761949
avian,all,PB2,PB2,1908,-0.08036674830535065
avian,all,PB2,PB2,1911,-0.1677971173687025
avian,all,PB2,PB2,1914,0.0842845477491337
avian,all,PB2,PB2,1917,0.2869157884916799
avian,all,PB2,PB2,1920,0.487096019899952
avian,all,PB2,PB2,1923,0.003540591711953159
avian,all,PB2,PB2,1926,0.2241666057762785
avian,all,PB2,PB2,1929,-0.2901709180079109
avian,all,PB2,PB2,1932,0.30472943746176145
avian,all,PB2,PB2,1938,0.16595165227581082
avian,all,PB2,PB2,1942,-0.2793727886774296
avian,all,PB2,PB2,1944,0.13311906849878788
avian,all,PB2,PB2,1947,-0.07499996465275799
avian,all,PB2,PB2,1950,-0.14900766106518046
avian,all,PB2,PB2,1953,-0.0036307807475468024
avian,all,PB2,PB2,1956,0.42914701550519824
avian,all,PB2,PB2,1959,-0.0744598764570257
avian,all,PB2,PB2,1962,0.27913430265777966
avian,all,PB2,PB2,1965,0.04038864991710767
avian,all,PB2,PB2,1968,-0.2600404743046825
avian,all,PB2,PB2,1971,0.45139625557031904
avian,all,PB2,PB2,1974,-0.06212381349337028
avian,all,PB2,PB2,1977,0.40447504017521396
avian,all,PB2,PB2,1980,-0.6877452282055522
avian,all,PB2,PB2,1983,0.003931089673802383
avian,all,PB2,PB2,1986,-0.1063109451001982
avian,all,PB2,PB2,1989,-0.19407277771388198
avian,all,PB2,PB2,1992,-0.2512811151738493
avian,all,PB2,PB2,1995,-0.23332781309036266
avian,all,PB2,PB2,1998,0.37512730530286015
avian,all,PB2,PB2,2001,0.25960175738733104
avian,all,PB2,PB2,2004,-0.2975597187804575
avian,all,PB2,PB2,2007,0.1848265381642184
avian,all,PB2,PB2,2010,0.35117561750196924
avian,all,PB2,PB2,2013,0.032625636890278586
avian,all,PB2,PB2,2016,0.1238278424667055
avian,all,PB2,PB2,2019,-0.07552528029060149
avian,all,PB2,PB2,2022,0.5273889723985746
avian,all,PB2,PB2,2023,0.24749805841870404
avian,all,PB2,PB2,2025,0.21155455039389828
avian,all,PB2,PB2,2028,-0.25285416961674373
avian,all,PB2,PB2,2031,-0.13135282163169798
avian,all,PB2,PB2,2034,-0.022196736118803004
avian,all,PB2,PB2,2037,0.29938059924185056
avian,all,PB2,PB2,2040,0.08964464938848332
avian,all,PB2,PB2,2043,-0.10807130808440996
avian,all,PB2,PB2,2046,0.18547058952821904
avian,all,PB2,PB2,2049,0.261730381236374
avian,all,PB2,PB2,2052,0.2622640144319094
avian,all,PB2,PB2,2055,0.09798835697286219
avian,all,PB2,PB2,2058,0.20570440092840656
avian,all,PB2,PB2,2061,0.10248400667294397
avian,all,PB2,PB2,2064,0.22889618653652183
avian,all,PB2,PB2,2067,0.4454089111517924
avian,all,PB2,PB2,2070,0.281213728616558
avian,all,PB2,PB2,2071,0.038108748113035315
avian,all,PB2,PB2,2073,0.12937034091493396
avian,all,PB2,PB2,2076,-0.2892554240799179
avian,all,PB2,PB2,2079,0.20273561842921603
avian,all,PB2,PB2,2082,0.037562184589301106
avian,all,PB2,PB2,2083,-0.1567083500748206
avian,all,PB2,PB2,2085,-0.4948878705611032
avian,all,PB2,PB2,2088,-0.26904922484832594
avian,all,PB2,PB2,2089,0.02370607705360306
avian,all,PB2,PB2,2091,-0.09609856492184021
avian,all,PB2,PB2,2094,0.013443105077330084
avian,all,PB2,PB2,2097,0.3440694640594952
avian,all,PB2,PB2,2100,-0.10066684116431036
avian,all,PB2,PB2,2103,0.031345502007054334
avian,all,PB2,PB2,2106,-0.7496603878063497
avian,all,PB2,PB2,2109,-0.14754851373463898
avian,all,PB2,PB2,2112,0.6670402055042634
avian,all,PB2,PB2,2115,0.1980917587561802
avian,all,PB2,PB2,2118,-0.23142613374631305
avian,all,PB2,PB2,2121,-0.06342494986538894
avian,all,PB2,PB2,2122,-0.06487680911607588
avian,all,PB2,PB2,2124,0.30923626524483583
avian,all,PB2,PB2,2127,-0.25917587007928977
avian,all,PB2,PB2,2130,-0.1783058685916613
avian,all,PB2,PB2,2133,-0.06296967809822579
avian,all,PB2,PB2,2136,-0.2200121011734016
avian,all,PB2,PB2,2137,0.15716765667065274
avian,all,PB2,PB2,2139,-0.27021615835757856
avian,all,PB2,PB2,2142,-0.40189310736566725
avian,all,PB2,PB2,2145,-0.4171950724103497
avian,all,PB2,PB2,2148,-1.9141973371675365
avian,all,PB2,PB2,2151,0.17928471826386497
avian,all,PB2,PB2,2154,0.48069144742465086
avian,all,PB2,PB2,2157,-0.38460137887629026
avian,all,PB2,PB2,2160,-0.39896709566401206
avian,all,PB2,PB2,2163,-0.195922147382716
avian,all,PB2,PB2,2166,-0.5375445927559316
avian,all,PB2,PB2,2169,0.5046981507040661
avian,all,PB2,PB2,2172,-0.20231620834760453
avian,all,PB2,PB2,2173,-0.11018388654047075
avian,all,PB2,PB2,2175,-0.2971140261133506
avian,all,PB2,PB2,2181,-0.6062814949624918
avian,all,PB2,PB2,2184,-1.024263900192542
avian,all,PB2,PB2,2187,-0.8592964336102599
avian,all,PB2,PB2,2190,-1.3096690092430783
avian,all,PB2,PB2,2193,0.34889506908986156
avian,all,PB2,PB2,2196,-1.3016971790304244
avian,all,PB2,PB2,2197,-1.2513927350640455
avian,all,PB2,PB2,2199,-1.0673922717603848
avian,all,PB2,PB2,2202,0.3204800342558338
avian,all,PB2,PB2,2208,-3.35330132659728
avian,all,PB2,PB2,2209,-2.7540739804669867
avian,all,PB2,PB2,2211,-0.022543830396166004
avian,all,PB2,PB2,2214,-0.6840524032431066
avian,all,PB2,PB2,2215,-0.8091588082612928
avian,all,PB2,PB2,2217,-1.018684073721588
avian,all,PB2,PB2,2220,-2.2019928254411267
avian,all,PB2,PB2,2223,-1.0044858500975384
avian,all,PB2,PB2,2226,-0.23807424018319026
avian,all,PB2,PB2,2232,-4.736590616006697
avian,all,PB2,PB2,2235,-1.776857669215814
avian,all,PB2,PB2,2238,-1.1592197822028554
avian,all,PB2,PB2,2241,0.2341782872289261
avian,all,PB2,PB2,2244,-2.9181341497849194
avian,all,PB2,PB2,2247,-3.8186912289926243
avian,all,PB2,PB2,2250,-2.267757022584723
avian,all,PB2,PB2,2253,-2.294987647601146
avian,all,PB2,PB2,2256,-3.2550008400411885
avian,all,PB2,PB2,2259,0.4157323439336994
avian,all,PB2,PB2,2262,-1.6436886315928787
avian,all,PB2,PB2,2263,-3.200661738328679
avian,all,PB2,PB2,2265,-0.21407864910078092
avian,all,PB2,PB2,2271,-2.7059488407397896
avian,all,PB2,PB2,2274,-1.6416701095354598
avian,all,PB2,PB2,2277,-1.0959014505312648
human,H1,HA,HA,6,-0.31907331160882
human,H1,HA,HA,9,-0.40432866141540164
human,H1,HA,HA,13,-0.4668951633366285
human,H1,HA,HA,15,-0.9711289709316184
human,H1,HA,HA,18,-0.5599239795377151
human,H1,HA,HA,21,0.9167814704583842
human,H1,HA,HA,22,0.19346693651459862
human,H1,HA,HA,24,-0.2323415234995204
human,H1,HA,HA,25,-0.3756127368377867
human,H1,HA,HA,27,-0.062009290473408966
human,H1,HA,HA,30,1.1788621306553535
human,H1,HA,HA,33,-0.8943489821224698
human,H1,HA,HA,36,0.5228832340150633
human,H1,HA,HA,39,0.06444456110727353
human,H1,HA,HA,42,-0.24510000428156375
human,H1,HA,HA,45,-0.06291274316621386
human,H1,HA,HA,48,-0.15150388458334035
human,H1,HA,HA,51,-0.2050877760209477
human,H1,HA,HA,54,-0.5975685317692311
human,H1,HA,HA,57,-0.10812116449670355
human,H1,HA,HA,58,0.22276620511105805
human,H1,HA,HA,60,-0.08794136121381778
human,H1,HA,HA,63,-0.05340780835772179
human,H1,HA,HA,66,-0.6774587859477572
human,H1,HA,HA,69,-0.24263671354161467
human,H1,HA,HA,72,-0.06565193844833693
human,H1,HA,HA,75,-0.45337306493403434
human,H1,HA,HA,78,0.07237736277868376
human,H1,HA,HA,81,-0.454160601772045
human,H1,HA,HA,84,0.06844094883750731
human,H1,HA,HA,87,-0.05012620437160063
human,H1,HA,HA,90,-0.09462041925376675
human,H1,HA,HA,93,-0.34193866605390594
human,H1,HA,HA,96,0.01209505028875805
human,H1,HA,HA,99,0.05935193934638413
human,H1,HA,HA,102,-0.07813635455108334
human,H1,HA,HA,105,0.30718315138403773
human,H1,HA,HA,108,0.012945282020289214
human,H1,HA,HA,109,-0.16367889355691473
human,H1,HA,HA,111,-0.033780805018139626
human,H1,HA,HA,114,0.04159936648578029
human,H1,HA,HA,117,-0.30489985938953085
human,H1,HA,HA,120,-0.26642238427963494
human,H1,HA,HA,123,0.5378720709255989
human,H1,HA,HA,126,-0.36561633476903044
human,H1,HA,HA,129,0.14861135546802165
human,H1,HA,HA,132,0.0537995681984412
human,H1,HA,HA,135,0.19980035365148882
human,H1,HA,HA,138,0.005027320206358765
human,H1,HA,HA,141,0.1765617348231263
human,H1,HA,HA,144,0.23447421613227637
human,H1,HA,HA,147,-0.3184244597978561
human,H1,HA,HA,148,-0.27543473246037165
human,H1,HA,HA,150,0.11961330603045645
human,H1,HA,HA,153,0.13539062460037238
human,H1,HA,HA,156,-0.15768995873275155
human,H1,HA,HA,159,0.7983161041371599
human,H1,HA,HA,162,0.3304067003462568
human,H1,HA,HA,165,0.2665054819412755
human,H1,HA,HA,168,0.22603868408734445
human,H1,HA,HA,171,0.06285408775985207
human,H1,HA,HA,172,-0.04789674040534405
human,H1,HA,HA,174,-0.37222185185165513
human,H1,HA,HA,177,0.1653771680141572
human,H1,HA,HA,180,-0.23435429840185862
human,H1,HA,HA,181,0.06942107757342386
human,H1,HA,HA,183,0.035206184982817856
human,H1,HA,HA,184,0.1141468753656604
human,H1,HA,HA,186,-0.46589851169398
human,H1,HA,HA,189,0.23989839471432944
human,H1,HA,HA,192,0.3159037156905858
human,H1,HA,HA,195,-0.36320189780752593
human,H1,HA,HA,198,-0.3323392374043715
human,H1,HA,HA,199,0.033041753669322944
human,H1,HA,HA,201,0.31411018432031923
human,H1,HA,HA,204,-0.18219433742874735
human,H1,HA,HA,205,-0.2159672386251786
human,H1,HA,HA,207,0.22311383382736003
human,H1,HA,HA,210,0.11928810370373065
human,H1,HA,HA,213,-0.22911961272495113
human,H1,HA,HA,216,0.3223994324507544
human,H1,HA,HA,219,0.05867384879203561
human,H1,HA,HA,222,0.2505829141457386
human,H1,HA,HA,225,0.07139041197970845
human,H1,HA,HA,228,0.25122933004423953
human,H1,HA,HA,234,0.4445610340681648
human,H1,HA,HA,235,0.228160411898789
human,H1,HA,HA,237,0.12163955392437148
human,H1,HA,HA,240,0.3699530762140584
human,H1,HA,HA,243,0.14679784245700922
human,H1,HA,HA,246,0.43917259337462494
human,H1,HA,HA,249,0.2725283791186409
human,H1,HA,HA,252,-0.3335299445922761
human,H1,HA,HA,255,-0.17639979795402833
human,H1,HA,HA,258,-0.17507175474368236
human,H1,HA,HA,259,0.49534099133160525
human,H1,HA,HA,261,-0.23294309114136116
human,H1,HA,HA,264,0.18928951510094258
human,H1,HA,HA,267,0.514085308852789
human,H1,HA,HA,270,-0.09561741868328656
human,H1,HA,HA,273,0.018745623071480776
human,H1,HA,HA,276,-0.37488262587103627
human,H1,HA,HA,282,0.014485783677493678
human,H1,HA,HA,285,-0.13212472684065216
human,H1,HA,HA,288,0.06130348862872201
human,H1,HA,HA,291,0.1208517845026848
human,H1,HA,HA,294,-0.009494798579526467
human,H1,HA,HA,297,-0.03447094779953957
human,H1,HA,HA,300,0.14818545496143282
human,H1,HA,HA,303,-0.253870643088373
human,H1,HA,HA,306,0.16443212209962038
human,H1,HA,HA,309,-0.04768145649805745
human,H1,HA,HA,312,0.004207780501953279
human,H1,HA,HA,315,0.34446038916919075
human,H1,HA,HA,318,0.3131893226676099
human,H1,HA,HA,321,0.15890898783518057
human,H1,HA,HA,324,-0.05789078631808839
human,H1,HA,HA,327,0.048830938604611046
human,H1,HA,HA,330,0.29159335465859976
human,H1,HA,HA,333,0.12029266612581505
human,H1,HA,HA,336,-0.3738554371256797
human,H1,HA,HA,339,-0.24912311973232198
human,H1,HA,HA,342,-0.15074997965511006
human,H1,HA,HA,345,-0.22111742979506227
human,H1,HA,HA,348,0.14065030115967458
human,H1,HA,HA,351,0.9292079896368834
human,H1,HA,HA,352,-0.2962408578405707
human,H1,HA,HA,354,-0.18138577093015823
human,H1,HA,HA,355,0.4067167906275118
human,H1,HA,HA,357,0.24018817455455804
human,H1,HA,HA,360,-0.2695918230227916
human,H1,HA,HA,363,0.09585764626197044
human,H1,HA,HA,364,-0.0021854576051403146
human,H1,HA,HA,366,0.06454644457812064
human,H1,HA,HA,369,0.15033426320595072
human,H1,HA,HA,372,-0.07029314245980466
human,H1,HA,HA,375,-0.22327361335038848
human,H1,HA,HA,378,-0.20640431941260842
human,H1,HA,HA,381,-0.2637862069574953
human,H1,HA,HA,384,-0.4112629482812172
human,H1,HA,HA,387,-0.04329952258025166
human,H1,HA,HA,388,0.18557593078092582
human,H1,HA,HA,390,0.2445564293908168
human,H1,HA,HA,393,-0.11061369479433565
human,H1,HA,HA,396,0.14944050432451345
human,H1,HA,HA,399,0.3173352367377225
human,H1,HA,HA,402,0.20121657124549927
human,H1,HA,HA,405,0.1930352791486072
human,H1,HA,HA,408,0.354463168365865
human,H1,HA,HA,411,0.0739692710439544
human,H1,HA,HA,414,0.061161583237842286
human,H1,HA,HA,417,-0.15773396765321687
human,H1,HA,HA,423,0.16917968082472182
human,H1,HA,HA,426,-0.18728711120136896
human,H1,HA,HA,429,-0.04282624198061171
human,H1,HA,HA,432,0.5773792136847397
human,H1,HA,HA,435,0.19873266241703347
human,H1,HA,HA,438,-0.457530036630717
human,H1,HA,HA,441,-0.07333874457365315
human,H1,HA,HA,444,0.09187777943390796
human,H1,HA,HA,447,0.6810119057977885
human,H1,HA,HA,450,0.09385691278956078
human,H1,HA,HA,453,0.003546304819704582
human,H1,HA,HA,456,0.01713992861621627
human,H1,HA,HA,459,0.23405536879485628
human,H1,HA,HA,462,-0.22607617735533347
human,H1,HA,HA,465,0.18541707302628385
human,H1,HA,HA,468,-0.12594341744604626
human,H1,HA,HA,471,0.0493281923634785
human,H1,HA,HA,474,0.1086428062885015
human,H1,HA,HA,477,-0.03961519285092634
human,H1,HA,HA,480,0.12509126088510353
human,H1,HA,HA,483,-0.10758196662828132
human,H1,HA,HA,486,-0.5788653409143995
human,H1,HA,HA,489,-0.2861097669738002
human,H1,HA,HA,492,0.062158790646718275
human,H1,HA,HA,493,-0.1674088339415404
human,H1,HA,HA,495,0.33503911458965946
human,H1,HA,HA,498,0.24955083680447185
human,H1,HA,HA,502,-0.2817058752550968
human,H1,HA,HA,504,-0.018875661035475638
human,H1,HA,HA,507,0.08212471941610973
human,H1,HA,HA,510,-0.2325635035583092
human,H1,HA,HA,513,0.9265345547013476
human,H1,HA,HA,516,1.6887574536861272
human,H1,HA,HA,519,-0.0926076700166796
human,H1,HA,HA,522,-0.06344056483339985
human,H1,HA,HA,525,-0.15232529039169238
human,H1,HA,HA,528,0.15220447174951912
human,H1,HA,HA,531,0.1731478610550131
human,H1,HA,HA,534,-0.16678968484448395
human,H1,HA,HA,537,0.21481612357274832
human,H1,HA,HA,540,-0.167915055081495
human,H1,HA,HA,543,-0.03597923698553698
human,H1,HA,HA,546,0.03923724806148577
human,H1,HA,HA,549,0.1179644597392044
human,H1,HA,HA,552,-0.1697115203615876
human,H1,HA,HA,555,0.3845748248540762
human,H1,HA,HA,558,0.04855987322043921
human,H1,HA,HA,561,-0.0006637627161950876
human,H1,HA,HA,564,-0.32230911867418766
human,H1,HA,HA,567,-0.141331846687624
human,H1,HA,HA,570,0.0685873776502759
human,H1,HA,HA,573,0.296191406620378
human,H1,HA,HA,576,0.16707434878195915
human,H1,HA,HA,577,-0.2385573182482196
human,H1,HA,HA,579,-0.04028930605618638
human,H1,HA,HA,585,0.4646604514977631
human,H1,HA,HA,588,0.3581541726920021
human,H1,HA,HA,591,0.2532563194223592
human,H1,HA,HA,594,0.43873886478654706
human,H1,HA,HA,597,0.024897915159369982
human,H1,HA,HA,600,0.1761265991790718
human,H1,HA,HA,603,-0.20245601461202248
human,H1,HA,HA,606,-0.29134217018148584
human,H1,HA,HA,609,-0.09752110648895446
human,H1,HA,HA,612,-0.03386980594359713
human,H1,HA,HA,615,-0.13516506553832167
human,H1,HA,HA,618,0.030012320431724943
human,H1,HA,HA,621,0.15435855298034515
human,H1,HA,HA,624,-0.2862479502945839
human,H1,HA,HA,627,-0.23214288655395945
human,H1,HA,HA,630,-0.02418387671556387
human,H1,HA,HA,633,-0.31914811623659484
human,H1,HA,HA,636,0.0680980665368928
human,H1,HA,HA,639,-0.20161516712864933
human,H1,HA,HA,642,0.09178260241035613
human,H1,HA,HA,645,-0.3969304615524074
human,H1,HA,HA,648,-0.3444752365737995
human,H1,HA,HA,651,-0.16199081040788965
human,H1,HA,HA,654,0.18165178696446804
human,H1,HA,HA,657,0.16922233628252
human,H1,HA,HA,660,0.36836755150999706
human,H1,HA,HA,663,-0.4027717321129406
human,H1,HA,HA,664,-0.22890575519229128
human,H1,HA,HA,666,-0.262730098605617
human,H1,HA,HA,669,-0.17676142040029336
human,H1,HA,HA,672,0.3075244589071969
human,H1,HA,HA,675,-0.20286584538339172
human,H1,HA,HA,678,0.24277053525727568
human,H1,HA,HA,681,-0.1140004235993732
human,H1,HA,HA,684,0.5321847196633467
human,H1,HA,HA,687,0.6646244927849859
human,H1,HA,HA,690,0.2516548171868034
human,H1,HA,HA,693,0.1240461650811066
human,H1,HA,HA,696,0.15318942268895377
human,H1,HA,HA,699,0.18271666648058466
human,H1,HA,HA,700,-0.5393454034696445
human,H1,HA,HA,702,-0.3809185294135428
human,H1,HA,HA,705,0.13546449156965606
human,H1,HA,HA,708,0.1552909139292014
human,H1,HA,HA,711,0.07128119244062343
human,H1,HA,HA,714,-0.20898551652163894
human,H1,HA,HA,717,-0.03534419914332445
human,H1,HA,HA,720,0.10608888101531347
human,H1,HA,HA,723,0.012379261255289722
human,H1,HA,HA,726,-0.3003011744670424
human,H1,HA,HA,729,-0.08925447891133419
human,H1,HA,HA,735,-0.23374594201489507
human,H1,HA,HA,738,0.07455277077355991
human,H1,HA,HA,741,-0.14627765448052252
human,H1,HA,HA,747,0.08110056202884823
human,H1,HA,HA,748,0.19206305497801926
human,H1,HA,HA,750,-0.48395217023456505
human,H1,HA,HA,753,-0.17219630058289237
human,H1,HA,HA,756,0.501755694524579
human,H1,HA,HA,759,0.04682982850765276
human,H1,HA,HA,762,0.0482163397473502
human,H1,HA,HA,765,-0.1932851527395981
human,H1,HA,HA,768,-0.4155545971755129
human,H1,HA,HA,774,-0.054067710460150936
human,H1,HA,HA,777,0.04899483569187289
human,H1,HA,HA,780,-0.34507208093061764
human,H1,HA,HA,783,0.24872897568762167
human,H1,HA,HA,786,0.0371626568693156
human,H1,HA,HA,789,0.3001718083470502
human,H1,HA,HA,792,-0.3629950127158293
human,H1,HA,HA,793,-0.12321001440884624
human,H1,HA,HA,795,0.24090099758980224
human,H1,HA,HA,798,-0.00884078120316123
human,H1,HA,HA,801,0.5180893199213588
human,H1,HA,HA,804,-0.3056680139729756
human,H1,HA,HA,807,-0.10170187768050705
human,H1,HA,HA,810,-0.08728893585820592
human,H1,HA,HA,813,-0.07218069093916753
human,H1,HA,HA,816,-0.09881354552201878
human,H1,HA,HA,819,0.24505022579149685
human,H1,HA,HA,825,-0.03742280975247684
human,H1,HA,HA,828,0.5570178028430636
human,H1,HA,HA,831,-0.06170946316117046
human,H1,HA,HA,834,-0.2324589506301441
human,H1,HA,HA,837,0.1814147338296742
human,H1,HA,HA,840,0.07619545784759467
human,H1,HA,HA,843,-0.010152028876268183
human,H1,HA,HA,846,0.04076636157850356
human,H1,HA,HA,849,-0.13296057693762897
human,H1,HA,HA,852,0.08615886005722542
human,H1,HA,HA,855,0.11637178981366354
human,H1,HA,HA,858,0.22986267156871412
human,H1,HA,HA,861,0.3088479730324237
human,H1,HA,HA,864,-0.01651723700718326
human,H1,HA,HA,867,0.46356618177744535
human,H1,HA,HA,870,0.2406798629360066
human,H1,HA,HA,873,0.10545971168775636
human,H1,HA,HA,876,-0.045955074739300585
human,H1,HA,HA,879,0.3957516258298347
human,H1,HA,HA,882,0.4208526965794035
human,H1,HA,HA,885,0.06581946359833454
human,H1,HA,HA,888,0.7903433932242232
human,H1,HA,HA,891,0.4235326211680396
human,H1,HA,HA,894,0.2520487073890184
human,H1,HA,HA,897,0.32426019104662496
human,H1,HA,HA,900,0.34956071210963746
human,H1,HA,HA,903,0.12720950434977601
human,H1,HA,HA,906,0.07252357053812662
human,H1,HA,HA,909,0.5288373483810298
human,H1,HA,HA,912,-0.08796341976884794
human,H1,HA,HA,915,0.10582297059550297
human,H1,HA,HA,918,0.41865482968423057
human,H1,HA,HA,921,0.21776546815522094
human,H1,HA,HA,924,0.12511647340431256
human,H1,HA,HA,927,0.30786089272379014
human,H1,HA,HA,930,0.027249852602058054
human,H1,HA,HA,933,0.34379216055432993
human,H1,HA,HA,936,0.4213217233044163
human,H1,HA,HA,939,0.3356840068917949
human,H1,HA,HA,942,-0.04628395058738666
human,H1,HA,HA,945,0.28984657692037
human,H1,HA,HA,948,0.40524084424947887
human,H1,HA,HA,951,-0.20083458515195243
human,H1,HA,HA,954,0.4833642602716725
human,H1,HA,HA,957,-0.01155983714471129
human,H1,HA,HA,960,0.10659888450140653
human,H1,HA,HA,963,0.21333469466089125
human,H1,HA,HA,966,0.38408502915323234
human,H1,HA,HA,969,0.08472225165857857
human,H1,HA,HA,972,0.3043821364908914
human,H1,HA,HA,975,-0.26758963417978093
human,H1,HA,HA,978,0.15637904974891534
human,H1,HA,HA,981,0.6130968970074155
human,H1,HA,HA,984,-0.4028726074325236
human,H1,HA,HA,985,-0.08824238472505969
human,H1,HA,HA,987,0.1820930256145717
human,H1,HA,HA,990,0.1687249181151314
human,H1,HA,HA,991,-0.3409369048507153
human,H1,HA,HA,993,-0.06890653284888971
human,H1,HA,HA,996,0.5204327382247903
human,H1,HA,HA,999,0.23864576947708674
human,H1,HA,HA,1002,0.6800708710125197
human,H1,HA,HA,1003,0.2824939601058987
human,H1,HA,HA,1005,0.1961372586369566
human,H1,HA,HA,1008,-0.07936351328089077
human,H1,HA,HA,1011,0.014170358029226967
human,H1,HA,HA,1014,0.18729402625917507
human,H1,HA,HA,1017,-0.09894462390101973
human,H1,HA,HA,1020,0.16834343098757285
human,H1,HA,HA,1023,0.3651226231317892
human,H1,HA,HA,1026,-0.23965506355319427
human,H1,HA,HA,1029,-0.043913126892206056
human,H1,HA,HA,1032,-0.7297032956704018
human,H1,HA,HA,1035,-0.9908173585803776
human,H1,HA,HA,1036,-0.31672714044654326
human,H1,HA,HA,1038,0.6916756870352986
human,H1,HA,HA,1041,0.005607159417034301
human,H1,HA,HA,1044,0.03332070668365783
human,H1,HA,HA,1047,0.2132746369471267
human,H1,HA,HA,1050,0.18836114166719942
human,H1,HA,HA,1053,-0.02486381458436062
human,H1,HA,HA,1056,0.6026895050767485
human,H1,HA,HA,1059,0.3355765040113604
human,H1,HA,HA,1062,-0.048854532097295865
human,H1,HA,HA,1065,-2.2160978129289837
human,H1,HA,HA,1068,-0.17076220307871062
human,H1,HA,HA,1071,0.6554218537383685
human,H1,HA,HA,1077,-2.2999808438288203
human,H1,HA,HA,1080,0.4591842555364921
human,H1,HA,HA,1086,0.24243134327829047
human,H1,HA,HA,1089,0.20403350262016595
human,H1,HA,HA,1092,0.20959380855943877
human,H1,HA,HA,1098,0.04751941299843352
human,H1,HA,HA,1101,-0.8192277692890491
human,H1,HA,HA,1104,0.007193271496265272
human,H1,HA,HA,1107,0.39889352922274646
human,H1,HA,HA,1110,-0.5589992743583202
human,H1,HA,HA,1113,-0.17868794620990985
human,H1,HA,HA,1116,-0.3168421787280875
human,H1,HA,HA,1119,0.026246570990215573
human,H1,HA,HA,1122,0.6615739331889942
human,H1,HA,HA,1125,0.566144224361545
human,H1,HA,HA,1128,-0.238552848575607
human,H1,HA,HA,1131,-0.4060378246554027
human,H1,HA,HA,1134,-0.24381934296367042
human,H1,HA,HA,1137,0.23211608300631506
human,H1,HA,HA,1140,0.11031043779874333
human,H1,HA,HA,1143,0.17864691200727797
human,H1,HA,HA,1144,0.5148896261659404
human,H1,HA,HA,1146,0.015104990568949617
human,H1,HA,HA,1149,0.08149866100588762
human,H1,HA,HA,1152,0.19398447327958926
human,H1,HA,HA,1155,0.3295113813466764
human,H1,HA,HA,1158,0.04452878423959425
human,H1,HA,HA,1161,-0.34270907571252995
human,H1,HA,HA,1164,0.10477646998609708
human,H1,HA,HA,1167,-0.0974313543613218
human,H1,HA,HA,1170,0.1621675545234234
human,H1,HA,HA,1173,0.09887397889029312
human,H1,HA,HA,1176,-0.003338145884971108
human,H1,HA,HA,1179,0.24860358586444806
human,H1,HA,HA,1182,-0.06476767099339577
human,H1,HA,HA,1185,-0.1615375346927841
human,H1,HA,HA,1188,0.10544888848385288
human,H1,HA,HA,1191,0.053176993443735235
human,H1,HA,HA,1194,-0.2806123231859884
human,H1,HA,HA,1197,0.4147314653140297
human,H1,HA,HA,1200,-0.11477460910937867
human,H1,HA,HA,1203,-0.16229366009729834
human,H1,HA,HA,1206,0.12851163049097636
human,H1,HA,HA,1212,0.3775232647038686
human,H1,HA,HA,1215,0.2704738694648268
human,H1,HA,HA,1218,-0.02918458772047462
human,H1,HA,HA,1221,0.11529478479453678
human,H1,HA,HA,1224,0.07601559816296567
human,H1,HA,HA,1227,0.260683585776058
human,H1,HA,HA,1230,0.18066189172091005
human,H1,HA,HA,1233,0.08095876901911825
human,H1,HA,HA,1236,-0.1246099465395654
human,H1,HA,HA,1239,0.08840243378321332
human,H1,HA,HA,1242,0.015961685025742505
human,H1,HA,HA,1245,0.3361367126059137
human,H1,HA,HA,1248,0.43610999678391704
human,H1,HA,HA,1249,0.961428929842602
human,H1,HA,HA,1251,0.031476205828655734
human,H1,HA,HA,1254,0.4348676073044398
human,H1,HA,HA,1257,-0.20206069257139228
human,H1,HA,HA,1258,-1.158053258454742
human,H1,HA,HA,1260,0.1638830498453594
human,H1,HA,HA,1263,0.36929991541585894
human,H1,HA,HA,1266,-0.010152094517835546
human,H1,HA,HA,1269,-0.7352478654513335
human,H1,HA,HA,1270,-0.08114880207804359
human,H1,HA,HA,1272,-0.4054850886005624
human,H1,HA,HA,1275,-0.10869951130765126
human,H1,HA,HA,1278,-0.5124055459824133
human,H1,HA,HA,1281,0.9164884668214756
human,H1,HA,HA,1284,0.06924701000125744
human,H1,HA,HA,1287,-0.26187462735538264
human,H1,HA,HA,1290,-0.18579742249387704
human,H1,HA,HA,1293,0.47506515808899513
human,H1,HA,HA,1296,0.3052552636854411
human,H1,HA,HA,1297,0.2055495524584344
human,H1,HA,HA,1299,0.099867706326814
human,H1,HA,HA,1302,0.113335744660994
human,H1,HA,HA,1305,0.17748516057515873
human,H1,HA,HA,1311,-0.019428655925991325
human,H1,HA,HA,1314,-0.01327923846742319
human,H1,HA,HA,1317,-0.24119444076500374
human,H1,HA,HA,1320,0.17639024371689258
human,H1,HA,HA,1323,0.20606795581791418
human,H1,HA,HA,1324,0.3236405904011812
human,H1,HA,HA,1326,0.01867765879013977
human,H1,HA,HA,1327,-0.12975186512905476
human,H1,HA,HA,1329,-0.09158139071576515
human,H1,HA,HA,1332,0.007425006545082637
human,H1,HA,HA,1333,0.12866129187349537
human,H1,HA,HA,1335,-0.1657012450295811
human,H1,HA,HA,1336,-0.009233459550357377
human,H1,HA,HA,1338,0.02717442466535803
human,H1,HA,HA,1341,-0.15738967248469427
human,H1,HA,HA,1344,0.2351279475605053
human,H1,HA,HA,1347,-0.3474395267509973
human,H1,HA,HA,1348,0.26278100584286235
human,H1,HA,HA,1350,0.007797703529667802
human,H1,HA,HA,1353,0.18048316765804928
human,H1,HA,HA,1354,-0.3521362847468386
human,H1,HA,HA,1356,-0.27028414212946844
human,H1,HA,HA,1359,0.06867610904875918
human,H1,HA,HA,1362,0.20372344759324068
human,H1,HA,HA,1365,-0.49883184407237774
human,H1,HA,HA,1368,0.026159802062046086
human,H1,HA,HA,1371,0.36531243887217135
human,H1,HA,HA,1374,-0.066799756773528
human,H1,HA,HA,1377,0.08238279161762296
human,H1,HA,HA,1380,-0.04707562202450883
human,H1,HA,HA,1383,0.24031900106374882
human,H1,HA,HA,1384,0.0035721737057251737
human,H1,HA,HA,1386,0.019015896071434224
human,H1,HA,HA,1389,0.09211156043657806
human,H1,HA,HA,1392,0.0809375789358144
human,H1,HA,HA,1395,0.7310955983846308
human,H1,HA,HA,1398,0.1689105288815259
human,H1,HA,HA,1399,-0.13102769673607081
human,H1,HA,HA,1401,-0.08066463461127744
human,H1,HA,HA,1404,0.22636629059484326
human,H1,HA,HA,1407,0.22667877562625763
human,H1,HA,HA,1408,-0.14494789250287954
human,H1,HA,HA,1410,0.25187145185637716
human,H1,HA,HA,1413,0.09217894441024371
human,H1,HA,HA,1416,-0.13201710201944603
human,H1,HA,HA,1419,-0.5445849808561629
human,H1,HA,HA,1422,0.24549309314491796
human,H1,HA,HA,1425,0.42580445313439785
human,H1,HA,HA,1428,-0.222447306743049
human,H1,HA,HA,1431,-0.8996443712726099
human,H1,HA,HA,1434,0.1685808179586139
human,H1,HA,HA,1437,0.12030146086250393
human,H1,HA,HA,1440,0.7799754942008876
human,H1,HA,HA,1443,0.0911623161742804
human,H1,HA,HA,1446,0.04060157530349138
human,H1,HA,HA,1449,0.026276493910714616
human,H1,HA,HA,1452,-0.12479214152444677
human,H1,HA,HA,1455,0.12742668075069877
human,H1,HA,HA,1458,-0.28042291247004913
human,H1,HA,HA,1461,0.04308539539098313
human,H1,HA,HA,1464,0.09237167525262806
human,H1,HA,HA,1467,0.24807418229187503
human,H1,HA,HA,1470,0.05438618659974226
human,H1,HA,HA,1473,0.13463555128127447
human,H1,HA,HA,1476,0.24415272491440582
human,H1,HA,HA,1482,-0.16727563915735227
human,H1,HA,HA,1485,-0.07380678465675264
human,H1,HA,HA,1488,0.3220805185758375
human,H1,HA,HA,1491,0.16900296330636408
human,H1,HA,HA,1494,-0.17582559193626005
human,H1,HA,HA,1497,-0.013698642692470973
human,H1,HA,HA,1500,-0.24789773287506214
human,H1,HA,HA,1503,0.02183180061784636
human,H1,HA,HA,1506,0.05662274264238443
human,H1,HA,HA,1509,-0.09870066516682907
human,H1,HA,HA,1512,1.2883609757633645
human,H1,HA,HA,1515,0.02679316872533581
human,H1,HA,HA,1518,0.5499568323696143
human,H1,HA,HA,1521,-0.05023436544954829
human,H1,HA,HA,1524,0.01937620654989455
human,H1,HA,HA,1527,0.08054265637784766
human,H1,HA,HA,1530,0.6328420758204402
human,H1,HA,HA,1533,0.2320358953095234
human,H1,HA,HA,1534,0.10524347533168898
human,H1,HA,HA,1536,0.13550358274608876
human,H1,HA,HA,1539,-0.18288746630313826
human,H1,HA,HA,1542,-0.507932370831391
human,H1,HA,HA,1545,-0.13896750343581915
human,H1,HA,HA,1548,-0.204448018651384
human,H1,HA,HA,1551,0.5308204559903658
human,H1,HA,HA,1554,-0.128179394518746
human,H1,HA,HA,1557,0.09578545087770814
human,H1,HA,HA,1560,0.0022030750458828935
human,H1,HA,HA,1563,0.43500371768170276
human,H1,HA,HA,1564,-0.37136605811779194
human,H1,HA,HA,1566,-0.19342885795428602
human,H1,HA,HA,1569,0.201452019039992
human,H1,HA,HA,1572,0.35331777924826546
human,H1,HA,HA,1575,-0.5413406747399679
human,H1,HA,HA,1576,-1.4662083013792995
human,H1,HA,HA,1578,-0.03361604125493946
human,H1,HA,HA,1581,0.017857986163721144
human,H1,HA,HA,1584,-0.03069305913458487
human,H1,HA,HA,1587,-0.27500631513277934
human,H1,HA,HA,1590,0.3067944712245104
human,H1,HA,HA,1591,-0.0566398826156305
human,H1,HA,HA,1593,-0.916365676710513
human,H1,HA,HA,1596,-0.46938725803848025
human,H1,HA,HA,1599,-0.2712611397437848
human,H1,HA,HA,1602,-0.18155802769637644
human,H1,HA,HA,1605,-0.2137767445337593
human,H1,HA,HA,1608,-0.6058870515105798
human,H1,HA,HA,1611,-0.8892382677647035
human,H1,HA,HA,1614,-0.6035111988196518
human,H1,HA,HA,1617,0.45080294173716073
human,H1,HA,HA,1620,0.46212738623735844
human,H1,HA,HA,1621,-0.31163681613237687
human,H1,HA,HA,1623,0.06448668933376256
human,H1,HA,HA,1626,0.28681082504098543
human,H1,HA,HA,1627,-0.2732898043001187
human,H1,HA,HA,1629,-0.1902308710891432
human,H1,HA,HA,1632,-0.39000149576045157
human,H1,HA,HA,1635,-3.5504728324742487
human,H1,HA,HA,1638,-0.8390401918156776
human,H1,HA,HA,1639,-1.0304165286855258
human,H1,HA,HA,1641,-2.090106267454166
human,H1,HA,HA,1644,-3.275395416301448
human,H1,HA,HA,1647,-1.4065819159107282
human,H1,HA,HA,1650,-1.8944249383684688
human,H1,HA,HA,1653,1.2853965059482297
human,H1,HA,HA,1656,1.1072121929591963
human,H1,HA,HA,1665,0.6482839811394688
human,H1,HA,HA,1668,0.39918434552353527
human,H1,HA,HA,1671,-0.7553201009215167
human,H1,HA,HA,1674,-0.26865729003649297
human,H1,HA,HA,1677,-0.08700394384733841
human,H1,HA,HA,1678,0.36685900834145496
human,H1,HA,HA,1680,-1.2698432597808909
human,H1,HA,HA,1683,0.5909728099555956
human,H1,HA,HA,1686,-0.10433256090259918
human,H1,HA,HA,1689,-0.5773695465732165
human,H1,HA,HA,1692,-0.17577815805050762
human,H1,HA,HA,1695,0.16630367888115044
human,H1,HA,HA,1698,-0.09274802269951676
human,H1,HA,HA,1700,0.5610905110363712
human,H3,HA,HA,6,-0.2893282175518446
human,H3,HA,HA,9,0.48449782302283917
human,H3,HA,HA,12,-0.09346584218573264
human,H3,HA,HA,15,0.3125686119265871
human,H3,HA,HA,18,0.361870784194118
human,H3,HA,HA,19,0.06598525913876244
human,H3,HA,HA,21,0.12834026667865076
human,H3,HA,HA,24,-1.913881578592783
human,H3,HA,HA,27,-0.6984577278149746
human,H3,HA,HA,30,-0.47825529759596214
human,H3,HA,HA,31,-0.6071954073144447
human,H3,HA,HA,33,-0.5545380975818935
human,H3,HA,HA,36,-0.1110917417771867
human,H3,HA,HA,37,0.38274214301283643
human,H3,HA,HA,39,0.25623903436521733
human,H3,HA,HA,42,0.3873907593863683
human,H3,HA,HA,45,-0.02120609804268683
human,H3,HA,HA,48,0.46398157742743457
human,H3,HA,HA,51,-0.039411002910522366
human,H3,HA,HA,54,0.11687642246628809
human,H3,HA,HA,57,0.7490964467269965
human,H3,HA,HA,60,0.48271658401329814
human,H3,HA,HA,63,0.2542734315525205
human,H3,HA,HA,66,0.31081658609071194
human,H3,HA,HA,69,-0.43207381938276074
human,H3,HA,HA,72,0.050457834834814856
human,H3,HA,HA,75,0.12802652232507167
human,H3,HA,HA,78,0.16524687120862794
human,H3,HA,HA,81,0.20979869914180962
human,H3,HA,HA,84,-0.4383184906974446
human,H3,HA,HA,85,0.14677291000847473
human,H3,HA,HA,87,-0.03631791675564065
human,H3,HA,HA,90,-0.14013974198239032
human,H3,HA,HA,93,0.1917474475617341
human,H3,HA,HA,96,0.1413406622112655
human,H3,HA,HA,99,0.06846673966729441
human,H3,HA,HA,102,-0.14803639655199669
human,H3,HA,HA,105,-0.6824170795038818
human,H3,HA,HA,108,0.20628833024716006
human,H3,HA,HA,111,-0.37374837068027
human,H3,HA,HA,114,-0.030314221669276546
human,H3,HA,HA,117,0.4642389872162068
human,H3,HA,HA,120,0.24113178162506194
human,H3,HA,HA,123,-0.10257999653332445
human,H3,HA,HA,126,0.07404221188059358
human,H3,HA,HA,129,0.11452858603521632
human,H3,HA,HA,132,-0.16546315985631285
human,H3,HA,HA,135,0.0300467693825954
human,H3,HA,HA,138,0.3563163082717803
human,H3,HA,HA,141,0.11151795959805104
human,H3,HA,HA,144,-0.5902041003039686
human,H3,HA,HA,145,0.20276174757334323
human,H3,HA,HA,147,-0.04339574554375251
human,H3,HA,HA,150,0.046175138894396624
human,H3,HA,HA,153,0.03913054390213252
human,H3,HA,HA,156,0.36640543084234883
human,H3,HA,HA,159,0.020225593346651
human,H3,HA,HA,162,0.06063877338676414
human,H3,HA,HA,165,-0.025008213063285583
human,H3,HA,HA,168,0.2370259915799322
human,H3,HA,HA,171,0.5558947091891612
human,H3,HA,HA,172,-0.017434264386945106
human,H3,HA,HA,174,0.36680672935149616
human,H3,HA,HA,177,0.27674332048909334
human,H3,HA,HA,180,-0.13732757270480972
human,H3,HA,HA,183,0.30505037949234987
human,H3,HA,HA,186,0.0646168833643276
human,H3,HA,HA,189,0.08735487429778814
human,H3,HA,HA,192,0.18700760883455145
human,H3,HA,HA,195,-0.02490580112363037
human,H3,HA,HA,198,-0.15474847161835287
human,H3,HA,HA,201,0.3848264070329722
human,H3,HA,HA,204,0.047188800704687284
human,H3,HA,HA,207,-0.2180394660098632
human,H3,HA,HA,210,0.5934975898611139
human,H3,HA,HA,213,0.016290058023374902
human,H3,HA,HA,216,0.3386508950665285
human,H3,HA,HA,219,0.09643015677119138
human,H3,HA,HA,222,-0.063293460026457
human,H3,HA,HA,225,0.08610328175051778
human,H3,HA,HA,228,0.1270661063574141
human,H3,HA,HA,231,0.11731972421279649
human,H3,HA,HA,234,0.15037513064413893
human,H3,HA,HA,237,-0.022977693742914
human,H3,HA,HA,240,-0.09966155171686764
human,H3,HA,HA,243,0.28814060241765427
human,H3,HA,HA,244,0.03136382735235872
human,H3,HA,HA,246,-0.2512913856399517
human,H3,HA,HA,249,0.15728313603684413
human,H3,HA,HA,252,-0.2589166975243157
human,H3,HA,HA,255,-0.12544557267997872
human,H3,HA,HA,256,-0.7244441067294848
human,H3,HA,HA,258,-0.4845148060978155
human,H3,HA,HA,259,-0.24585557315989115
human,H3,HA,HA,261,0.014824527951012611
human,H3,HA,HA,264,0.2710463427440111
human,H3,HA,HA,267,-0.22089304567638804
human,H3,HA,HA,270,0.0009356909518634764
human,H3,HA,HA,273,-0.2742577321492426
human,H3,HA,HA,276,-0.29516969501153273
human,H3,HA,HA,279,0.03598316003862902
human,H3,HA,HA,282,-0.10500408191723667
human,H3,HA,HA,285,-0.07321988585919631
human,H3,HA,HA,288,-0.13546465502656993
human,H3,HA,HA,291,0.45498692915572675
human,H3,HA,HA,294,-0.16870263052373627
human,H3,HA,HA,297,0.09333505733492567
human,H3,HA,HA,303,-0.4285478500275374
human,H3,HA,HA,306,-0.20453636592249314
human,H3,HA,HA,309,-0.06939504226572098
human,H3,HA,HA,312,0.14558166796812647
human,H3,HA,HA,315,0.15731944160884367
human,H3,HA,HA,316,0.34888861661257325
human,H3,HA,HA,318,0.775701957643759
human,H3,HA,HA,321,0.22857516937561667
human,H3,HA,HA,324,-0.09766493337169514
human,H3,HA,HA,327,0.14533219230691685
human,H3,HA,HA,330,-0.42931194128681244
human,H3,HA,HA,333,0.2860857859917278
human,H3,HA,HA,336,-0.3011099226666299
human,H3,HA,HA,339,0.04631497845247099
human,H3,HA,HA,342,-0.47876265278343244
human,H3,HA,HA,345,-0.25393133844760907
human,H3,HA,HA,348,0.14182518686101467
human,H3,HA,HA,351,0.04653090121718073
human,H3,HA,HA,354,0.23022960636310574
human,H3,HA,HA,357,-0.09295493930057258
human,H3,HA,HA,360,-0.3222067866994822
human,H3,HA,HA,363,-0.19253899392488213
human,H3,HA,HA,366,0.18757261321273078
human,H3,HA,HA,369,0.11355074015741984
human,H3,HA,HA,372,-0.3612069441476208
human,H3,HA,HA,373,0.8319408585673111
human,H3,HA,HA,375,-0.041682981443791095
human,H3,HA,HA,378,0.15035240421259216
human,H3,HA,HA,379,-0.36878835370656826
human,H3,HA,HA,381,-0.5090289216464668
human,H3,HA,HA,384,0.14194065236731535
human,H3,HA,HA,387,0.3104034627011489
human,H3,HA,HA,390,0.12946732177487028
human,H3,HA,HA,393,0.7063059877100372
human,H3,HA,HA,396,0.2722890088328913
human,H3,HA,HA,399,0.0560165303422348
human,H3,HA,HA,400,-0.1457205738610877
human,H3,HA,HA,402,-0.021401347287583878
human,H3,HA,HA,405,0.13961162848003783
human,H3,HA,HA,408,0.18861994565097934
human,H3,HA,HA,411,0.05727159529505956
human,H3,HA,HA,414,-0.04588936109098212
human,H3,HA,HA,417,0.053201164846934525
human,H3,HA,HA,420,0.8547761288809523
human,H3,HA,HA,423,-1.003989542799537
human,H3,HA,HA,426,-0.31050600470989576
human,H3,HA,HA,432,0.2076485643110348
human,H3,HA,HA,435,0.02471860940361721
human,H3,HA,HA,438,-0.09561338834314684
human,H3,HA,HA,441,-0.1529775281100274
human,H3,HA,HA,444,0.018116316042764532
human,H3,HA,HA,447,-0.07017785462618392
human,H3,HA,HA,450,0.5720416902598487
human,H3,HA,HA,453,-0.20996268963771586
human,H3,HA,HA,456,0.4619198006180637
human,H3,HA,HA,459,0.05951448719151506
human,H3,HA,HA,462,0.23763346478235622
human,H3,HA,HA,465,0.15255481694733086
human,H3,HA,HA,468,-0.4548094720871356
human,H3,HA,HA,469,-0.2763498429997722
human,H3,HA,HA,471,0.11926923299913093
human,H3,HA,HA,474,-0.04921118395927704
human,H3,HA,HA,477,-0.4648638462557981
human,H3,HA,HA,480,-0.10123742566301568
human,H3,HA,HA,483,0.562431704412194
human,H3,HA,HA,486,0.269215626480997
human,H3,HA,HA,489,0.28760007566139734
human,H3,HA,HA,492,-0.2115626813746456
human,H3,HA,HA,495,-0.07027380136036485
human,H3,HA,HA,498,0.10693305857292752
human,H3,HA,HA,499,-0.1110469062330743
human,H3,HA,HA,501,0.3979770917409382
human,H3,HA,HA,504,-0.22039139953182896
human,H3,HA,HA,508,-0.2332758912953459
human,H3,HA,HA,510,0.15629034337421857
human,H3,HA,HA,513,-0.28790043240563534
human,H3,HA,HA,516,0.7029730890944267
human,H3,HA,HA,517,-0.16744154099806124
human,H3,HA,HA,519,0.21092106807406685
human,H3,HA,HA,522,-0.025036649236326116
human,H3,HA,HA,525,-0.1940027072942056
human,H3,HA,HA,528,-0.1313547285473758
human,H3,HA,HA,531,0.273615194864292
human,H3,HA,HA,534,0.1808605952857607
human,H3,HA,HA,537,-0.0813686760079702
human,H3,HA,HA,538,0.1739396397622473
human,H3,HA,HA,540,0.4303114379553206
human,H3,HA,HA,543,0.07887358578571518
human,H3,HA,HA,546,0.5118308186853806
human,H3,HA,HA,549,0.082908964668331
human,H3,HA,HA,555,0.771191082207679
human,H3,HA,HA,558,-0.08050833903100905
human,H3,HA,HA,561,0.19846061728571024
human,H3,HA,HA,564,0.1306999476306958
human,H3,HA,HA,567,-0.02480019993322245
human,H3,HA,HA,570,0.43433830015620906
human,H3,HA,HA,573,-0.5897923729874734
human,H3,HA,HA,576,-0.23833952840157888
human,H3,HA,HA,577,0.104504954211393
human,H3,HA,HA,579,-0.10840083534888845
human,H3,HA,HA,582,-0.9497331175924554
human,H3,HA,HA,585,0.37765847747071396
human,H3,HA,HA,591,-0.04436061701869342
human,H3,HA,HA,594,0.2929266249183936
human,H3,HA,HA,597,0.17908063228108995
human,H3,HA,HA,600,0.13666503586976717
human,H3,HA,HA,603,0.12414881428589772
human,H3,HA,HA,606,0.344543303636521
human,H3,HA,HA,609,0.2905221450235003
human,H3,HA,HA,612,-0.3282413106320675
human,H3,HA,HA,615,0.06212553367676044
human,H3,HA,HA,618,-0.3682470282414934
human,H3,HA,HA,621,-0.1987827714096301
human,H3,HA,HA,624,-0.29207539302552404
human,H3,HA,HA,627,0.23225158837405227
human,H3,HA,HA,628,0.0935774314119569
human,H3,HA,HA,630,-0.07570449808211403
human,H3,HA,HA,633,0.09551444465648753
human,H3,HA,HA,636,0.014485531257315769
human,H3,HA,HA,639,-0.27333006420741995
human,H3,HA,HA,642,0.006538591204610765
human,H3,HA,HA,645,0.07016210498158833
human,H3,HA,HA,648,0.10027785533202127
human,H3,HA,HA,649,0.2666749679822786
human,H3,HA,HA,651,0.15706369982743618
human,H3,HA,HA,654,0.08333874693591903
human,H3,HA,HA,657,0.2600551770739675
human,H3,HA,HA,660,0.3323152399863443
human,H3,HA,HA,663,0.3966793269219253
human,H3,HA,HA,666,0.0999269930461891
human,H3,HA,HA,669,-0.6265976053782224
human,H3,HA,HA,670,0.10432084381372404
human,H3,HA,HA,672,0.1615551767875205
human,H3,HA,HA,675,-0.5849826322901595
human,H3,HA,HA,678,-0.027152043789864213
human,H3,HA,HA,681,0.11649358485596452
human,H3,HA,HA,684,0.16774935532525173
human,H3,HA,HA,687,0.40229213382688567
human,H3,HA,HA,690,0.24698317752536614
human,H3,HA,HA,693,0.23888441000497612
human,H3,HA,HA,696,0.2814267143962535
human,H3,HA,HA,699,0.19507641757021726
human,H3,HA,HA,702,0.27092120125994446
human,H3,HA,HA,705,0.06882495967634393
human,H3,HA,HA,706,0.5554720519543999
human,H3,HA,HA,708,-0.31388036025102584
human,H3,HA,HA,711,-0.05175734553205933
human,H3,HA,HA,712,0.6749768834930663
human,H3,HA,HA,714,-0.1549839014153165
human,H3,HA,HA,717,0.2944255295162743
human,H3,HA,HA,718,0.10306436348058333
human,H3,HA,HA,720,-0.10497073063451542
human,H3,HA,HA,723,0.21571486799144243
human,H3,HA,HA,726,0.6726830183823793
human,H3,HA,HA,729,-0.1796240681135609
human,H3,HA,HA,732,0.2885332993493191
human,H3,HA,HA,735,0.009860121762097926
human,H3,HA,HA,741,0.12878353201574896
human,H3,HA,HA,744,-0.19535364289128487
human,H3,HA,HA,747,-0.20510272823813747
human,H3,HA,HA,753,-0.11378982314469453
human,H3,HA,HA,756,-0.18235447760457169
human,H3,HA,HA,759,0.33931776833711397
human,H3,HA,HA,762,0.13809538926547751
human,H3,HA,HA,765,0.12807667738845688
human,H3,HA,HA,768,0.16179887625181727
human,H3,HA,HA,771,-0.3294323957964041
human,H3,HA,HA,774,0.425799713670111
human,H3,HA,HA,777,0.253697377904422
human,H3,HA,HA,778,0.14967242125680824
human,H3,HA,HA,780,0.1863145548740547
human,H3,HA,HA,783,0.2691815053157558
human,H3,HA,HA,786,0.12695818383829627
human,H3,HA,HA,789,0.16864148500486625
human,H3,HA,HA,792,0.3889162653743044
human,H3,HA,HA,795,0.4173740788591225
human,H3,HA,HA,798,-0.33712291018652185
human,H3,HA,HA,799,0.09115469749033304
human,H3,HA,HA,801,-0.3693716492363531
human,H3,HA,HA,804,0.5591793911296856
human,H3,HA,HA,807,0.03882086270756004
human,H3,HA,HA,810,-0.20581623080079436
human,H3,HA,HA,811,0.43348179477640303
human,H3,HA,HA,813,0.15053182720603475
human,H3,HA,HA,816,0.615903564491689
human,H3,HA,HA,819,0.015534084648186518
human,H3,HA,HA,822,0.3014755841062468
human,H3,HA,HA,825,-0.23571974046933666
human,H3,HA,HA,829,0.2825377323689564
human,H3,HA,HA,831,-0.22019829289607293
human,H3,HA,HA,834,-0.2987916071698899
human,H3,HA,HA,837,0.6016453869517966
human,H3,HA,HA,840,-0.30563199504010424
human,H3,HA,HA,843,-0.10475697978770185
human,H3,HA,HA,846,0.2141598216133305
human,H3,HA,HA,855,-0.014271264774559943
human,H3,HA,HA,858,0.06730271995357197
human,H3,HA,HA,861,0.042536574173792224
human,H3,HA,HA,864,0.2721169451604357
human,H3,HA,HA,867,0.013632580017883027
human,H3,HA,HA,870,0.3565918000658981
human,H3,HA,HA,873,0.016399288033326208
human,H3,HA,HA,876,0.18868337322004988
human,H3,HA,HA,879,0.4217778888508805
human,H3,HA,HA,882,0.36420245254209327
human,H3,HA,HA,885,0.13766046662270529
human,H3,HA,HA,888,-0.08979572385216808
human,H3,HA,HA,891,-0.32025274185403435
human,H3,HA,HA,894,-0.35358914582151424
human,H3,HA,HA,897,0.12215797877424747
human,H3,HA,HA,900,-0.026589292578294416
human,H3,HA,HA,903,0.043337825805079486
human,H3,HA,HA,906,0.19729859690027068
human,H3,HA,HA,909,-0.02444858389740338
human,H3,HA,HA,912,0.26064494611049466
human,H3,HA,HA,915,0.0878596015232217
human,H3,HA,HA,918,0.36453234295332837
human,H3,HA,HA,921,-0.5029534365997501
human,H3,HA,HA,924,-0.26391808659714056
human,H3,HA,HA,927,0.035146621943396794
human,H3,HA,HA,930,-0.04010040053988629
human,H3,HA,HA,933,-0.4215127821619565
human,H3,HA,HA,936,0.26431843770905444
human,H3,HA,HA,939,0.5875996949060546
human,H3,HA,HA,942,-0.06583864431264094
human,H3,HA,HA,943,0.14653241428670633
human,H3,HA,HA,945,-0.001689861951394037
human,H3,HA,HA,948,0.06863979846442979
human,H3,HA,HA,951,0.5430819168118806
human,H3,HA,HA,954,0.7265774985002885
human,H3,HA,HA,957,-0.08940367879880134
human,H3,HA,HA,960,0.37984292965366584
human,H3,HA,HA,963,0.4210712123846006
human,H3,HA,HA,966,-0.020962031361049092
human,H3,HA,HA,967,0.6573849797523201
human,H3,HA,HA,969,-0.026352570731794582
human,H3,HA,HA,972,-0.1189162797570205
human,H3,HA,HA,975,0.5962644185392546
human,H3,HA,HA,978,0.46554866824813146
human,H3,HA,HA,981,-0.014539071628167657
human,H3,HA,HA,984,0.2660995866709713
human,H3,HA,HA,987,0.25782286347433087
human,H3,HA,HA,988,0.019843332962877477
human,H3,HA,HA,990,0.06659507978447993
human,H3,HA,HA,993,0.016009670473677746
human,H3,HA,HA,994,-0.16087304893577567
human,H3,HA,HA,996,-0.00698980006203587
human,H3,HA,HA,999,0.35808530384347426
human,H3,HA,HA,1002,0.05062756569584809
human,H3,HA,HA,1005,0.5481119259529441
human,H3,HA,HA,1009,0.06478164874468603
human,H3,HA,HA,1011,0.33770687846989295
human,H3,HA,HA,1014,0.32885519421319326
human,H3,HA,HA,1017,0.5936636906841568
human,H3,HA,HA,1020,0.20950397963099443
human,H3,HA,HA,1023,0.048068828769267866
human,H3,HA,HA,1026,0.05551087934110347
human,H3,HA,HA,1029,-0.04615360994690489
human,H3,HA,HA,1032,-0.28919678660437975
human,H3,HA,HA,1035,-0.04677803892961002
human,H3,HA,HA,1038,0.06349315242390194
human,H3,HA,HA,1041,0.3912387885260593
human,H3,HA,HA,1044,-0.06396338527269933
human,H3,HA,HA,1047,0.3151117888811607
human,H3,HA,HA,1050,0.42276149238839267
human,H3,HA,HA,1053,0.38798369094359914
human,H3,HA,HA,1056,0.1646291484236921
human,H3,HA,HA,1059,0.9303875043941066
human,H3,HA,HA,1062,0.04502524701202205
human,H3,HA,HA,1065,0.6902950672281881
human,H3,HA,HA,1068,-0.23737462878546345
human,H3,HA,HA,1071,0.08562426390925601
human,H3,HA,HA,1074,-0.6417517773719856
human,H3,HA,HA,1080,0.3948347151736933
human,H3,HA,HA,1083,0.5032448720406396
human,H3,HA,HA,1089,0.4373295050555839
human,H3,HA,HA,1092,0.16580388677830615
human,H3,HA,HA,1095,-0.07762896908690016
human,H3,HA,HA,1101,-0.03928967151921646
human,H3,HA,HA,1104,-0.07396674658668467
human,H3,HA,HA,1107,-0.18071561957365573
human,H3,HA,HA,1108,0.1268016869924033
human,H3,HA,HA,1110,0.3738828960872452
human,H3,HA,HA,1113,0.06951099986481195
human,H3,HA,HA,1116,0.26930098206272285
human,H3,HA,HA,1119,0.41326944435084
human,H3,HA,HA,1122,0.3163823667685108
human,H3,HA,HA,1125,0.6655809637764097
human,H3,HA,HA,1128,0.19309277379409273
human,H3,HA,HA,1129,-0.1306391531363073
human,H3,HA,HA,1131,-0.33022966169227563
human,H3,HA,HA,1134,0.22861240881293832
human,H3,HA,HA,1137,-0.09681116483741421
human,H3,HA,HA,1140,0.034028267914935004
human,H3,HA,HA,1143,0.3768534544022911
human,H3,HA,HA,1146,-0.23067168817272043
human,H3,HA,HA,1149,-0.0223393074552581
human,H3,HA,HA,1152,-0.1720534660067651
human,H3,HA,HA,1155,0.3163043272846255
human,H3,HA,HA,1158,0.161406500723569
human,H3,HA,HA,1161,0.09126163133612906
human,H3,HA,HA,1164,0.12098856772844634
human,H3,HA,HA,1167,0.43688141972202654
human,H3,HA,HA,1170,-0.243649520024266
human,H3,HA,HA,1173,0.19725743755220063
human,H3,HA,HA,1176,0.1136818246984879
human,H3,HA,HA,1179,0.15901423478730456
human,H3,HA,HA,1182,0.16379171976329135
human,H3,HA,HA,1185,0.2920984865505918
human,H3,HA,HA,1188,0.19012831869783903
human,H3,HA,HA,1189,-0.012721582483494474
human,H3,HA,HA,1191,0.1799545992811209
human,H3,HA,HA,1194,0.14412326455271215
human,H3,HA,HA,1195,0.09966558132804142
human,H3,HA,HA,1197,0.21689950349819317
human,H3,HA,HA,1198,-0.0317507918243518
human,H3,HA,HA,1200,0.39928542858129135
human,H3,HA,HA,1203,0.170544224698059
human,H3,HA,HA,1206,0.37583786978828293
human,H3,HA,HA,1209,0.03074876784010962
human,H3,HA,HA,1212,0.08492511561668686
human,H3,HA,HA,1215,0.21318766221430865
human,H3,HA,HA,1218,-0.3022137236224332
human,H3,HA,HA,1221,0.18552951715371518
human,H3,HA,HA,1224,0.057327937292116535
human,H3,HA,HA,1227,0.09972249754601402
human,H3,HA,HA,1230,0.08421056652248225
human,H3,HA,HA,1233,0.038201347329070934
human,H3,HA,HA,1236,0.12702352815426773
human,H3,HA,HA,1239,1.1041506442429327
human,H3,HA,HA,1242,0.4407444269654708
human,H3,HA,HA,1245,0.22580372414978073
human,H3,HA,HA,1248,0.20471620848900984
human,H3,HA,HA,1251,0.6390329605167056
human,H3,HA,HA,1254,0.4298253631367607
human,H3,HA,HA,1257,-0.05771981111380459
human,H3,HA,HA,1260,0.3524827409870201
human,H3,HA,HA,1261,0.29213836992956305
human,H3,HA,HA,1263,-0.2264374520660748
human,H3,HA,HA,1266,0.3564711456856314
human,H3,HA,HA,1269,0.13204689245374115
human,H3,HA,HA,1272,-0.04092616021780796
human,H3,HA,HA,1275,0.14419681048080646
human,H3,HA,HA,1278,-0.46854738926230777
human,H3,HA,HA,1281,0.19387431748972322
human,H3,HA,HA,1284,-0.027624194754173166
human,H3,HA,HA,1287,0.18568271714180487
human,H3,HA,HA,1290,-0.2696742906696704
human,H3,HA,HA,1293,0.006872631075547243
human,H3,HA,HA,1296,0.4314818356676987
human,H3,HA,HA,1299,-0.3630687799074368
human,H3,HA,HA,1302,0.26523259512858943
human,H3,HA,HA,1305,-0.39948241150944525
human,H3,HA,HA,1308,0.14706234327147666
human,H3,HA,HA,1314,-0.06457046195809503
human,H3,HA,HA,1317,-0.23928387116254082
human,H3,HA,HA,1320,0.23955161023020347
human,H3,HA,HA,1323,0.1662925683106535
human,H3,HA,HA,1326,-0.3568747087985354
human,H3,HA,HA,1329,-0.06483097291779909
human,H3,HA,HA,1332,-0.32430461717699777
human,H3,HA,HA,1335,0.39862932329105316
human,H3,HA,HA,1338,0.5870603976383517
human,H3,HA,HA,1339,0.4900311199231333
human,H3,HA,HA,1341,0.3299505603373795
human,H3,HA,HA,1344,0.008171342506224548
human,H3,HA,HA,1347,0.23949205788532132
human,H3,HA,HA,1350,-0.12419071049876676
human,H3,HA,HA,1353,0.8177000108313044
human,H3,HA,HA,1356,0.09181443987405617
human,H3,HA,HA,1359,-0.12678058677357817
human,H3,HA,HA,1362,0.1462136640029177
human,H3,HA,HA,1363,-0.2508909882047898
human,H3,HA,HA,1365,-0.2294742661478459
human,H3,HA,HA,1368,0.09707002965709478
human,H3,HA,HA,1371,0.36626152781198934
human,H3,HA,HA,1374,0.2731904657858943
human,H3,HA,HA,1377,-0.1407640200455038
human,H3,HA,HA,1383,-0.5475506885806776
human,H3,HA,HA,1386,0.10803454977234392
human,H3,HA,HA,1387,-0.19609535994786575
human,H3,HA,HA,1389,0.20442072036262185
human,H3,HA,HA,1392,0.0052095473499509225
human,H3,HA,HA,1395,-0.2366755327065864
human,H3,HA,HA,1398,0.20129816245893076
human,H3,HA,HA,1401,0.1309822142058525
human,H3,HA,HA,1404,0.31562717539997753
human,H3,HA,HA,1407,0.6296875271532618
human,H3,HA,HA,1410,0.3298389609439817
human,H3,HA,HA,1411,-0.2867193082307608
human,H3,HA,HA,1413,0.09690187320355406
human,H3,HA,HA,1416,0.2758952613624994
human,H3,HA,HA,1419,0.04181711450707851
human,H3,HA,HA,1422,0.04404699515975134
human,H3,HA,HA,1425,-0.012703126904634677
human,H3,HA,HA,1428,0.08713944134971402
human,H3,HA,HA,1431,0.01297199493308693
human,H3,HA,HA,1437,0.8776713709995282
human,H3,HA,HA,1440,0.15898098570471975
human,H3,HA,HA,1443,-0.2945321956796002
human,H3,HA,HA,1446,0.3000141348244087
human,H3,HA,HA,1449,0.029613499620673372
human,H3,HA,HA,1452,-0.10997256151721026
human,H3,HA,HA,1455,0.24495500372959556
human,H3,HA,HA,1458,0.1297235681747522
human,H3,HA,HA,1461,-0.2916227307096268
human,H3,HA,HA,1464,-0.38476489063610503
human,H3,HA,HA,1467,0.12259937109663088
human,H3,HA,HA,1470,-0.17248644039281244
human,H3,HA,HA,1473,-0.30912823640855347
human,H3,HA,HA,1476,0.25346224208681434
human,H3,HA,HA,1479,0.38944234405412925
human,H3,HA,HA,1482,0.12989967992567336
human,H3,HA,HA,1485,0.3224496310993311
human,H3,HA,HA,1488,-0.05659695709049297
human,H3,HA,HA,1491,0.5288288647814378
human,H3,HA,HA,1492,-0.5333407292190381
human,H3,HA,HA,1494,0.018827613464900816
human,H3,HA,HA,1497,0.07787650702275317
human,H3,HA,HA,1500,0.045063576560876124
human,H3,HA,HA,1503,-0.23093969020349428
human,H3,HA,HA,1506,0.04283887237134574
human,H3,HA,HA,1509,0.17789604067459447
human,H3,HA,HA,1512,-0.01706831852394621
human,H3,HA,HA,1515,0.0778594921895737
human,H3,HA,HA,1518,0.2818816328263448
human,H3,HA,HA,1521,-0.5923360357294551
human,H3,HA,HA,1524,0.14201864806800632
human,H3,HA,HA,1527,0.14314412596367704
human,H3,HA,HA,1530,0.11360887025125403
human,H3,HA,HA,1533,0.25126687958253835
human,H3,HA,HA,1534,0.05101851115749239
human,H3,HA,HA,1536,0.3917146474009242
human,H3,HA,HA,1539,-0.24631811719198232
human,H3,HA,HA,1542,-0.03822833838222419
human,H3,HA,HA,1543,0.06735716460746143
human,H3,HA,HA,1545,0.38704635583919467
human,H3,HA,HA,1548,0.23790529999254495
human,H3,HA,HA,1551,-0.03571561964216453
human,H3,HA,HA,1554,-0.1481349629488244
human,H3,HA,HA,1557,1.1696079759038063
human,H3,HA,HA,1560,0.40345823276883636
human,H3,HA,HA,1563,-0.4752362519444839
human,H3,HA,HA,1566,0.1311216171615056
human,H3,HA,HA,1567,-0.19089207880097323
human,H3,HA,HA,1569,0.20271322060133506
human,H3,HA,HA,1572,0.2119886460420607
human,H3,HA,HA,1575,0.1573075459637586
human,H3,HA,HA,1578,0.16268902886929515
human,H3,HA,HA,1581,-0.3434927339294494
human,H3,HA,HA,1584,-0.2836282899158368
human,H3,HA,HA,1587,0.055127306220410247
human,H3,HA,HA,1593,0.1542514249128546
human,H3,HA,HA,1594,-0.08654450113709498
human,H3,HA,HA,1596,-0.9975067156670653
human,H3,HA,HA,1602,-0.022471572059568987
human,H3,HA,HA,1605,-0.7089645527180646
human,H3,HA,HA,1608,-0.7185137426206146
human,H3,HA,HA,1611,-4.071713348064917
human,H3,HA,HA,1617,-0.9016452595603628
human,H3,HA,HA,1620,0.3561782261334555
human,H3,HA,HA,1623,-0.0923852427821844
human,H3,HA,HA,1624,-0.16110077032914946
human,H3,HA,HA,1626,0.07747202015878149
human,H3,HA,HA,1629,-0.38149239697042
human,H3,HA,HA,1632,0.19197255294906837
human,H3,HA,HA,1635,-0.3297848001983002
human,H3,HA,HA,1638,-0.021977235098144327
human,H3,HA,HA,1639,-0.2857188119398672
human,H3,HA,HA,1641,-0.4646861974157795
human,H3,HA,HA,1642,-0.6972880935913598
human,H3,HA,HA,1644,-1.4416776100485398
human,H3,HA,HA,1647,0.22041621326487199
human,H3,HA,HA,1650,1.1712673139248717
human,H3,HA,HA,1653,-0.0314497186333724
human,H3,HA,HA,1662,0.015267573599689332
human,H3,HA,HA,1665,-1.6725887231332643
human,H3,HA,HA,1668,-0.051472549431171674
human,H3,HA,HA,1671,0.9830239432117385
human,H3,HA,HA,1674,-1.5901216154488953
human,H3,HA,HA,1677,-0.8329781973512345
human,H3,HA,HA,1680,-0.19503905206382485
human,H3,HA,HA,1681,0.4925076642550382
human,H3,HA,HA,1683,0.4826280730316951
human,H3,HA,HA,1686,-0.4512134292541898
human,H3,HA,HA,1689,0.36793439396508076
human,H3,HA,HA,1692,0.8776426758421965
human,H3,HA,HA,1695,-0.3331169910488598
human,H3,HA,HA,1698,-0.31248465906358003
human,H3,HA,HA,1700,0.12123664848084291
human,N1,NA,NA,6,0.9026129927937241
human,N1,NA,NA,9,-0.4682818793509047
human,N1,NA,NA,12,0.246485765837058
human,N1,NA,NA,15,0.3788893270554844
human,N1,NA,NA,18,0.5007181229824882
human,N1,NA,NA,21,0.2368876598170097
human,N1,NA,NA,24,0.557706453138737
human,N1,NA,NA,27,-0.36223161499260575
human,N1,NA,NA,30,-0.04140285240565286
human,N1,NA,NA,33,0.2557356656714006
human,N1,NA,NA,36,0.4183858816988987
human,N1,NA,NA,39,-0.38505535923521295
human,N1,NA,NA,42,0.08987794377147744
human,N1,NA,NA,48,0.06594737958221454
human,N1,NA,NA,51,-0.03768739114332123
human,N1,NA,NA,54,0.07304925385663939
human,N1,NA,NA,57,-0.19130355968295715
human,N1,NA,NA,60,0.7232290017244761
human,N1,NA,NA,63,-2.9551026355572674
human,N1,NA,NA,64,0.46771613563072817
human,N1,NA,NA,66,0.09116884096993855
human,N1,NA,NA,69,0.38861576022528455
human,N1,NA,NA,70,0.14098324779508284
human,N1,NA,NA,72,0.22805880687882163
human,N1,NA,NA,75,-0.11410531529572221
human,N1,NA,NA,78,-0.1399389816138654
human,N1,NA,NA,81,0.28377374544712736
human,N1,NA,NA,84,-0.3209188359732942
human,N1,NA,NA,87,0.30268478534685134
human,N1,NA,NA,90,-0.13338093808597168
human,N1,NA,NA,93,0.3298361358962622
human,N1,NA,NA,96,0.019023427292804096
human,N1,NA,NA,102,0.225936236986445
human,N1,NA,NA,105,0.1847824094117274
human,N1,NA,NA,108,-0.11544859051089452
human,N1,NA,NA,111,-0.319970366963781
human,N1,NA,NA,114,0.2880439449763815
human,N1,NA,NA,117,-0.16868844182254053
human,N1,NA,NA,120,-0.1958024268547407
human,N1,NA,NA,123,0.35884353396998
human,N1,NA,NA,126,0.05631897885626756
human,N1,NA,NA,129,-0.1302619348642173
human,N1,NA,NA,132,0.22866889464004592
human,N1,NA,NA,135,0.21825290041460835
human,N1,NA,NA,138,0.08614115685421313
human,N1,NA,NA,141,-0.47312501369204285
human,N1,NA,NA,144,-0.2838895978106206
human,N1,NA,NA,147,0.11731316251027402
human,N1,NA,NA,150,0.01876584120475777
human,N1,NA,NA,153,-0.0948066074526862
human,N1,NA,NA,156,-0.22424130420913727
human,N1,NA,NA,159,-0.4419700874023809
human,N1,NA,NA,162,0.41092770841309767
human,N1,NA,NA,165,0.3906081076957565
human,N1,NA,NA,168,-0.16738786085861354
human,N1,NA,NA,171,-0.12692167817006542
human,N1,NA,NA,174,-0.3299139372853591
human,N1,NA,NA,177,0.047206021264045925
human,N1,NA,NA,180,0.6932066643513567
human,N1,NA,NA,186,0.18365074653682897
human,N1,NA,NA,189,-0.034942108783019385
human,N1,NA,NA,192,0.31243183655464973
human,N1,NA,NA,195,-0.10567483497964092
human,N1,NA,NA,198,0.27214479994194773
human,N1,NA,NA,201,0.4847823538369496
human,N1,NA,NA,204,-0.051218094622466216
human,N1,NA,NA,207,-0.18658833115163964
human,N1,NA,NA,208,-0.04304971556327669
human,N1,NA,NA,210,0.15222316283865803
human,N1,NA,NA,213,-0.023053552236117547
human,N1,NA,NA,216,0.10741389849702185
human,N1,NA,NA,219,0.23337760814671557
human,N1,NA,NA,222,0.26581555969988147
human,N1,NA,NA,225,-0.2652948471279017
human,N1,NA,NA,228,0.1366807298495762
human,N1,NA,NA,231,0.044752047430055224
human,N1,NA,NA,234,-0.08900863736101151
human,N1,NA,NA,237,-0.3727075723453706
human,N1,NA,NA,240,0.2278631989737104
human,N1,NA,NA,243,0.2834909872531962
human,N1,NA,NA,249,0.23132486678853503
human,N1,NA,NA,252,0.14596413618669737
human,N1,NA,NA,255,-0.1788121096166154
human,N1,NA,NA,258,0.19450302595807412
human,N1,NA,NA,261,0.08054123011204595
human,N1,NA,NA,264,-0.472479628423266
human,N1,NA,NA,267,-0.1948701122261746
human,N1,NA,NA,270,0.21638053158625
human,N1,NA,NA,273,0.27337088196588616
human,N1,NA,NA,274,0.06894029449155759
human,N1,NA,NA,276,0.034877050705475
human,N1,NA,NA,279,-0.1348407557171628
human,N1,NA,NA,282,0.12830940965731769
human,N1,NA,NA,285,-0.04655682410676239
human,N1,NA,NA,288,0.6254196487050563
human,N1,NA,NA,291,-0.7625379000413041
human,N1,NA,NA,294,-0.1231712409114815
human,N1,NA,NA,297,0.03738068653534701
human,N1,NA,NA,300,-0.016146214944774955
human,N1,NA,NA,303,0.10483813966280671
human,N1,NA,NA,307,0.4313686954078254
human,N1,NA,NA,309,0.12075313879740193
human,N1,NA,NA,312,0.16368266646230983
human,N1,NA,NA,315,-0.14567989989748575
human,N1,NA,NA,318,-0.08581162381506768
human,N1,NA,NA,321,0.376266077106806
human,N1,NA,NA,324,-0.09908608474080464
human,N1,NA,NA,327,0.14293036475796106
human,N1,NA,NA,330,0.08744685283134922
human,N1,NA,NA,333,0.22902867064344512
human,N1,NA,NA,334,-0.48772647045313083
human,N1,NA,NA,336,0.394241587418506
human,N1,NA,NA,339,-0.03600909224013854
human,N1,NA,NA,342,-0.06753394496341099
human,N1,NA,NA,343,0.08674777851940406
human,N1,NA,NA,345,-0.11020122714989268
human,N1,NA,NA,348,0.3271455695857145
human,N1,NA,NA,351,0.4624438396335369
human,N1,NA,NA,354,0.2727878534160222
human,N1,NA,NA,355,-0.0891736496308009
human,N1,NA,NA,357,-0.06365495476081823
human,N1,NA,NA,360,0.15931677414581533
human,N1,NA,NA,363,-0.044802820399424854
human,N1,NA,NA,366,-0.09514149739141982
human,N1,NA,NA,369,0.28938767419653205
human,N1,NA,NA,370,0.55862005288544
human,N1,NA,NA,372,-0.140211856425109
human,N1,NA,NA,373,-0.06346345781278463
human,N1,NA,NA,375,0.14032187346853736
human,N1,NA,NA,378,-0.10155554223937224
human,N1,NA,NA,381,0.4091311071950185
human,N1,NA,NA,384,0.13143055102099618
human,N1,NA,NA,387,0.22690072723776972
human,N1,NA,NA,390,-0.15833486054076867
human,N1,NA,NA,393,0.203015586743705
human,N1,NA,NA,396,0.4943829039597196
human,N1,NA,NA,399,-0.27972490941542605
human,N1,NA,NA,402,0.23270036084817378
human,N1,NA,NA,405,0.14326586746929987
human,N1,NA,NA,408,-0.1023095832297494
human,N1,NA,NA,409,0.7016135475038716
human,N1,NA,NA,411,-0.19441151336086182
human,N1,NA,NA,414,-0.2934855220733832
human,N1,NA,NA,417,-0.020237406254584128
human,N1,NA,NA,420,-0.11460211843763883
human,N1,NA,NA,421,-0.32453336058229715
human,N1,NA,NA,423,-0.4128911048519871
human,N1,NA,NA,426,0.23199470655468962
human,N1,NA,NA,427,0.26659864167665387
human,N1,NA,NA,429,0.028230963672769727
human,N1,NA,NA,435,-0.06537667846350688
human,N1,NA,NA,438,0.14555813051703476
human,N1,NA,NA,441,-0.059133794898034726
human,N1,NA,NA,444,0.10803429613137396
human,N1,NA,NA,447,-0.1397788030072484
human,N1,NA,NA,450,-0.1126202557979831
human,N1,NA,NA,453,0.673115928643732
human,N1,NA,NA,456,-0.08027392304768076
human,N1,NA,NA,459,0.3091924551634439
human,N1,NA,NA,462,0.3486032079726502
human,N1,NA,NA,465,0.21318771929059266
human,N1,NA,NA,468,0.2273098393277363
human,N1,NA,NA,471,-0.2043511453431712
human,N1,NA,NA,474,0.21747850313969097
human,N1,NA,NA,477,0.19718163648798742
human,N1,NA,NA,480,-0.02582960062889129
human,N1,NA,NA,483,0.11595093119416894
human,N1,NA,NA,486,-0.13528140551302031
human,N1,NA,NA,489,0.05909216463063327
human,N1,NA,NA,495,0.07393936390203704
human,N1,NA,NA,498,-0.03992961775269724
human,N1,NA,NA,501,-1.018637308345893
human,N1,NA,NA,504,0.5230221561486371
human,N1,NA,NA,507,0.031017199667403118
human,N1,NA,NA,510,0.023223663278540422
human,N1,NA,NA,513,0.061576262315724266
human,N1,NA,NA,516,-0.05252052247387337
human,N1,NA,NA,519,0.1674200972368194
human,N1,NA,NA,522,-0.0952269289724873
human,N1,NA,NA,526,0.025601306177955738
human,N1,NA,NA,528,0.4397569875788783
human,N1,NA,NA,531,0.30607067707941477
human,N1,NA,NA,534,-0.2672310988714872
human,N1,NA,NA,537,0.006096174946017399
human,N1,NA,NA,540,0.3056945697162542
human,N1,NA,NA,543,0.3891872119488613
human,N1,NA,NA,546,0.7153772915294948
human,N1,NA,NA,549,0.0902092880690681
human,N1,NA,NA,552,-0.02404106298470675
human,N1,NA,NA,555,-0.4132322219703566
human,N1,NA,NA,558,0.14273574019497534
human,N1,NA,NA,561,0.09119175387201095
human,N1,NA,NA,564,-0.20651711772057835
human,N1,NA,NA,567,0.051413953284603485
human,N1,NA,NA,570,-0.03644147186400698
human,N1,NA,NA,571,0.006619082201759633
human,N1,NA,NA,573,0.20313056809485178
human,N1,NA,NA,576,-0.02403389709032594
human,N1,NA,NA,579,-0.5672989701468203
human,N1,NA,NA,582,0.09528823981407225
human,N1,NA,NA,585,0.15075793919554797
human,N1,NA,NA,594,-0.0332353868025172
human,N1,NA,NA,597,0.365582063438632
human,N1,NA,NA,600,0.2931895697645948
human,N1,NA,NA,603,0.13518634348706277
human,N1,NA,NA,606,0.4405414590787167
human,N1,NA,NA,609,0.07710355257740333
human,N1,NA,NA,615,-0.1250150063638101
human,N1,NA,NA,618,0.24238360414481508
human,N1,NA,NA,621,0.5048921963624914
human,N1,NA,NA,624,0.24094231169359842
human,N1,NA,NA,625,-0.019120326328740656
human,N1,NA,NA,627,-0.12126544870381961
human,N1,NA,NA,630,-0.1853552606128048
human,N1,NA,NA,633,-0.5587923131183494
human,N1,NA,NA,636,-0.20492834422586007
human,N1,NA,NA,639,-0.015603436180819117
human,N1,NA,NA,642,0.11128705898867967
human,N1,NA,NA,645,-0.24200280391485152
human,N1,NA,NA,648,-0.6196639801643773
human,N1,NA,NA,651,-0.15944633110392326
human,N1,NA,NA,654,-0.10174124370802849
human,N1,NA,NA,657,0.5600690674523603
human,N1,NA,NA,660,-0.162892941746508
human,N1,NA,NA,663,0.04140104096662626
human,N1,NA,NA,666,0.18502558792245893
human,N1,NA,NA,669,0.41865627608030775
human,N1,NA,NA,672,0.09084101201839129
human,N1,NA,NA,675,0.4796230940552229
human,N1,NA,NA,678,0.6093938638986062
human,N1,NA,NA,684,-0.20282781935157998
human,N1,NA,NA,687,0.08034812678800657
human,N1,NA,NA,690,0.40450433371361955
human,N1,NA,NA,693,-0.32599850747449666
human,N1,NA,NA,696,-0.09847345491825579
human,N1,NA,NA,699,0.19469064537090316
human,N1,NA,NA,702,0.0851398583755906
human,N1,NA,NA,705,0.480999846695104
human,N1,NA,NA,708,0.0221432078260482
human,N1,NA,NA,711,-0.0030355308175004647
human,N1,NA,NA,714,0.28191664229571295
human,N1,NA,NA,717,0.36295401195300425
human,N1,NA,NA,720,-0.07657504910308859
human,N1,NA,NA,723,0.11693442269750806
human,N1,NA,NA,724,0.34074860425268116
human,N1,NA,NA,726,0.14681102336085655
human,N1,NA,NA,729,0.08322814315120042
human,N1,NA,NA,732,0.14057395918283397
human,N1,NA,NA,735,0.11471725832499564
human,N1,NA,NA,738,0.34087873896203097
human,N1,NA,NA,741,0.4063751079888366
human,N1,NA,NA,744,0.3986647970834727
human,N1,NA,NA,747,0.21164710389070063
human,N1,NA,NA,750,-0.40277606170905955
human,N1,NA,NA,753,-0.05811053311164491
human,N1,NA,NA,756,-0.09222584125387953
human,N1,NA,NA,759,-0.005136843478736511
human,N1,NA,NA,765,0.04088879935666002
human,N1,NA,NA,768,-0.22339324536596317
human,N1,NA,NA,771,0.007047653057433847
human,N1,NA,NA,774,-0.3738436934850939
human,N1,NA,NA,777,0.20662210691601368
human,N1,NA,NA,780,0.1762001302142659
human,N1,NA,NA,783,0.06429733429457718
human,N1,NA,NA,786,-0.18227777016272412
human,N1,NA,NA,789,0.10590052807635097
human,N1,NA,NA,792,-0.04816031594736833
human,N1,NA,NA,795,-0.37486713206152356
human,N1,NA,NA,798,-0.02822592144881632
human,N1,NA,NA,801,0.19172286032665212
human,N1,NA,NA,804,-0.054424642931017515
human,N1,NA,NA,807,0.10615860881990576
human,N1,NA,NA,810,-0.1212156045631722
human,N1,NA,NA,813,0.11644077195461931
human,N1,NA,NA,816,-0.005194684814721272
human,N1,NA,NA,819,0.07756417991147072
human,N1,NA,NA,822,0.32633598505092476
human,N1,NA,NA,825,-0.3167795152400337
human,N1,NA,NA,828,0.43521286430107664
human,N1,NA,NA,831,0.06919593795976209
human,N1,NA,NA,832,0.17156581928019446
human,N1,NA,NA,834,-0.021274231641752094
human,N1,NA,NA,837,0.5006207859093345
human,N1,NA,NA,840,0.6132583168157411
human,N1,NA,NA,846,-0.035179517786838324
human,N1,NA,NA,849,0.3755715744263394
human,N1,NA,NA,852,0.16853478455180618
human,N1,NA,NA,855,-0.13670722751661796
human,N1,NA,NA,856,0.03136797171191623
human,N1,NA,NA,858,-0.27495226779627935
human,N1,NA,NA,861,-0.18438943261516108
human,N1,NA,NA,867,0.07334701909353322
human,N1,NA,NA,870,0.21221851517812382
human,N1,NA,NA,873,0.1202460389205295
human,N1,NA,NA,876,0.465491317256128
human,N1,NA,NA,879,-0.2785691598249455
human,N1,NA,NA,882,-0.3488909887046335
human,N1,NA,NA,883,-0.2334816272843032
human,N1,NA,NA,885,-0.05685973448868904
human,N1,NA,NA,888,0.018458704393497605
human,N1,NA,NA,891,0.14838744014636066
human,N1,NA,NA,894,0.3700028174834913
human,N1,NA,NA,900,0.30004347698547973
human,N1,NA,NA,903,-0.1877064873173689
human,N1,NA,NA,906,0.12363576997212504
human,N1,NA,NA,909,0.19164562422667722
human,N1,NA,NA,912,-0.34584415197547247
human,N1,NA,NA,915,-0.3344331177798545
human,N1,NA,NA,918,0.5673200339612698
human,N1,NA,NA,921,-0.5704144793938497
human,N1,NA,NA,924,-0.15466284585420167
human,N1,NA,NA,927,-0.163148312482865
human,N1,NA,NA,930,0.10990407686711373
human,N1,NA,NA,933,0.10641508419252685
human,N1,NA,NA,936,-0.15515679798746165
human,N1,NA,NA,939,0.05444442456473684
human,N1,NA,NA,942,-0.24356227088077934
human,N1,NA,NA,945,-0.09717412512787679
human,N1,NA,NA,948,0.6097732664961805
human,N1,NA,NA,951,0.3146720730169102
human,N1,NA,NA,954,-0.30076070732344934
human,N1,NA,NA,957,0.07868272341699777
human,N1,NA,NA,960,0.005575822730970575
human,N1,NA,NA,963,0.5080935479056016
human,N1,NA,NA,966,0.3037025429629076
human,N1,NA,NA,969,0.29678898698244627
human,N1,NA,NA,972,-0.2594153177425812
human,N1,NA,NA,975,-0.0470661860084389
human,N1,NA,NA,978,0.13712944513628342
human,N1,NA,NA,981,-0.08004432927681511
human,N1,NA,NA,984,0.19468765478139025
human,N1,NA,NA,987,-0.1324883333189119
human,N1,NA,NA,990,0.10800719377683883
human,N1,NA,NA,993,0.43690781026407055
human,N1,NA,NA,996,0.1548053030527426
human,N1,NA,NA,999,0.16363978959699185
human,N1,NA,NA,1002,0.054131417502652476
human,N1,NA,NA,1005,0.15347836585576669
human,N1,NA,NA,1008,-0.002851238967384369
human,N1,NA,NA,1011,-0.1815565045866485
human,N1,NA,NA,1014,-0.5076613608747607
human,N1,NA,NA,1017,-0.09151167785367839
human,N1,NA,NA,1020,-0.21722166278278016
human,N1,NA,NA,1023,0.09031542383136892
human,N1,NA,NA,1026,-0.10616627179123869
human,N1,NA,NA,1032,0.34715121565594165
human,N1,NA,NA,1035,-0.052426341303275524
human,N1,NA,NA,1038,-0.03741460578424197
human,N1,NA,NA,1041,0.08596266881780898
human,N1,NA,NA,1044,0.03382623427054959
human,N1,NA,NA,1047,0.21776318648601112
human,N1,NA,NA,1050,-0.3153651428633001
human,N1,NA,NA,1053,0.14068092636489435
human,N1,NA,NA,1056,0.013184386234831442
human,N1,NA,NA,1057,-0.2242544754038152
human,N1,NA,NA,1059,-0.22883313686912155
human,N1,NA,NA,1062,-0.35407890415710885
human,N1,NA,NA,1065,0.30069980954139053
human,N1,NA,NA,1068,0.0752747111721615
human,N1,NA,NA,1071,0.32444645230158126
human,N1,NA,NA,1077,-0.10019980010896055
human,N1,NA,NA,1083,0.19185457684360355
human,N1,NA,NA,1086,0.5748687312824758
human,N1,NA,NA,1089,0.09823608209679419
human,N1,NA,NA,1092,0.2961010230453727
human,N1,NA,NA,1098,0.28089734910858816
human,N1,NA,NA,1101,0.21666759394482346
human,N1,NA,NA,1104,-0.0120550063751233
human,N1,NA,NA,1107,0.06357849602120713
human,N1,NA,NA,1110,0.32808684532624216
human,N1,NA,NA,1113,0.04882126665045687
human,N1,NA,NA,1116,0.009642172352794317
human,N1,NA,NA,1119,0.1680225265382578
human,N1,NA,NA,1122,-0.1373869647094735
human,N1,NA,NA,1125,0.2430438356297217
human,N1,NA,NA,1128,-0.1867059458191457
human,N1,NA,NA,1131,0.22995078498066845
human,N1,NA,NA,1134,0.25381398559592433
human,N1,NA,NA,1137,-0.08724392065426954
human,N1,NA,NA,1140,0.2339721539406697
human,N1,NA,NA,1143,1.0100636003498449
human,N1,NA,NA,1146,0.14060474963451694
human,N1,NA,NA,1149,0.13681317442315155
human,N1,NA,NA,1155,-0.07809651750090293
human,N1,NA,NA,1158,0.3498622538236405
human,N1,NA,NA,1161,-0.04681020908110011
human,N1,NA,NA,1164,-0.029819006608872357
human,N1,NA,NA,1167,0.31201025090921813
human,N1,NA,NA,1170,0.1670455436966534
human,N1,NA,NA,1173,-0.30839150178012664
human,N1,NA,NA,1176,0.3487298400480259
human,N1,NA,NA,1179,-0.36036027309173196
human,N1,NA,NA,1182,-0.059987560851919905
human,N1,NA,NA,1185,0.23940961406126413
human,N1,NA,NA,1188,0.0009059429013023661
human,N1,NA,NA,1189,0.08874039943499792
human,N1,NA,NA,1191,0.10291318653730067
human,N1,NA,NA,1194,-0.09439423139540425
human,N1,NA,NA,1197,-0.16573970780265723
human,N1,NA,NA,1198,-0.2024872435375652
human,N1,NA,NA,1200,0.07413080272351472
human,N1,NA,NA,1203,0.041001615384757224
human,N1,NA,NA,1206,-0.12702774048961887
human,N1,NA,NA,1209,0.6830389485458337
human,N1,NA,NA,1210,-0.23834055423791015
human,N1,NA,NA,1212,-0.5202160769343174
human,N1,NA,NA,1215,-0.13648143064842785
human,N1,NA,NA,1218,0.09439486017299792
human,N1,NA,NA,1221,0.28656979921183595
human,N1,NA,NA,1227,-0.7913632170969748
human,N1,NA,NA,1230,0.29492155946704374
human,N1,NA,NA,1231,0.11967432416175673
human,N1,NA,NA,1233,-0.15253918425170993
human,N1,NA,NA,1236,0.32910177817539144
human,N1,NA,NA,1237,-0.10748357919322761
human,N1,NA,NA,1239,-0.7059001068713209
human,N1,NA,NA,1242,-0.009297764295855597
human,N1,NA,NA,1243,0.12294111829075473
human,N1,NA,NA,1245,-0.18387648770854723
human,N1,NA,NA,1248,0.011696222347859019
human,N1,NA,NA,1251,0.1207266285450113
human,N1,NA,NA,1254,-0.040558751775133586
human,N1,NA,NA,1257,-0.12426724990807865
human,N1,NA,NA,1260,0.24586031457606858
human,N1,NA,NA,1263,-0.008589176997009687
human,N1,NA,NA,1269,0.003111035667019424
human,N1,NA,NA,1272,-0.08023071035545815
human,N1,NA,NA,1275,0.18130619346439092
human,N1,NA,NA,1278,-0.14526113387004438
human,N1,NA,NA,1281,0.08115393393485716
human,N1,NA,NA,1284,0.5820350121540703
human,N1,NA,NA,1287,0.8741805479733799
human,N1,NA,NA,1290,0.14343721391170977
human,N1,NA,NA,1293,-0.013775729549383019
human,N1,NA,NA,1296,-0.13422952589242249
human,N1,NA,NA,1299,0.34006530911499794
human,N1,NA,NA,1302,0.06388628169973735
human,N1,NA,NA,1305,-0.23208523108399517
human,N1,NA,NA,1308,0.28501456813542375
human,N1,NA,NA,1311,0.264524833517342
human,N1,NA,NA,1314,0.36900705908403236
human,N1,NA,NA,1317,-0.03430716881108643
human,N1,NA,NA,1323,-0.16294825991501097
human,N1,NA,NA,1329,-1.0518407051733372
human,N1,NA,NA,1332,-2.633561097415438
human,N1,NA,NA,1335,-0.7723098514910292
human,N1,NA,NA,1338,-1.9065510717907173
human,N1,NA,NA,1341,-0.8705674220607361
human,N1,NA,NA,1342,0.19170826024754756
human,N1,NA,NA,1344,-5.340256680215802
human,N1,NA,NA,1347,0.01181458058512788
human,N1,NA,NA,1350,0.3977781009688685
human,N1,NA,NA,1353,-0.5934719689679339
human,N1,NA,NA,1356,-0.940972174752531
human,N1,NA,NA,1359,-3.5739173042895356
human,N1,NA,NA,1362,-1.8931283468145819
human,N1,NA,NA,1364,-0.7287065696243685
human,N2,NA,NA,6,0.743595771875822
human,N2,NA,NA,9,-1.2518004499188782
human,N2,NA,NA,12,-0.15098622703397369
human,N2,NA,NA,15,-0.16776514794357233
human,N2,NA,NA,18,-0.4441988674997585
human,N2,NA,NA,27,0.30727399605021855
human,N2,NA,NA,30,0.3271477457916648
human,N2,NA,NA,33,0.10950647166471683
human,N2,NA,NA,36,0.06147467090355774
human,N2,NA,NA,39,0.6069830841610485
human,N2,NA,NA,42,0.11281703914847767
human,N2,NA,NA,45,0.019456252880189137
human,N2,NA,NA,48,0.557742883516622
human,N2,NA,NA,51,0.8025538505489404
human,N2,NA,NA,54,0.1955863813331804
human,N2,NA,NA,57,0.23678122479240465
human,N2,NA,NA,60,-0.8473396215646646
human,N2,NA,NA,63,-0.23162422245280212
human,N2,NA,NA,66,-0.2312149499488201
human,N2,NA,NA,69,0.21685123483682522
human,N2,NA,NA,75,0.018329684376017077
human,N2,NA,NA,78,0.2141359496112419
human,N2,NA,NA,81,-0.14868808420519447
human,N2,NA,NA,84,0.11954617547505793
human,N2,NA,NA,85,0.5567201464484653
human,N2,NA,NA,87,-0.1092018563760639
human,N2,NA,NA,93,0.3950714297283454
human,N2,NA,NA,96,0.47827230290519335
human,N2,NA,NA,99,0.41854277703228415
human,N2,NA,NA,102,-0.6683913951431023
human,N2,NA,NA,103,0.5751996234179259
human,N2,NA,NA,105,0.1406320964427349
human,N2,NA,NA,108,0.12500219575761967
human,N2,NA,NA,111,-0.17416495711606272
human,N2,NA,NA,114,-0.2561270765945959
human,N2,NA,NA,117,0.3522820063917803
human,N2,NA,NA,120,0.08939330239187883
human,N2,NA,NA,123,0.018621269617123046
human,N2,NA,NA,126,-0.3312645440599795
human,N2,NA,NA,129,-0.4698755432671442
human,N2,NA,NA,132,-0.08104692964100053
human,N2,NA,NA,135,0.4933012881386559
human,N2,NA,NA,138,0.6177067419159425
human,N2,NA,NA,141,0.2123412316524782
human,N2,NA,NA,144,-0.6594395950768206
human,N2,NA,NA,147,0.04133656860740191
human,N2,NA,NA,150,-0.028087554750146113
human,N2,NA,NA,154,-0.824893832748203
human,N2,NA,NA,156,-0.029181908656823546
human,N2,NA,NA,159,0.3014214917638338
human,N2,NA,NA,162,-0.12403455499613232
human,N2,NA,NA,165,-0.7289636978454002
human,N2,NA,NA,168,-0.43843175889902547
human,N2,NA,NA,171,0.3112559319599882
human,N2,NA,NA,174,-0.015496146323091719
human,N2,NA,NA,177,-0.11672945050918491
human,N2,NA,NA,178,-0.13078155958629106
human,N2,NA,NA,180,0.06685356670681586
human,N2,NA,NA,183,-0.25863875704347405
human,N2,NA,NA,189,-0.21890006281420488
human,N2,NA,NA,192,-0.10339931126441398
human,N2,NA,NA,195,-0.2938897287567386
human,N2,NA,NA,198,-0.48526328637623284
human,N2,NA,NA,201,0.48443382506625926
human,N2,NA,NA,202,0.1238739115241206
human,N2,NA,NA,204,0.3312013229114149
human,N2,NA,NA,207,-0.24901438603659387
human,N2,NA,NA,210,0.07037829056853404
human,N2,NA,NA,213,0.25025490395214656
human,N2,NA,NA,216,0.2284164768947305
human,N2,NA,NA,219,0.0625262244692444
human,N2,NA,NA,222,0.05795403688211706
human,N2,NA,NA,225,-0.12259573193645354
human,N2,NA,NA,228,0.22787587087837247
human,N2,NA,NA,231,-0.10769275169880459
human,N2,NA,NA,234,-0.2396036238892656
human,N2,NA,NA,237,-0.1893621171644286
human,N2,NA,NA,240,-0.252415565888758
human,N2,NA,NA,241,-0.10379985461547002
human,N2,NA,NA,243,-0.13160353620581225
human,N2,NA,NA,246,0.06139936397887278
human,N2,NA,NA,249,-0.023751577910101393
human,N2,NA,NA,252,-0.4968441484353553
human,N2,NA,NA,253,0.44737204226615557
human,N2,NA,NA,255,-0.1047099100873906
human,N2,NA,NA,258,0.0715042924615302
human,N2,NA,NA,264,-0.23997070731024797
human,N2,NA,NA,267,0.08086466482125305
human,N2,NA,NA,270,-0.06345605988645817
human,N2,NA,NA,273,0.10937999305178958
human,N2,NA,NA,276,0.21400645713139524
human,N2,NA,NA,279,0.03808098496774172
human,N2,NA,NA,282,0.3265864289583942
human,N2,NA,NA,285,0.0993349669986564
human,N2,NA,NA,288,-0.13966311044072685
human,N2,NA,NA,291,-0.4621729037155809
human,N2,NA,NA,294,-0.06960298888694609
human,N2,NA,NA,297,0.2287383053319674
human,N2,NA,NA,300,0.5842289090989613
human,N2,NA,NA,303,0.20793775531768552
human,N2,NA,NA,306,-0.15884267599933952
human,N2,NA,NA,309,-0.36038548060408365
human,N2,NA,NA,312,0.01201338644861156
human,N2,NA,NA,315,-0.025341232123994736
human,N2,NA,NA,318,-0.20985796575740917
human,N2,NA,NA,321,0.026999614547595963
human,N2,NA,NA,324,0.08774879752071088
human,N2,NA,NA,327,0.0010011402105278844
human,N2,NA,NA,330,-0.22550825859812115
human,N2,NA,NA,333,-0.15671456617690127
human,N2,NA,NA,336,-0.2728275635251752
human,N2,NA,NA,339,-0.3442322753382654
human,N2,NA,NA,342,-0.1666441988705783
human,N2,NA,NA,348,0.4740399466861487
human,N2,NA,NA,351,-0.1953641607777023
human,N2,NA,NA,352,0.1259030477781644
human,N2,NA,NA,354,-0.22996013645393312
human,N2,NA,NA,357,-0.1932121616774289
human,N2,NA,NA,360,0.3755893516498918
human,N2,NA,NA,363,0.0167044012674349
human,N2,NA,NA,366,-0.10402881976258696
human,N2,NA,NA,369,0.17578656320981778
human,N2,NA,NA,372,-0.31395238858883306
human,N2,NA,NA,375,-0.07605314601506889
human,N2,NA,NA,378,0.03288630908069488
human,N2,NA,NA,381,0.021872357155249347
human,N2,NA,NA,384,0.1345692572640476
human,N2,NA,NA,387,0.5624651573509063
human,N2,NA,NA,390,-0.005643692056122308
human,N2,NA,NA,393,-0.2782778823609174
human,N2,NA,NA,396,-0.13261966417333004
human,N2,NA,NA,399,0.21617524198013463
human,N2,NA,NA,402,0.29565860029123736
human,N2,NA,NA,405,0.12390990133727534
human,N2,NA,NA,408,-0.055421602228216967
human,N2,NA,NA,411,0.22761975504287923
human,N2,NA,NA,414,-0.3969947107959997
human,N2,NA,NA,417,-0.5988625461743797
human,N2,NA,NA,418,-0.42784218527907775
human,N2,NA,NA,420,-0.45487752602707754
human,N2,NA,NA,423,-0.43909706697937206
human,N2,NA,NA,426,-0.0519708836698666
human,N2,NA,NA,429,0.2326790296739275
human,N2,NA,NA,432,-0.09983856079572175
human,N2,NA,NA,435,0.0552130652010747
human,N2,NA,NA,438,0.22028731736164098
human,N2,NA,NA,441,-0.027908808327289435
human,N2,NA,NA,444,0.2704548601071564
human,N2,NA,NA,447,0.41225949470200846
human,N2,NA,NA,450,0.10819631642869038
human,N2,NA,NA,453,-0.4162466087390283
human,N2,NA,NA,454,0.43239329834252443
human,N2,NA,NA,456,0.10847479259203968
human,N2,NA,NA,459,-0.3065200761724585
human,N2,NA,NA,462,0.20478510769676164
human,N2,NA,NA,465,-0.34606678814895786
human,N2,NA,NA,466,-0.03397353884187162
human,N2,NA,NA,468,0.0037906258240440914
human,N2,NA,NA,471,0.04949251432925134
human,N2,NA,NA,472,-0.08159099755023529
human,N2,NA,NA,474,-0.5755288966275792
human,N2,NA,NA,475,-0.07056970703997446
human,N2,NA,NA,477,0.2891570245910831
human,N2,NA,NA,483,0.020632176921291826
human,N2,NA,NA,486,0.5868826643405124
human,N2,NA,NA,487,-0.39145507653649414
human,N2,NA,NA,489,0.19598410739233474
human,N2,NA,NA,492,-0.4090835158374368
human,N2,NA,NA,495,0.21538333713106092
human,N2,NA,NA,498,0.1407715318755469
human,N2,NA,NA,501,0.033262046349111854
human,N2,NA,NA,504,-0.07947665523773874
human,N2,NA,NA,505,0.2297852429224979
human,N2,NA,NA,507,-0.2573714777977157
human,N2,NA,NA,510,0.41669347617079827
human,N2,NA,NA,513,-0.13418128073618932
human,N2,NA,NA,516,0.08602432891275516
human,N2,NA,NA,519,0.01978378847514638
human,N2,NA,NA,522,-0.03946803630641613
human,N2,NA,NA,525,0.20432662253342201
human,N2,NA,NA,528,-0.015462790432641843
human,N2,NA,NA,531,0.15806718663094232
human,N2,NA,NA,537,0.058284298834519105
human,N2,NA,NA,540,0.044419708393129004
human,N2,NA,NA,543,-0.4748562886003853
human,N2,NA,NA,546,0.17969041789430423
human,N2,NA,NA,549,0.1273386886552173
human,N2,NA,NA,552,-0.19741788638718927
human,N2,NA,NA,555,0.14291030183995757
human,N2,NA,NA,558,0.3907825689317414
human,N2,NA,NA,561,-0.26244106958537256
human,N2,NA,NA,564,-0.4940065517172405
human,N2,NA,NA,568,-0.08343390423848043
human,N2,NA,NA,570,-0.22830991061481223
human,N2,NA,NA,573,-0.042242343959725745
human,N2,NA,NA,576,0.002476804203414
human,N2,NA,NA,579,0.05593532107415317
human,N2,NA,NA,582,0.31219045885443325
human,N2,NA,NA,585,0.20792820413406493
human,N2,NA,NA,588,0.07568277325712672
human,N2,NA,NA,591,-0.10118927496320412
human,N2,NA,NA,594,-0.05415950558371862
human,N2,NA,NA,597,-0.10787331751052522
human,N2,NA,NA,600,-0.4323647319010252
human,N2,NA,NA,603,0.25208886082158477
human,N2,NA,NA,606,0.15124429171837658
human,N2,NA,NA,609,-0.2832734220541986
human,N2,NA,NA,612,0.15609104829884307
human,N2,NA,NA,615,-0.067627162632479
human,N2,NA,NA,618,-0.06784021988148393
human,N2,NA,NA,621,-0.2106258202243662
human,N2,NA,NA,624,-0.23986505747658005
human,N2,NA,NA,627,-0.18258913079956685
human,N2,NA,NA,630,-0.2672418215867214
human,N2,NA,NA,633,0.21516123298177572
human,N2,NA,NA,636,-0.13505079498007688
human,N2,NA,NA,639,-0.3978482227048425
human,N2,NA,NA,642,-0.2845696129752569
human,N2,NA,NA,645,0.37461828610932435
human,N2,NA,NA,648,0.4649907089473647
human,N2,NA,NA,651,-0.2938824535187336
human,N2,NA,NA,657,-0.12993781930482495
human,N2,NA,NA,660,-0.10203312948142118
human,N2,NA,NA,663,0.4491985118992141
human,N2,NA,NA,666,0.06813375648366284
human,N2,NA,NA,669,0.009078311984758246
human,N2,NA,NA,672,0.0747241386365771
human,N2,NA,NA,675,0.04812413810618433
human,N2,NA,NA,678,-0.22224923587202483
human,N2,NA,NA,681,0.37227449835125015
human,N2,NA,NA,684,0.10125303122621991
human,N2,NA,NA,687,-0.048436401466378926
human,N2,NA,NA,690,-0.38091001342565445
human,N2,NA,NA,693,0.27338453794525974
human,N2,NA,NA,696,0.16994380621493335
human,N2,NA,NA,699,-0.06734665472810306
human,N2,NA,NA,702,-0.14878158449121093
human,N2,NA,NA,705,0.26949547471207425
human,N2,NA,NA,708,-0.05715089554747882
human,N2,NA,NA,711,-0.05360882737285319
human,N2,NA,NA,714,0.40714265392509486
human,N2,NA,NA,717,-0.08433604137546144
human,N2,NA,NA,720,-0.084863036324633
human,N2,NA,NA,726,0.09160089662072722
human,N2,NA,NA,729,0.07339044894809554
human,N2,NA,NA,732,0.21711540763138729
human,N2,NA,NA,735,0.14510110678723998
human,N2,NA,NA,738,0.16837334216505326
human,N2,NA,NA,741,0.21659224853240752
human,N2,NA,NA,744,0.8433608045990697
human,N2,NA,NA,747,0.49004284171527446
human,N2,NA,NA,750,-0.15759771716145396
human,N2,NA,NA,753,0.23095913408918853
human,N2,NA,NA,756,0.19174534980276567
human,N2,NA,NA,759,-0.1110011954790566
human,N2,NA,NA,763,0.49553236895907743
human,N2,NA,NA,765,0.11513962665446303
human,N2,NA,NA,768,-0.21302768232999095
human,N2,NA,NA,771,0.2216425617008298
human,N2,NA,NA,774,0.5856715781108714
human,N2,NA,NA,777,-0.33879700022584586
human,N2,NA,NA,780,-0.12571408728951933
human,N2,NA,NA,783,-0.4290818062229395
human,N2,NA,NA,786,-0.18724519730074135
human,N2,NA,NA,789,0.4088441006268255
human,N2,NA,NA,792,0.1901387215453193
human,N2,NA,NA,795,-0.3620299429278415
human,N2,NA,NA,798,0.32074062269018744
human,N2,NA,NA,801,-0.17388332377701726
human,N2,NA,NA,802,0.139648584328917
human,N2,NA,NA,804,0.28673002413371956
human,N2,NA,NA,807,-0.17651984204287882
human,N2,NA,NA,810,0.042796869658539245
human,N2,NA,NA,813,-0.31140133120556646
human,N2,NA,NA,816,-0.15546859697828277
human,N2,NA,NA,819,0.32776999232277565
human,N2,NA,NA,822,0.11648512228206725
human,N2,NA,NA,825,-0.13742167908345865
human,N2,NA,NA,828,-0.0010141553833399528
human,N2,NA,NA,831,0.3352938777902917
human,N2,NA,NA,834,0.044251530912333505
human,N2,NA,NA,837,0.2337964051580078
human,N2,NA,NA,840,-0.08206072767715818
human,N2,NA,NA,843,0.20021980957456662
human,N2,NA,NA,846,-0.41494280205807166
human,N2,NA,NA,847,-0.09603044855247023
human,N2,NA,NA,849,-0.2282308263304195
human,N2,NA,NA,852,-0.08063328333708963
human,N2,NA,NA,855,0.10457661521994566
human,N2,NA,NA,858,-0.2511306821979592
human,N2,NA,NA,861,-0.05152076248347166
human,N2,NA,NA,864,-0.11409054971140647
human,N2,NA,NA,867,-0.2923169910252228
human,N2,NA,NA,870,0.3939908123653445
human,N2,NA,NA,873,0.26757106194872843
human,N2,NA,NA,876,-0.3154422455583106
human,N2,NA,NA,879,-0.5156960816381837
human,N2,NA,NA,882,-0.1535253530860161
human,N2,NA,NA,888,-0.3810838251727511
human,N2,NA,NA,891,0.2799661738965077
human,N2,NA,NA,894,-0.1802875612360682
human,N2,NA,NA,897,-0.06481186708025262
human,N2,NA,NA,898,0.25963570265151037
human,N2,NA,NA,900,-0.42945014745608456
human,N2,NA,NA,903,-0.06924059167561242
human,N2,NA,NA,906,0.30869345141852017
human,N2,NA,NA,909,0.015732962065348688
human,N2,NA,NA,912,-0.23628380393081777
human,N2,NA,NA,915,0.6661782164089026
human,N2,NA,NA,918,-0.28735264891447193
human,N2,NA,NA,924,0.06552956256659201
human,N2,NA,NA,927,-0.21963767951262897
human,N2,NA,NA,930,-0.19405166028493304
human,N2,NA,NA,933,0.2908271906297243
human,N2,NA,NA,936,-0.28009502638330863
human,N2,NA,NA,939,0.2132363202260569
human,N2,NA,NA,942,-0.14820377940622104
human,N2,NA,NA,945,-0.08984535179457166
human,N2,NA,NA,948,-0.6671562794407683
human,N2,NA,NA,951,0.2445627662207836
human,N2,NA,NA,954,0.42833068317791273
human,N2,NA,NA,957,0.020937518379344364
human,N2,NA,NA,960,0.496941422190067
human,N2,NA,NA,963,-0.05202347484651988
human,N2,NA,NA,966,0.04847310925508505
human,N2,NA,NA,969,-0.09853309193438024
human,N2,NA,NA,972,-0.07812571746189804
human,N2,NA,NA,975,0.05142524550654644
human,N2,NA,NA,978,-0.06288967667879752
human,N2,NA,NA,979,0.05855800154932201
human,N2,NA,NA,981,-0.46005047384006115
human,N2,NA,NA,984,-0.3121953671272269
human,N2,NA,NA,987,-0.3371686803184113
human,N2,NA,NA,990,-0.36789740928356135
human,N2,NA,NA,993,-0.14680150704410966
human,N2,NA,NA,996,0.0796061109853549
human,N2,NA,NA,999,0.04461569698852509
human,N2,NA,NA,1002,-0.11750788534969367
human,N2,NA,NA,1005,-0.013073025980322131
human,N2,NA,NA,1008,0.0264491138851824
human,N2,NA,NA,1011,-0.06974293121254806
human,N2,NA,NA,1012,0.023421287902428665
human,N2,NA,NA,1014,0.09863001018951041
human,N2,NA,NA,1017,0.06919464470018322
human,N2,NA,NA,1020,0.5039590838654313
human,N2,NA,NA,1023,0.7639970774077438
human,N2,NA,NA,1026,-0.24010588354836088
human,N2,NA,NA,1029,-0.035255009739293845
human,N2,NA,NA,1032,0.3770929856219825
human,N2,NA,NA,1035,-0.337322422895858
human,N2,NA,NA,1038,-0.01178039422575609
human,N2,NA,NA,1041,0.07747590827262793
human,N2,NA,NA,1044,-0.08855570060667775
human,N2,NA,NA,1047,0.21726495127397003
human,N2,NA,NA,1050,0.05234351579225445
human,N2,NA,NA,1053,-0.14015748810695317
human,N2,NA,NA,1059,-0.07788406215116625
human,N2,NA,NA,1062,0.04977109143117689
human,N2,NA,NA,1065,0.09752962964350732
human,N2,NA,NA,1068,-0.513152118080165
human,N2,NA,NA,1071,0.15320698477872108
human,N2,NA,NA,1074,0.3674595969242972
human,N2,NA,NA,1077,-0.1790284515667442
human,N2,NA,NA,1080,0.12882695156811777
human,N2,NA,NA,1089,-0.03655865985299942
human,N2,NA,NA,1092,-0.05786253679492825
human,N2,NA,NA,1095,0.3593835599087918
human,N2,NA,NA,1098,-0.12971631646283072
human,N2,NA,NA,1101,0.00912943565748686
human,N2,NA,NA,1104,0.2984353793709131
human,N2,NA,NA,1107,-0.2204382877863741
human,N2,NA,NA,1110,-0.006841758966399852
human,N2,NA,NA,1113,-0.18541810240867967
human,N2,NA,NA,1114,0.07101452419026302
human,N2,NA,NA,1116,-0.04328512905026553
human,N2,NA,NA,1119,0.13779969471789252
human,N2,NA,NA,1122,0.17835603339824221
human,N2,NA,NA,1125,0.15761342001550763
human,N2,NA,NA,1128,0.2931359511321626
human,N2,NA,NA,1131,0.25833190238655085
human,N2,NA,NA,1134,0.1867193331547338
human,N2,NA,NA,1137,-0.12865428287483505
human,N2,NA,NA,1140,0.2461198061912694
human,N2,NA,NA,1143,0.4226898889775256
human,N2,NA,NA,1146,-0.12429493200271075
human,N2,NA,NA,1152,0.06551497278927479
human,N2,NA,NA,1155,0.5486502924394197
human,N2,NA,NA,1158,0.6373719524206021
human,N2,NA,NA,1161,0.5246400441633458
human,N2,NA,NA,1164,-0.2645786060711335
human,N2,NA,NA,1167,-0.6668470553451427
human,N2,NA,NA,1168,0.29184039616088364
human,N2,NA,NA,1170,0.20523028397191614
human,N2,NA,NA,1173,-0.5169739930987225
human,N2,NA,NA,1176,0.9238327679396581
human,N2,NA,NA,1179,-0.28032671579373597
human,N2,NA,NA,1182,0.12863582908642895
human,N2,NA,NA,1185,0.12784626603462076
human,N2,NA,NA,1188,-0.07422399177089622
human,N2,NA,NA,1191,0.04418633013761886
human,N2,NA,NA,1194,0.14191188490006668
human,N2,NA,NA,1197,-0.19121268559026405
human,N2,NA,NA,1200,-0.13779791106350853
human,N2,NA,NA,1203,-0.21406821127161424
human,N2,NA,NA,1206,-0.4983913752096393
human,N2,NA,NA,1207,0.34284046930732376
human,N2,NA,NA,1209,-0.16674941104653207
human,N2,NA,NA,1212,-0.26181983094988737
human,N2,NA,NA,1215,-0.31018114594549484
human,N2,NA,NA,1218,0.07230945632831995
human,N2,NA,NA,1221,-0.1593258463938416
human,N2,NA,NA,1224,0.3793962334476957
human,N2,NA,NA,1227,-0.5783156331209504
human,N2,NA,NA,1230,0.30623087972223806
human,N2,NA,NA,1233,0.02729546907696686
human,N2,NA,NA,1236,0.1541706707124587
human,N2,NA,NA,1239,-0.039683196129087696
human,N2,NA,NA,1242,0.5171996606501936
human,N2,NA,NA,1245,-0.19101825453734736
human,N2,NA,NA,1248,-0.11256554073987972
human,N2,NA,NA,1251,0.12439664255314262
human,N2,NA,NA,1254,-0.2279747976228102
human,N2,NA,NA,1257,-0.1007504899526037
human,N2,NA,NA,1258,-0.2795136914552323
human,N2,NA,NA,1260,-0.771215382106224
human,N2,NA,NA,1263,0.10378857971343966
human,N2,NA,NA,1266,-0.14575910523932284
human,N2,NA,NA,1269,0.17221631726001818
human,N2,NA,NA,1272,0.3931411316067628
human,N2,NA,NA,1275,-0.0605650518897413
human,N2,NA,NA,1276,0.0896179362739668
human,N2,NA,NA,1278,0.23328924556708944
human,N2,NA,NA,1281,0.31716150117473896
human,N2,NA,NA,1284,0.17974752506575425
human,N2,NA,NA,1287,-0.37880517655144114
human,N2,NA,NA,1288,0.6216521263433218
human,N2,NA,NA,1290,0.058881990335802534
human,N2,NA,NA,1293,0.6791066567031117
human,N2,NA,NA,1296,-0.057450158178972185
human,N2,NA,NA,1299,-0.5251464717007566
human,N2,NA,NA,1302,0.4995521452297819
human,N2,NA,NA,1305,-0.15891679153610658
human,N2,NA,NA,1308,0.553643893568795
human,N2,NA,NA,1309,0.39548201124802956
human,N2,NA,NA,1311,0.3554347236959498
human,N2,NA,NA,1317,0.2789982565365382
human,N2,NA,NA,1320,0.05609969989653451
human,N2,NA,NA,1323,-0.11236535215959557
human,N2,NA,NA,1326,0.07109146533427685
human,N2,NA,NA,1329,-0.6821427604372206
human,N2,NA,NA,1332,0.020306992877376435
human,N2,NA,NA,1335,0.16976579279753976
human,N2,NA,NA,1338,0.15659944452442032
human,N2,NA,NA,1341,-0.496206970778454
human,N2,NA,NA,1344,0.30981622157051597
human,N2,NA,NA,1347,0.8366978497642478
human,N2,NA,NA,1350,0.40741017497438586
human,N2,NA,NA,1353,0.15139898314939992
human,N2,NA,NA,1356,-0.4174135543767421
human,N2,NA,NA,1359,-0.7052867477372888
human,N2,NA,NA,1362,-0.9661646700623797
human,N2,NA,NA,1365,-1.7904830471555244
human,N2,NA,NA,1368,-4.194953099600021
human,N2,NA,NA,1371,-0.9891934910421577
human,N2,NA,NA,1377,-1.9444009206306236
human,N2,NA,NA,1380,-0.43241976107064845
human,N2,NA,NA,1383,0.11508407597182727
human,N2,NA,NA,1386,0.056995276206855634
human,N2,NA,NA,1389,0.21209988469848162
human,N2,NA,NA,1392,-0.5696191081914819
human,N2,NA,NA,1395,-0.259040060207065
human,N2,NA,NA,1398,0.36310217739369854
human,N2,NA,NA,1404,-0.6366849139803906
human,N2,NA,NA,1407,-1.0636135531909965
human,N2,NA,NA,1409,-0.47470123269027653
human,all,MP,M1,27,-6.113592819115253
human,all,MP,M1,30,-0.227081434487693
human,all,MP,M1,33,-0.6920858531434688
human,all,MP,M1,36,-0.1923375315943301
human,all,MP,M1,39,-0.4777477744828523
human,all,MP,M1,42,-0.45824999561919716
human,all,MP,M1,45,0.1959474377027758
human,all,MP,M1,48,0.3502353998346324
human,all,MP,M1,51,0.5458920370638267
human,all,MP,M1,54,-3.2894823283135515
human,all,MP,M1,57,-5.087341666477975
human,all,MP,M1,60,-4.4806410735837385
human,all,MP,M1,63,-1.9792340800421233
human,all,MP,M1,66,-3.6477496467150163
human,all,MP,M1,69,-0.6288503259254112
human,all,MP,M1,72,-1.157437036653126
human,all,MP,M1,75,-0.7708886003395383
human,all,MP,M1,78,-1.418587080065121
human,all,MP,M1,81,-0.8650410115230737
human,all,MP,M1,82,-0.5546238479842591
human,all,MP,M1,84,-0.5242315961284809
human,all,MP,M1,87,-0.15326975874297852
human,all,MP,M1,90,-0.298571444949624
human,all,MP,M1,93,0.3969249635053902
human,all,MP,M1,96,-0.7193562264622424
human,all,MP,M1,99,0.4369948846386512
human,all,MP,M1,102,0.16959997173413296
human,all,MP,M1,105,-0.3574574294597075
human,all,MP,M1,108,-0.02612352857989596
human,all,MP,M1,111,0.0959782426086229
human,all,MP,M1,114,-0.308812596885914
human,all,MP,M1,117,0.2403387348395306
human,all,MP,M1,120,-0.764416541737552
human,all,MP,M1,123,0.0705531832457839
human,all,MP,M1,126,-0.04913089586249278
human,all,MP,M1,132,0.1439337359286755
human,all,MP,M1,136,0.10704633476691654
human,all,MP,M1,138,-0.7122281987616332
human,all,MP,M1,141,-1.0701688933529268
human,all,MP,M1,144,-1.4563869686066901
human,all,MP,M1,145,-0.5210345089783104
human,all,MP,M1,147,-0.8680712126002759
human,all,MP,M1,150,-0.4677662563627198
human,all,MP,M1,153,-0.39231203007152055
human,all,MP,M1,154,-0.29606510490100557
human,all,MP,M1,156,-2.5028000656924325
human,all,MP,M1,159,-1.3943229985036705
human,all,MP,M1,162,-0.5772589061533995
human,all,MP,M1,163,-0.13923564803059685
human,all,MP,M1,165,-0.7747537268750915
human,all,MP,M1,168,0.32323163159928814
human,all,MP,M1,171,-0.3679968564202209
human,all,MP,M1,174,-0.21057507901839365
human,all,MP,M1,177,-0.18133521486569562
human,all,MP,M1,178,-0.09892811287653203
human,all,MP,M1,180,0.27294056048890747
human,all,MP,M1,183,0.5948772274489822
human,all,MP,M1,186,-0.01814588380804307
human,all,MP,M1,189,0.4067275274819225
human,all,MP,M1,192,0.31460730142350124
human,all,MP,M1,195,-2.247208726197576
human,all,MP,M1,198,-5.029969677063775
human,all,MP,M1,201,-1.3654645217984054
human,all,MP,M1,204,-3.961458594388838
human,all,MP,M1,207,-0.6073302871395045
human,all,MP,M1,210,-0.4812171565536736
human,all,MP,M1,213,-1.3535317923675032
human,all,MP,M1,214,-3.2924177914934916
human,all,MP,M1,216,-0.3432126631552641
human,all,MP,M1,219,-1.979583723357809
human,all,MP,M1,220,-3.1889996427630374
human,all,MP,M1,222,-1.131240804152065
human,all,MP,M1,225,-0.5685191921037674
human,all,MP,M1,228,-2.247972139583488
human,all,MP,M1,229,-1.9650948959075667
human,all,MP,M1,231,-1.6025923013330077
human,all,MP,M1,234,0.06341381547604608
human,all,MP,M1,237,0.2584042918853942
human,all,MP,M1,240,-0.1682519112129108
human,all,MP,M1,243,-0.623099608252618
human,all,MP,M1,246,-0.14497535805115208
human,all,MP,M1,249,-0.04752406153039611
human,all,MP,M1,250,-0.19146499920927845
human,all,MP,M1,252,0.12874587833128334
human,all,MP,M1,255,0.016214531390182998
human,all,MP,M1,258,0.06844561583001989
human,all,MP,M1,261,0.2053697940850029
human,all,MP,M1,264,-0.07335135506471333
human,all,MP,M1,267,-0.14152004516501043
human,all,MP,M1,270,0.8507082214131436
human,all,MP,M1,273,0.29521463722821156
human,all,MP,M1,276,0.33632066582644177
human,all,MP,M1,282,-0.32474218240336467
human,all,MP,M1,285,-0.09566936456501622
human,all,MP,M1,288,-0.01174653191493528
human,all,MP,M1,291,0.6048125057945898
human,all,MP,M1,294,0.012939072711120563
human,all,MP,M1,295,0.04159721091600168
human,all,MP,M1,297,0.002810982776214249
human,all,MP,M1,300,-0.11421392703102688
human,all,MP,M1,301,0.837521009049423
human,all,MP,M1,303,-0.08015014749692109
human,all,MP,M1,306,0.014791819837578041
human,all,MP,M1,309,0.6032625038652
human,all,MP,M1,312,-0.15833432638791606
human,all,MP,M1,313,-0.28192594634487955
human,all,MP,M1,315,-0.09327852724917407
human,all,MP,M1,318,-0.24045712412221235
human,all,MP,M1,321,0.18530480007107797
human,all,MP,M1,324,-0.125231537186964
human,all,MP,M1,327,-0.051173983037631106
human,all,MP,M1,330,-0.1409607649057177
human,all,MP,M1,333,-0.027415735853728307
human,all,MP,M1,336,0.35883574689652614
human,all,MP,M1,339,0.2254674371796937
human,all,MP,M1,342,0.008695570359297536
human,all,MP,M1,345,-0.24273138331354907
human,all,MP,M1,348,0.277395361728311
human,all,MP,M1,349,-0.09429095239674637
human,all,MP,M1,351,-0.07751219165363031
human,all,MP,M1,354,-0.12095487130394347
human,all,MP,M1,357,0.1468661908105798
human,all,MP,M1,360,0.03282266328503939
human,all,MP,M1,363,-0.0072209797043420315
human,all,MP,M1,366,0.17744490776378394
human,all,MP,M1,369,0.09638788565458563
human,all,MP,M1,372,0.10576410586604523
human,all,MP,M1,375,0.3136994754626831
human,all,MP,M1,378,0.04291236636078293
human,all,MP,M1,381,0.49744697167157503
human,all,MP,M1,387,-0.37767105877963214
human,all,MP,M1,390,0.16110037946115277
human,all,MP,M1,393,0.5699143781949627
human,all,MP,M1,396,0.013891315852605987
human,all,MP,M1,399,-0.1809054330645089
human,all,MP,M1,400,0.14987227212959472
human,all,MP,M1,402,0.06048754358816255
human,all,MP,M1,408,0.007401282283021338
human,all,MP,M1,411,0.1571164169504609
human,all,MP,M1,414,0.12828121154198577
human,all,MP,M1,417,-0.05424118444395708
human,all,MP,M1,420,0.43983914653559864
human,all,MP,M1,423,-0.14456634050920006
human,all,MP,M1,426,0.15039150518221014
human,all,MP,M1,429,0.32632340432619567
human,all,MP,M1,432,0.1865780581473157
human,all,MP,M1,435,-0.5237400825385088
human,all,MP,M1,436,-0.017027187166709007
human,all,MP,M1,438,0.1966291503374201
human,all,MP,M1,441,0.22658262930552847
human,all,MP,M1,444,-0.17689325460865848
human,all,MP,M1,447,-0.23743005672720893
human,all,MP,M1,450,0.14937665318139093
human,all,MP,M1,453,-0.13783312096410896
human,all,MP,M1,456,0.07955571627495671
human,all,MP,M1,459,-0.297387577611323
human,all,MP,M1,462,0.22785479890847032
human,all,MP,M1,465,-0.1054417295988334
human,all,MP,M1,468,0.36251371156880413
human,all,MP,M1,471,-0.050915915819055385
human,all,MP,M1,474,-0.4120580810286774
human,all,MP,M1,477,0.01750673702780406
human,all,MP,M1,478,0.34703066717428893
human,all,MP,M1,480,-0.30500376226824244
human,all,MP,M1,483,0.40228851699206086
human,all,MP,M1,486,0.09858540909333631
human,all,MP,M1,487,0.5071429684741403
human,all,MP,M1,489,-0.27296211502988044
human,all,MP,M1,492,0.062319246537994796
human,all,MP,M1,498,0.42554373656274413
human,all,MP,M1,501,0.3989272254213541
human,all,MP,M1,504,-0.20119331633031626
human,all,MP,M1,507,0.3914648282419989
human,all,MP,M1,510,0.3927909943155542
human,all,MP,M1,513,0.4406396881854877
human,all,MP,M1,514,0.03205279530251179
human,all,MP,M1,516,-0.17830731106890238
human,all,MP,M1,519,0.34488706513072415
human,all,MP,M1,522,-0.17444718114420926
human,all,MP,M1,525,0.2797430369733461
human,all,MP,M1,528,-0.08805313878696144
human,all,MP,M1,531,-0.5243887102255681
human,all,MP,M1,532,-0.1339009334105197
human,all,MP,M1,534,-0.12477629671988469
human,all,MP,M1,540,0.5521639448019886
human,all,MP,M1,541,0.1699598034669214
human,all,MP,M1,543,0.22674645713936042
human,all,MP,M1,546,0.4296687334441578
human,all,MP,M1,549,0.22675631530139329
human,all,MP,M1,552,0.324840985084501
human,all,MP,M1,555,0.38840149049443645
human,all,MP,M1,558,0.30417631947577684
human,all,MP,M1,561,-0.07852931168983836
human,all,MP,M1,564,0.47809637469942484
human,all,MP,M1,570,-0.09900235065994802
human,all,MP,M1,573,0.15722345610555705
human,all,MP,M1,576,0.0031696065112077065
human,all,MP,M1,579,0.1717516768666623
human,all,MP,M1,582,0.3792557616955169
human,all,MP,M1,585,-0.3157714063158286
human,all,MP,M1,588,0.03032412735435929
human,all,MP,M1,591,-0.021198559086601888
human,all,MP,M1,594,0.03679113285691818
human,all,MP,M1,597,-0.5131507564451673
human,all,MP,M1,600,0.19518793670746634
human,all,MP,M1,603,-0.2325517595852118
human,all,MP,M1,606,0.381680700500606
human,all,MP,M1,612,-0.2166261842015438
human,all,MP,M1,615,0.5446940168563305
human,all,MP,M1,618,0.059623090139761005
human,all,MP,M1,621,-0.34236613298161034
human,all,MP,M1,624,-0.19424177118761832
human,all,MP,M1,627,-0.09119554135162625
human,all,MP,M1,628,-0.2862983493161853
human,all,MP,M1,630,-0.060747715989424814
human,all,MP,M1,633,-0.1085531247731359
human,all,MP,M1,639,0.3281022411247645
human,all,MP,M1,642,-0.06825905290269432
human,all,MP,M1,645,0.3055763730649786
human,all,MP,M1,649,0.5374204143602987
human,all,MP,M1,651,-0.500463770353895
human,all,MP,M1,654,0.045495782686887136
human,all,MP,M1,657,-0.5084651062559317
human,all,MP,M1,660,-0.09324465893546363
human,all,MP,M1,663,-0.0973518581071194
human,all,MP,M1,666,0.27259407885712966
human,all,MP,M1,669,-0.13352636975564167
human,all,MP,M1,672,0.5918977237396474
human,all,MP,M1,675,-0.06339949512961032
human,all,MP,M1,678,0.15206837722736394
human,all,MP,M1,681,0.4134858123819187
human,all,MP,M1,684,0.07459392153156369
human,all,MP,M1,685,0.1051229829329824
human,all,MP,M1,687,-0.32578319451023835
human,all,MP,M1,688,-2.2167013178286807
human,all,MP,M1,690,0.5594398062068867
human,all,MP,M1,693,-0.29544555701808883
human,all,MP,M1,696,-0.7260026021065407
human,all,MP,M1,699,-1.2928743905518343
human,all,MP,M1,702,-2.050778304501919
human,all,MP,M1,705,-4.374129066913351
human,all,MP,M1,708,-0.6047797613575517
human,all,MP,M1,709,-2.7362240712957027
human,all,MP,M1,711,0.07125615675370767
human,all,MP,M1,714,-6.224390018279704
human,all,MP,M2,760,-0.1388069878367713
human,all,MP,M2,761,-0.5968055618439165
human,all,MP,M2,763,-0.35204316479866876
human,all,MP,M2,766,-0.2922983331005316
human,all,MP,M2,769,-0.11878704007853769
human,all,MP,M2,772,0.48346834852747866
human,all,MP,M2,775,0.17332420198567455
human,all,MP,M2,778,0.01573676938004962
human,all,MP,M2,781,0.22602077986593064
human,all,MP,M2,784,-0.30127108373378775
human,all,MP,M2,787,-0.09402352346710595
human,all,MP,M2,790,-0.306565164065967
human,all,MP,M2,793,0.10685930866947072
human,all,MP,M2,794,-0.7889083859669186
human,all,MP,M2,796,-2.906436343959431
human,all,MP,M2,799,-3.868980560139816
human,all,MP,M2,800,-0.28558062795058997
human,all,MP,M2,802,-2.0348787776007033
human,all,MP,M2,805,-0.4214546434795401
human,all,MP,M2,806,-0.07926316247460227
human,all,MP,M2,808,0.2884585539390263
human,all,MP,M2,814,-0.062179635950375074
human,all,MP,M2,817,0.09217636574847521
human,all,MP,M2,820,-2.586165573073726
human,all,MP,M2,823,1.0246497771712748
human,all,MP,M2,826,-1.7940913998164418
human,all,MP,M2,829,-0.014159404850340776
human,all,MP,M2,832,-0.4613934396825908
human,all,MP,M2,835,-1.9354888993438424
human,all,MP,M2,838,0.17097862070071052
human,all,MP,M2,841,-0.06506641679896413
human,all,MP,M2,844,-0.6215738070338468
human,all,MP,M2,845,-1.190660044575757
human,all,MP,M2,847,-0.36285525347390873
human,all,MP,M2,850,-0.20829545724958604
human,all,MP,M2,853,-0.8019188306491746
human,all,MP,M2,856,-1.2240759069742535
human,all,MP,M2,859,-1.1103632884256247
human,all,MP,M2,862,0.19349193906077966
human,all,MP,M2,863,-0.7087117294507185
human,all,MP,M2,865,0.0714837312176721
human,all,MP,M2,868,-0.3884069225701882
human,all,MP,M2,869,-0.32422819686340776
human,all,MP,M2,871,-0.22819028590669466
human,all,MP,M2,874,-0.1097782031638226
human,all,MP,M2,877,-0.7160144184361923
human,all,MP,M2,880,-0.6149829866710517
human,all,MP,M2,883,-1.318479690597437
human,all,MP,M2,886,0.16612520917025564
human,all,MP,M2,889,0.4345994122315335
human,all,MP,M2,892,-0.06248491433492951
human,all,MP,M2,895,-0.05290043270460567
human,all,MP,M2,898,-0.6264566470098875
human,all,MP,M2,901,-0.07621778483286744
human,all,MP,M2,907,-3.3206697107967926
human,all,MP,M2,910,-0.21015221287879715
human,all,MP,M2,913,0.06403049375020921
human,all,MP,M2,916,-0.2701855736267953
human,all,MP,M2,917,-1.715846541262935
human,all,MP,M2,919,0.11186740775848347
human,all,MP,M2,922,-0.9454771880320705
human,all,MP,M2,925,0.007969724233451735
human,all,MP,M2,928,-1.4077636450565572
human,all,MP,M2,931,-1.4815567721847418
human,all,MP,M2,934,-0.8814286911237622
human,all,MP,M2,937,0.08878888114161816
human,all,MP,M2,940,-0.4988895006926164
human,all,MP,M2,943,-1.030544462650004
human,all,MP,M2,946,-2.0964131904785925
human,all,MP,M2,949,-4.002989929740874
human,all,MP,M2,952,0.03694446134060101
human,all,MP,M2,955,-2.0141365963547555
human,all,MP,M2,958,-0.837205944320193
human,all,MP,M2,961,-1.6951032436495574
human,all,MP,M2,964,-3.675882993832766
human,all,MP,M2,967,-2.455451815322978
human,all,MP,M2,970,-1.6088138220148482
human,all,MP,M2,973,-0.1613898057352145
human,all,MP,M2,974,-0.2498201150670651
human,all,MP,M2,976,-0.3599367338252123
human,all,MP,M2,979,-1.1147617432282981
human,all,MP,M2,981,-3.816608846927786
human,all,MP,M2;M1,6,0.0344335111734895
human,all,MP,M2;M1,9,-1.719324058834978
human,all,MP,M2;M1,10,-1.1611530012447209
human,all,MP,M2;M1,12,0.3327892621320424
human,all,MP,M2;M1,15,-0.6476371034168384
human,all,MP,M2;M1,18,-2.1213237916963514
human,all,MP,M2;M1,21,-0.6312254570521657
human,all,MP,M2;M1,24,-1.726316793934505
human,all,NP,NP,6,-1.379123442596253
human,all,NP,NP,9,-0.4505698127346619
human,all,NP,NP,12,-0.47506392527658253
human,all,NP,NP,15,-2.064766640286898
human,all,NP,NP,18,-4.186083417148945
human,all,NP,NP,21,-1.4621793261558507
human,all,NP,NP,22,-1.6502573720517768
human,all,NP,NP,24,-0.8368304491355888
human,all,NP,NP,27,-0.6173848204208301
human,all,NP,NP,30,-0.2889902178433797
human,all,NP,NP,33,-0.11448890768485415
human,all,NP,NP,36,-0.21158051748339832
human,all,NP,NP,42,0.07457377357286248
human,all,NP,NP,45,-0.029948070726296263
human,all,NP,NP,48,0.04633033723373309
human,all,NP,NP,51,0.2303741813074056
human,all,NP,NP,54,0.3467670067040118
human,all,NP,NP,57,-1.642910552786571
human,all,NP,NP,60,-0.8927387123549319
human,all,NP,NP,63,-0.033474102549432776
human,all,NP,NP,66,0.08756844928192065
human,all,NP,NP,69,0.13103358115527372
human,all,NP,NP,72,-0.08440468382006913
human,all,NP,NP,75,-0.5088257768477072
human,all,NP,NP,76,-0.46224590366933727
human,all,NP,NP,78,-0.10897666880077447
human,all,NP,NP,81,0.1501575435334036
human,all,NP,NP,84,0.3275838257231542
human,all,NP,NP,87,0.13901796745686945
human,all,NP,NP,90,0.14207325256265527
human,all,NP,NP,93,-0.1441181040671027
human,all,NP,NP,99,0.05744137146738934
human,all,NP,NP,102,0.1634507152552034
human,all,NP,NP,105,0.21317959295421485
human,all,NP,NP,108,0.019839108693776194
human,all,NP,NP,111,-0.033602696256263706
human,all,NP,NP,114,-0.05598209234564819
human,all,NP,NP,117,0.14412769626358105
human,all,NP,NP,120,-0.3068309915075884
human,all,NP,NP,123,-0.3202514522128503
human,all,NP,NP,126,-0.18772272895997733
human,all,NP,NP,132,0.31825588553363177
human,all,NP,NP,135,-0.09950636440512994
human,all,NP,NP,138,0.08823518460219386
human,all,NP,NP,139,-0.5349502403692917
human,all,NP,NP,141,0.35161682716704945
human,all,NP,NP,144,-0.04335066136568719
human,all,NP,NP,147,-0.2777980361937862
human,all,NP,NP,150,-0.2059116457170046
human,all,NP,NP,153,-0.011008777454374502
human,all,NP,NP,156,0.04773079491546049
human,all,NP,NP,159,0.17624420792340662
human,all,NP,NP,162,0.318922903188985
human,all,NP,NP,163,0.14924771915626225
human,all,NP,NP,165,0.4733071207931675
human,all,NP,NP,166,0.12139694108866306
human,all,NP,NP,168,-0.18828937170582466
human,all,NP,NP,171,-0.05687190518748921
human,all,NP,NP,174,0.01807158604248514
human,all,NP,NP,177,-0.15085742696617646
human,all,NP,NP,180,0.09618386609492711
human,all,NP,NP,181,0.2889445456183334
human,all,NP,NP,183,-0.09777542319560961
human,all,NP,NP,186,-0.1939939663337802
human,all,NP,NP,189,-0.046005312935887624
human,all,NP,NP,192,-0.23714250117734903
human,all,NP,NP,195,-0.08113708480836046
human,all,NP,NP,201,0.18315268055534972
human,all,NP,NP,204,0.10008403803013596
human,all,NP,NP,207,-0.01952508567789911
human,all,NP,NP,210,-0.10956473649193384
human,all,NP,NP,213,0.19174162670991698
human,all,NP,NP,216,-0.07835356788783289
human,all,NP,NP,219,-0.10833054563389247
human,all,NP,NP,220,0.48031361362589703
human,all,NP,NP,222,0.009791104814003998
human,all,NP,NP,223,-0.36928119432769424
human,all,NP,NP,225,-0.05144294587693957
human,all,NP,NP,228,0.24118395223321637
human,all,NP,NP,231,0.010481030834422108
human,all,NP,NP,234,-0.4293444870612846
human,all,NP,NP,235,0.07035757769828728
human,all,NP,NP,237,-0.27592111045108586
human,all,NP,NP,240,-0.031233589783665982
human,all,NP,NP,243,-0.05372926119792133
human,all,NP,NP,246,-0.03250336593634054
human,all,NP,NP,249,0.24247416515084935
human,all,NP,NP,252,0.3181338186783136
human,all,NP,NP,255,-0.08827378283412088
human,all,NP,NP,258,-0.39728836712635907
human,all,NP,NP,261,0.410194210584432
human,all,NP,NP,264,-0.30170513147499073
human,all,NP,NP,267,0.28573365821614727
human,all,NP,NP,270,-1.501649116575037
human,all,NP,NP,273,-0.14253539752303382
human,all,NP,NP,276,0.23097336387357456
human,all,NP,NP,279,0.10058023064260288
human,all,NP,NP,282,0.24308313684932714
human,all,NP,NP,285,0.11326179766847733
human,all,NP,NP,288,-0.3765227676083469
human,all,NP,NP,291,-0.4871417112182997
human,all,NP,NP,292,-0.11615848575929859
human,all,NP,NP,294,-0.2155087784583936
human,all,NP,NP,295,0.4399880879442856
human,all,NP,NP,297,-0.5560297957513739
human,all,NP,NP,300,0.13754452190156202
human,all,NP,NP,303,0.12106900759371086
human,all,NP,NP,306,0.36764558473529624
human,all,NP,NP,309,0.042667379223729096
human,all,NP,NP,315,-0.2538065769453994
human,all,NP,NP,318,-0.356948061196908
human,all,NP,NP,321,0.08197444120827976
human,all,NP,NP,324,-0.025721446952370122
human,all,NP,NP,327,-0.20415482052325123
human,all,NP,NP,330,-0.16564341729262438
human,all,NP,NP,333,0.4829282742528695
human,all,NP,NP,336,0.01071038664669942
human,all,NP,NP,339,0.1136909030401471
human,all,NP,NP,342,0.020330729941919853
human,all,NP,NP,345,-0.15952657483387342
human,all,NP,NP,348,0.13985343040121562
human,all,NP,NP,349,-0.20633107573499868
human,all,NP,NP,351,-0.1909125939589548
human,all,NP,NP,352,0.1405669648438314
human,all,NP,NP,354,0.12578789594508769
human,all,NP,NP,357,0.06887578641813893
human,all,NP,NP,363,-0.7758448067093818
human,all,NP,NP,366,-0.22039592786351894
human,all,NP,NP,369,0.11175259783404876
human,all,NP,NP,372,-0.24206819955235773
human,all,NP,NP,375,-0.09551883730930597
human,all,NP,NP,378,-0.05764860319156582
human,all,NP,NP,381,0.0973163080871693
human,all,NP,NP,384,-0.013046002161591916
human,all,NP,NP,387,0.09661547848394919
human,all,NP,NP,390,0.10677755935030346
human,all,NP,NP,393,0.15063619941320908
human,all,NP,NP,396,-0.0870728773494966
human,all,NP,NP,397,0.30534092778592664
human,all,NP,NP,399,-0.17866264596954196
human,all,NP,NP,402,-0.09591876919720621
human,all,NP,NP,405,-0.06708226867787437
human,all,NP,NP,406,0.5913236486569141
human,all,NP,NP,408,0.20137371115338495
human,all,NP,NP,414,0.38914489722160883
human,all,NP,NP,420,0.1897769085139792
human,all,NP,NP,423,-0.12848775666626033
human,all,NP,NP,426,0.2072902001237156
human,all,NP,NP,427,0.15723155535064692
human,all,NP,NP,429,0.1558335694457757
human,all,NP,NP,432,-0.08360494888015266
human,all,NP,NP,435,-0.07736746459191608
human,all,NP,NP,438,0.3130343133798156
human,all,NP,NP,441,0.10319949926572249
human,all,NP,NP,444,-0.20999648755050607
human,all,NP,NP,447,-0.07878987195112246
human,all,NP,NP,448,0.33402641938244054
human,all,NP,NP,450,0.2601602577130695
human,all,NP,NP,453,-0.06204280350436941
human,all,NP,NP,454,-0.20479470359575647
human,all,NP,NP,456,-0.33933163722001686
human,all,NP,NP,459,-0.3086015165086251
human,all,NP,NP,460,0.31006547315008015
human,all,NP,NP,462,-0.2216492033797673
human,all,NP,NP,465,0.06305636351203962
human,all,NP,NP,466,0.10981659955820766
human,all,NP,NP,468,0.24408979537140568
human,all,NP,NP,471,0.2928040231480418
human,all,NP,NP,474,-0.07927152229263433
human,all,NP,NP,480,0.08135866010704448
human,all,NP,NP,483,0.14656365633543617
human,all,NP,NP,484,0.35397851724444535
human,all,NP,NP,486,-0.2356056657667793
human,all,NP,NP,492,0.15122210571771974
human,all,NP,NP,495,-0.2507854548174457
human,all,NP,NP,496,-0.5427843237760972
human,all,NP,NP,498,-0.22081978541310288
human,all,NP,NP,504,-0.14729342223212258
human,all,NP,NP,507,-0.037383012925624286
human,all,NP,NP,510,0.08033800730038973
human,all,NP,NP,513,-0.19813509035505153
human,all,NP,NP,516,0.11191363325856475
human,all,NP,NP,519,-0.18109088210427446
human,all,NP,NP,520,0.5067440436274976
human,all,NP,NP,522,-0.03423960053408344
human,all,NP,NP,523,0.6948403997980507
human,all,NP,NP,525,-0.1148974926274307
human,all,NP,NP,528,0.6516781593428231
human,all,NP,NP,531,0.13506358412930827
human,all,NP,NP,534,0.19203294653874697
human,all,NP,NP,537,0.04290828350263093
human,all,NP,NP,540,-0.4103495111129769
human,all,NP,NP,543,-0.041059582127575746
human,all,NP,NP,546,0.22252559339905417
human,all,NP,NP,549,0.10897107633545992
human,all,NP,NP,552,-0.003169798457651294
human,all,NP,NP,555,-0.053010807965738926
human,all,NP,NP,558,0.01710579581638159
human,all,NP,NP,561,0.3897594889529377
human,all,NP,NP,564,0.056260976084639
human,all,NP,NP,567,-1.124266820250129
human,all,NP,NP,570,0.216696666642804
human,all,NP,NP,576,0.1598252834568035
human,all,NP,NP,577,-0.3779461447831567
human,all,NP,NP,579,0.35756173587710866
human,all,NP,NP,582,-0.23248562753648427
human,all,NP,NP,583,-0.4737424033594963
human,all,NP,NP,585,-0.0320023425017021
human,all,NP,NP,591,-0.10828255906905943
human,all,NP,NP,594,-0.1334962025329485
human,all,NP,NP,595,0.025186979102908118
human,all,NP,NP,597,0.2750838609966558
human,all,NP,NP,600,-0.004731511540209143
human,all,NP,NP,603,0.12542673745560987
human,all,NP,NP,606,0.0844681908692062
human,all,NP,NP,609,-0.17338741795437734
human,all,NP,NP,610,-0.25616713665127744
human,all,NP,NP,612,0.2862741854955723
human,all,NP,NP,615,0.45019667765076926
human,all,NP,NP,618,0.324702783635622
human,all,NP,NP,624,-0.13082897052089856
human,all,NP,NP,627,-0.11496121370633072
human,all,NP,NP,630,0.05827845889174263
human,all,NP,NP,633,0.35383995276674485
human,all,NP,NP,636,0.48810479984807686
human,all,NP,NP,637,0.34708740546920713
human,all,NP,NP,639,-0.11462207145098043
human,all,NP,NP,640,0.6384499133024085
human,all,NP,NP,642,0.22929986244876913
human,all,NP,NP,645,-0.39698456431938056
human,all,NP,NP,646,-0.13041546833676393
human,all,NP,NP,648,0.04198520435983641
human,all,NP,NP,651,0.11762240213260819
human,all,NP,NP,654,-0.1757425927656028
human,all,NP,NP,657,0.01185705797879067
human,all,NP,NP,660,-0.4633403008911913
human,all,NP,NP,661,0.5290710690257168
human,all,NP,NP,663,-0.07481445806765406
human,all,NP,NP,669,0.31210306283934836
human,all,NP,NP,672,-0.17405682061278233
human,all,NP,NP,675,0.21454872218663157
human,all,NP,NP,678,0.040253497787782935
human,all,NP,NP,681,-0.07247144079048631
human,all,NP,NP,684,0.5278412837295389
human,all,NP,NP,687,0.011247486878445116
human,all,NP,NP,690,0.09217223587312443
human,all,NP,NP,693,-0.32337607809726726
human,all,NP,NP,696,-0.18121259662533337
human,all,NP,NP,699,0.04543868760371499
human,all,NP,NP,702,-0.06267326565224407
human,all,NP,NP,705,-0.003634639591599223
human,all,NP,NP,706,0.33333805629054997
human,all,NP,NP,708,0.13848399660290933
human,all,NP,NP,711,0.21844302212240327
human,all,NP,NP,717,0.1296680990689864
human,all,NP,NP,720,-0.13818690548690507
human,all,NP,NP,723,-0.19629955828791923
human,all,NP,NP,726,0.3305139428783748
human,all,NP,NP,727,0.3593351001285126
human,all,NP,NP,729,-0.06916555136152033
human,all,NP,NP,732,-0.10433913537301535
human,all,NP,NP,735,-0.0256432344549298
human,all,NP,NP,736,0.06863032122264721
human,all,NP,NP,738,0.30260804401129754
human,all,NP,NP,741,-0.11037424971526465
human,all,NP,NP,744,0.41760678413660507
human,all,NP,NP,747,0.5434509828004438
human,all,NP,NP,750,0.23845616806614206
human,all,NP,NP,753,0.15013571341216084
human,all,NP,NP,756,0.026141579288913294
human,all,NP,NP,759,-0.04468361422065438
human,all,NP,NP,762,-0.2755779788285668
human,all,NP,NP,765,-0.03688034848318999
human,all,NP,NP,768,0.21997801052899568
human,all,NP,NP,771,0.24272258914607175
human,all,NP,NP,774,0.16908988723479926
human,all,NP,NP,775,-0.21137232383439353
human,all,NP,NP,777,0.44323301456127634
human,all,NP,NP,780,-0.17264685254412987
human,all,NP,NP,781,-0.344138379264858
human,all,NP,NP,783,-0.27578844220930254
human,all,NP,NP,786,0.0051493181029873755
human,all,NP,NP,789,0.1296603918394617
human,all,NP,NP,790,0.34237771081607515
human,all,NP,NP,792,-0.1750999597425287
human,all,NP,NP,795,0.49510676564662326
human,all,NP,NP,796,-0.00819863401399891
human,all,NP,NP,798,0.18282305716259373
human,all,NP,NP,801,-0.13303476851716373
human,all,NP,NP,804,0.26989320900525754
human,all,NP,NP,807,-0.20530650552471885
human,all,NP,NP,810,0.24763715138310963
human,all,NP,NP,813,0.28056256649356925
human,all,NP,NP,816,0.12512801028648254
human,all,NP,NP,819,0.22957126934190825
human,all,NP,NP,822,-0.005847923258289478
human,all,NP,NP,825,0.03020648638426077
human,all,NP,NP,826,0.2000360065669881
human,all,NP,NP,828,0.14555873668933142
human,all,NP,NP,831,0.10816499367932608
human,all,NP,NP,834,0.09699732844890235
human,all,NP,NP,837,-0.5408297722362354
human,all,NP,NP,840,-0.14232653918770874
human,all,NP,NP,843,0.09303810621451254
human,all,NP,NP,846,-0.16153028699511737
human,all,NP,NP,849,0.13162582786091323
human,all,NP,NP,852,-0.00794596256629323
human,all,NP,NP,855,-0.04440423339246646
human,all,NP,NP,858,0.15406524097620816
human,all,NP,NP,861,0.08949732773653392
human,all,NP,NP,864,-0.00464488879037499
human,all,NP,NP,867,0.02628113916301547
human,all,NP,NP,870,0.24110570391395053
human,all,NP,NP,873,0.12118427116261493
human,all,NP,NP,876,0.047034932195545665
human,all,NP,NP,879,0.65617516998285
human,all,NP,NP,882,-0.06020784045143512
human,all,NP,NP,885,0.20011966231328332
human,all,NP,NP,888,0.08636942861575535
human,all,NP,NP,891,-0.03408973579059488
human,all,NP,NP,892,-0.27852694836209313
human,all,NP,NP,894,-0.29307369855697135
human,all,NP,NP,897,0.23740310049185717
human,all,NP,NP,900,0.34553049388335666
human,all,NP,NP,903,0.1496046673544081
human,all,NP,NP,906,-0.03042712332275899
human,all,NP,NP,909,0.2213726416848747
human,all,NP,NP,912,0.3207049086516631
human,all,NP,NP,915,-0.15962902775443558
human,all,NP,NP,916,0.19989235159654622
human,all,NP,NP,918,0.1724964200740446
human,all,NP,NP,921,-0.223325844333043
human,all,NP,NP,924,-0.24922416720047627
human,all,NP,NP,927,0.06231878273395021
human,all,NP,NP,930,-0.10450555761535664
human,all,NP,NP,933,-0.08102705022360691
human,all,NP,NP,936,0.03050251994446293
human,all,NP,NP,939,-0.03293656464820349
human,all,NP,NP,942,0.2493137684248493
human,all,NP,NP,943,-0.16173398462018784
human,all,NP,NP,945,0.2850852512068746
human,all,NP,NP,948,-0.19430831547357025
human,all,NP,NP,949,-0.871620090305681
human,all,NP,NP,951,-0.314081391655627
human,all,NP,NP,954,0.15650782016542816
human,all,NP,NP,957,0.11386258459094542
human,all,NP,NP,960,-0.10792831060326954
human,all,NP,NP,963,0.15450042305672265
human,all,NP,NP,966,-0.1571626510732721
human,all,NP,NP,969,0.06628934212447583
human,all,NP,NP,972,0.3604927055360066
human,all,NP,NP,975,-0.21935264212236108
human,all,NP,NP,978,0.3375237718683834
human,all,NP,NP,981,-0.17936545768580564
human,all,NP,NP,982,-0.12764862312274017
human,all,NP,NP,984,-0.0789111938962459
human,all,NP,NP,987,0.30902963389962373
human,all,NP,NP,996,0.3244344752437303
human,all,NP,NP,999,0.19662586751380184
human,all,NP,NP,1002,0.3630577946227722
human,all,NP,NP,1005,-0.08536372999990527
human,all,NP,NP,1008,-0.19590495623536694
human,all,NP,NP,1011,0.103877274491787
human,all,NP,NP,1014,-0.03936629351152074
human,all,NP,NP,1017,-0.245493705404859
human,all,NP,NP,1020,0.12282412453078534
human,all,NP,NP,1021,-0.27469186000965606
human,all,NP,NP,1023,0.1921349630719823
human,all,NP,NP,1024,-0.2513637737431361
human,all,NP,NP,1026,-0.11048241032223428
human,all,NP,NP,1027,-0.05154840401171481
human,all,NP,NP,1029,0.11842234586766064
human,all,NP,NP,1030,-0.49513578184720736
human,all,NP,NP,1032,0.22585847634212886
human,all,NP,NP,1035,0.25268173574848113
human,all,NP,NP,1038,0.10549342526847982
human,all,NP,NP,1041,-0.09205649294052423
human,all,NP,NP,1042,-0.5312013901254395
human,all,NP,NP,1044,0.016352119526148443
human,all,NP,NP,1047,0.4537730311395125
human,all,NP,NP,1050,0.055016152316410244
human,all,NP,NP,1053,0.34282577335145503
human,all,NP,NP,1056,0.30075244892310754
human,all,NP,NP,1059,0.08776090084547421
human,all,NP,NP,1062,-0.19530045705684915
human,all,NP,NP,1063,0.48709318452780764
human,all,NP,NP,1065,0.05292774249140558
human,all,NP,NP,1068,0.16009293749388326
human,all,NP,NP,1071,-0.06430343716247472
human,all,NP,NP,1072,0.10771318218411331
human,all,NP,NP,1074,0.1296562764197208
human,all,NP,NP,1077,0.3377401273814375
human,all,NP,NP,1080,-0.4841756247826501
human,all,NP,NP,1081,-0.0036478960132354755
human,all,NP,NP,1083,-0.49837882585254295
human,all,NP,NP,1086,0.1896561814588749
human,all,NP,NP,1089,0.10373784291983093
human,all,NP,NP,1092,-0.039168842107942616
human,all,NP,NP,1095,0.007595824366359583
human,all,NP,NP,1098,0.08968612844567353
human,all,NP,NP,1101,-0.04963326616781205
human,all,NP,NP,1104,-0.1805052831910755
human,all,NP,NP,1107,-0.027275633764116614
human,all,NP,NP,1110,0.042046750082625754
human,all,NP,NP,1113,0.041391998753781675
human,all,NP,NP,1116,0.018570535191944904
human,all,NP,NP,1119,0.22842682905210224
human,all,NP,NP,1125,0.21245259885686926
human,all,NP,NP,1128,0.16700076820177318
human,all,NP,NP,1131,0.016422787005128517
human,all,NP,NP,1134,0.13648018632644038
human,all,NP,NP,1135,0.12544084017697182
human,all,NP,NP,1137,0.14399036275043176
human,all,NP,NP,1140,0.06940807512507643
human,all,NP,NP,1141,0.038757219432266496
human,all,NP,NP,1143,-0.03458701394433177
human,all,NP,NP,1144,0.3716946273647772
human,all,NP,NP,1146,-0.08842895951109372
human,all,NP,NP,1149,-0.2538467914408024
human,all,NP,NP,1152,0.1634039641150659
human,all,NP,NP,1155,-0.280887474998796
human,all,NP,NP,1161,0.44779150761068065
human,all,NP,NP,1164,0.15790354704213044
human,all,NP,NP,1165,-0.05945957771669196
human,all,NP,NP,1167,-0.05461920164039569
human,all,NP,NP,1170,-0.0013324477030661336
human,all,NP,NP,1171,-0.09541407028588604
human,all,NP,NP,1173,-0.08173858048666904
human,all,NP,NP,1176,-0.2094515097054097
human,all,NP,NP,1179,0.1495822559947487
human,all,NP,NP,1182,0.29726461323908576
human,all,NP,NP,1185,-0.007418519889268317
human,all,NP,NP,1188,0.11533238758088968
human,all,NP,NP,1191,0.11493719712574847
human,all,NP,NP,1194,0.04145797989709478
human,all,NP,NP,1197,-0.13603232623357084
human,all,NP,NP,1200,-0.243641466540282
human,all,NP,NP,1203,0.11994782725171733
human,all,NP,NP,1206,0.30644102439204396
human,all,NP,NP,1209,0.08020191171682209
human,all,NP,NP,1212,-0.17496605832603243
human,all,NP,NP,1215,0.299912986233025
human,all,NP,NP,1218,-0.27059162229466194
human,all,NP,NP,1221,-0.07109970440549908
human,all,NP,NP,1224,0.41703906652061695
human,all,NP,NP,1227,0.1428816460677751
human,all,NP,NP,1230,0.15775308202221078
human,all,NP,NP,1233,0.05594146815629834
human,all,NP,NP,1236,0.1916723645588328
human,all,NP,NP,1239,0.2624581393887987
human,all,NP,NP,1242,0.2763845825057653
human,all,NP,NP,1245,-0.07691942896510513
human,all,NP,NP,1246,0.3551108229623184
human,all,NP,NP,1248,0.11719927660619577
human,all,NP,NP,1251,0.06539723784448645
human,all,NP,NP,1254,-0.0022742588847151878
human,all,NP,NP,1257,0.46021339999262495
human,all,NP,NP,1260,0.39484811787597346
human,all,NP,NP,1263,-0.10915317098519885
human,all,NP,NP,1266,-0.11052484651173823
human,all,NP,NP,1269,-0.404212674790581
human,all,NP,NP,1272,0.01679228624084717
human,all,NP,NP,1275,0.4117754309105071
human,all,NP,NP,1281,-0.009883918370769176
human,all,NP,NP,1284,-0.17399435196264154
human,all,NP,NP,1287,0.0627294476724646
human,all,NP,NP,1290,0.09291526454795063
human,all,NP,NP,1293,0.13163234168468502
human,all,NP,NP,1296,-0.06583521931980627
human,all,NP,NP,1299,0.32416859720734165
human,all,NP,NP,1302,0.03274366463721405
human,all,NP,NP,1305,0.33603726332722356
human,all,NP,NP,1306,0.035402951990488055
human,all,NP,NP,1308,0.08738900758888984
human,all,NP,NP,1311,0.28339105006178644
human,all,NP,NP,1314,0.10508263741703198
human,all,NP,NP,1317,0.29589825051073815
human,all,NP,NP,1321,0.13003701049585928
human,all,NP,NP,1323,0.11526633549699941
human,all,NP,NP,1326,-0.0075798174528215094
human,all,NP,NP,1329,0.10804866979556796
human,all,NP,NP,1332,-0.00842382727861056
human,all,NP,NP,1335,0.6027099595501245
human,all,NP,NP,1336,0.08484754843440426
human,all,NP,NP,1338,-0.09886330371498347
human,all,NP,NP,1347,-0.04868120759231957
human,all,NP,NP,1350,-0.26366847135354504
human,all,NP,NP,1353,-0.02775648337156132
human,all,NP,NP,1356,0.3425383097990072
human,all,NP,NP,1359,-0.00782477685270469
human,all,NP,NP,1362,-0.3886025338341279
human,all,NP,NP,1365,-0.4969875460781655
human,all,NP,NP,1366,0.22749623656571025
human,all,NP,NP,1368,0.8611592117723439
human,all,NP,NP,1371,0.5489834688608045
human,all,NP,NP,1374,-0.025953106457916163
human,all,NP,NP,1375,0.8483587917009441
human,all,NP,NP,1377,0.21333044048393843
human,all,NP,NP,1380,-0.25108798892544715
human,all,NP,NP,1381,0.3581832479273056
human,all,NP,NP,1383,-0.521892761167638
human,all,NP,NP,1386,-0.17862278985107297
human,all,NP,NP,1389,0.2735507077611679
human,all,NP,NP,1392,-2.0826458621232335
human,all,NP,NP,1395,-5.1394532229725085
human,all,NP,NP,1398,0.013849534794498769
human,all,NP,NP,1401,-0.05769644530447784
human,all,NP,NP,1404,-0.8721878572821338
human,all,NP,NP,1407,-0.6883046401683061
human,all,NP,NP,1410,-1.6363218355723896
human,all,NP,NP,1413,-0.9698924420045273
human,all,NP,NP,1416,-2.6878185292817935
human,all,NP,NP,1419,-3.802028233037885
human,all,NP,NP,1422,-1.872188520568351
human,all,NP,NP,1425,-3.13473928307696
human,all,NP,NP,1428,-1.3103606290072758
human,all,NP,NP,1431,-1.0203715104752376
human,all,NP,NP,1434,-0.5978563222224662
human,all,NP,NP,1437,-0.34021128428993896
human,all,NP,NP,1440,0.012417888246296999
human,all,NP,NP,1446,0.09243634839936503
human,all,NP,NP,1449,0.2402888397396693
human,all,NP,NP,1452,-0.017700281111920835
human,all,NP,NP,1455,-0.0073199301808079265
human,all,NP,NP,1458,-1.07137654376519
human,all,NP,NP,1461,-1.0294680836790815
human,all,NP,NP,1464,-1.283490185960671
human,all,NP,NP,1467,-0.7962230222759881
human,all,NP,NP,1470,-2.598162449409738
human,all,NP,NP,1473,-1.32782432922088
human,all,NP,NP,1476,-0.5357844829973235
human,all,NP,NP,1479,-0.46786378019861613
human,all,NP,NP,1482,0.019782562070600418
human,all,NP,NP,1485,0.3676089755193023
human,all,NP,NP,1488,-0.06441251955405516
human,all,NP,NP,1491,-0.610958162323341
human,all,NP,NP,1494,-0.5517208955939435
human,all,NP,NP,1496,0.19724327976763836
human,all,NS,NEP,715,-0.12965000425733722
human,all,NS,NEP,718,-0.05612436118426763
human,all,NS,NEP,721,-0.49400183977725254
human,all,NS,NEP,722,-0.19717932243571523
human,all,NS,NEP,724,0.24894423677806732
human,all,NS,NEP,727,-0.1220397063601681
human,all,NS,NEP,728,0.6383469284890622
human,all,NS,NEP,730,-0.3726221428471638
human,all,NS,NEP,731,-0.06722426208408397
human,all,NS,NEP,733,0.1869414300141076
human,all,NS,NEP,736,0.026880317681000836
human,all,NS,NEP,739,0.2767216807740235
human,all,NS,NEP,742,0.6638558313124842
human,all,NS,NEP,745,0.19851497573750085
human,all,NS,NEP,748,-0.12513185136357777
human,all,NS,NEP,751,-0.060378164147478444
human,all,NS,NEP,754,0.36427366078271967
human,all,NS,NEP,757,-0.15960495255142826
human,all,NS,NEP,760,0.04423441721395457
human,all,NS,NEP,763,0.5853314932610237
human,all,NS,NEP,766,0.44181870818736924
human,all,NS,NEP,769,0.3436257967908052
human,all,NS,NEP,775,-0.18249038687692265
human,all,NS,NEP,778,0.26452494336666693
human,all,NS,NEP,779,-0.11461293677635187
human,all,NS,NEP,781,0.3429631510165727
human,all,NS,NEP,784,0.16112488340354236
human,all,NS,NEP,785,-0.40445182510254396
human,all,NS,NEP,787,-0.041265246188895974
human,all,NS,NEP,788,-0.412651312125578
human,all,NS,NEP,790,-0.16097288929279444
human,all,NS,NEP,793,-0.4378117676439972
human,all,NS,NEP,796,-0.09371364940077027
human,all,NS,NEP,799,0.3944773703677933
human,all,NS,NEP,802,0.04282981770016679
human,all,NS,NEP,805,-0.07309905174114778
human,all,NS,NEP,808,-0.2678393721791737
human,all,NS,NEP,812,0.6247189641207793
human,all,NS,NEP,814,-0.0886795747516801
human,all,NS,NEP,817,0.21226410889371305
human,all,NS,NEP,820,-0.7025134215350581
human,all,NS,NEP,823,0.05980973557859284
human,all,NS,NEP,826,-1.3047274000670872
human,all,NS,NEP,829,-1.874710306007979
human,all,NS,NEP,832,-0.6137636890648858
human,all,NS,NEP,835,-0.9080383270785025
human,all,NS,NEP,837,-0.14512636422224956
human,all,NS,NEP;NS1,6,0.20229039140483285
human,all,NS,NEP;NS1,9,0.6716677004479963
human,all,NS,NEP;NS1,12,0.21100826895611924
human,all,NS,NEP;NS1,15,-0.2928697914169721
human,all,NS,NEP;NS1,18,-0.08066944261312689
human,all,NS,NEP;NS1,21,0.13291212814219053
human,all,NS,NEP;NS1,24,0.22169539170765074
human,all,NS,NEP;NS1,27,-0.06436296915486228
human,all,NS,NEP;NS1,30,-6.06046061352882
human,all,NS,NEP;NS1,592,-0.2867728217418902
human,all,NS,NEP;NS1,640,0.13956917369754346
human,all,NS,NS1,33,-2.0809630383583775
human,all,NS,NS1,36,0.344003038977178
human,all,NS,NS1,39,0.28202131833422717
human,all,NS,NS1,42,-0.1942004530576542
human,all,NS,NS1,45,0.05258985075798575
human,all,NS,NS1,51,0.18277906824397616
human,all,NS,NS1,54,0.043646685228940295
human,all,NS,NS1,55,0.2731287884287812
human,all,NS,NS1,57,-0.7144144728404166
human,all,NS,NS1,60,0.17102928312248625
human,all,NS,NS1,61,0.0011390462474148632
human,all,NS,NS1,63,0.5133806284062575
human,all,NS,NS1,66,0.6854178479946859
human,all,NS,NS1,69,0.03845529254767629
human,all,NS,NS1,72,-0.33774084741684085
human,all,NS,NS1,75,-0.2728090617693614
human,all,NS,NS1,78,-0.4934272432831759
human,all,NS,NS1,79,-0.01614887073728355
human,all,NS,NS1,81,0.07948940025113874
human,all,NS,NS1,84,0.8797100388360084
human,all,NS,NS1,87,0.004443105091779096
human,all,NS,NS1,90,-0.12091839021800226
human,all,NS,NS1,93,0.6588216843318685
human,all,NS,NS1,96,0.12316424200853651
human,all,NS,NS1,99,0.04440558589711282
human,all,NS,NS1,102,0.2617884801095219
human,all,NS,NS1,103,-0.0009807814862825826
human,all,NS,NS1,105,-1.6685030085720396
human,all,NS,NS1,106,0.05958783487874775
human,all,NS,NS1,108,0.7263371842261256
human,all,NS,NS1,111,-1.0177893302261332
human,all,NS,NS1,112,0.4690812315482285
human,all,NS,NS1,114,-0.36519842415235276
human,all,NS,NS1,117,-0.0271211688786871
human,all,NS,NS1,120,0.05604405607097548
human,all,NS,NS1,123,-0.27696394138150804
human,all,NS,NS1,126,-0.042677770049376396
human,all,NS,NS1,127,0.0999050923599713
human,all,NS,NS1,129,-0.2574871630759841
human,all,NS,NS1,130,0.8017345047560689
human,all,NS,NS1,132,0.18991869430990824
human,all,NS,NS1,135,-0.22742139738801104
human,all,NS,NS1,136,0.2562677796189871
human,all,NS,NS1,138,-0.49010178517649233
human,all,NS,NS1,141,-0.09108978188724269
human,all,NS,NS1,144,0.17320594760640795
human,all,NS,NS1,147,-0.22197556803663554
human,all,NS,NS1,150,0.3406611185601822
human,all,NS,NS1,153,0.2128329436515567
human,all,NS,NS1,154,0.18570162564991854
human,all,NS,NS1,156,0.08518051885809481
human,all,NS,NS1,159,0.6053240043735029
human,all,NS,NS1,162,-0.3616755140487037
human,all,NS,NS1,165,-0.08433407648680152
human,all,NS,NS1,168,0.27986755672763436
human,all,NS,NS1,171,0.09763296054974296
human,all,NS,NS1,174,0.19489196852317817
human,all,NS,NS1,177,-0.02408298443539171
human,all,NS,NS1,180,0.2321634840107902
human,all,NS,NS1,183,0.06034549819011681
human,all,NS,NS1,186,0.12988477681025556
human,all,NS,NS1,189,0.04367049147414417
human,all,NS,NS1,192,0.44085582661266853
human,all,NS,NS1,195,-0.06815393722151765
human,all,NS,NS1,198,-0.025884615461908067
human,all,NS,NS1,201,-0.11477190254500398
human,all,NS,NS1,204,-0.0998550216257931
human,all,NS,NS1,205,-0.5091107201552886
human,all,NS,NS1,207,0.2488081901698787
human,all,NS,NS1,210,0.13867351838626837
human,all,NS,NS1,213,-0.05566248967301686
human,all,NS,NS1,216,-0.2286332609496239
human,all,NS,NS1,219,0.13071150131953055
human,all,NS,NS1,222,0.12973268552984527
human,all,NS,NS1,225,-0.09006785532037456
human,all,NS,NS1,228,0.1499141772523832
human,all,NS,NS1,231,0.5664606649008244
human,all,NS,NS1,234,-0.05186879458461165
human,all,NS,NS1,240,0.12022913746019707
human,all,NS,NS1,243,-0.2600531449005686
human,all,NS,NS1,246,0.06861904934528615
human,all,NS,NS1,249,0.33420024884354366
human,all,NS,NS1,252,0.5434885869172644
human,all,NS,NS1,255,0.2801346291723628
human,all,NS,NS1,258,0.38666830422316295
human,all,NS,NS1,261,-0.12323722706893732
human,all,NS,NS1,262,-0.014137749118744932
human,all,NS,NS1,264,0.6159643656572077
human,all,NS,NS1,267,-0.033311661438246064
human,all,NS,NS1,270,0.05401749211897505
human,all,NS,NS1,273,0.3791414156790296
human,all,NS,NS1,276,0.2257761171113542
human,all,NS,NS1,282,-0.14725557609567905
human,all,NS,NS1,285,0.32935617270249035
human,all,NS,NS1,288,-0.35601403693361566
human,all,NS,NS1,291,0.028270237007533602
human,all,NS,NS1,292,-0.10017700037362676
human,all,NS,NS1,294,-0.3087853989263855
human,all,NS,NS1,297,-0.003201908327140259
human,all,NS,NS1,298,0.4936824405844245
human,all,NS,NS1,300,-0.11911337270266045
human,all,NS,NS1,303,-0.7198654840962535
human,all,NS,NS1,309,0.0990722451547831
human,all,NS,NS1,313,-0.4466463841709114
human,all,NS,NS1,315,0.5997216159614784
human,all,NS,NS1,321,0.0729054523768268
human,all,NS,NS1,324,-0.17531478764205607
human,all,NS,NS1,327,-0.15487099124633927
human,all,NS,NS1,330,0.05457891144333102
human,all,NS,NS1,333,-0.05751831590996577
human,all,NS,NS1,336,0.23113451881725158
human,all,NS,NS1,339,0.5708566696905959
human,all,NS,NS1,342,-0.1683741032989172
human,all,NS,NS1,345,0.019000421510575467
human,all,NS,NS1,348,0.03928039693373781
human,all,NS,NS1,351,0.09426066206951181
human,all,NS,NS1,352,-0.0491949382651859
human,all,NS,NS1,354,0.2780485180697345
human,all,NS,NS1,355,0.05113053144350122
human,all,NS,NS1,357,0.1450291483217889
human,all,NS,NS1,360,-0.08007911049485575
human,all,NS,NS1,363,0.6556282992866723
human,all,NS,NS1,366,0.17926085910039652
human,all,NS,NS1,369,0.5831505292383344
human,all,NS,NS1,375,0.006720920993692359
human,all,NS,NS1,378,-0.16609399828685373
human,all,NS,NS1,381,-0.054463670693262516
human,all,NS,NS1,384,-0.11306969437717856
human,all,NS,NS1,387,0.4313219354286971
human,all,NS,NS1,388,-0.21769522240047956
human,all,NS,NS1,390,0.07050575275830831
human,all,NS,NS1,393,-0.5593337346808172
human,all,NS,NS1,396,0.2277089558129075
human,all,NS,NS1,399,-0.2727352237308096
human,all,NS,NS1,402,-0.1634840088714577
human,all,NS,NS1,405,-0.3026644053113617
human,all,NS,NS1,408,0.5363838895695581
human,all,NS,NS1,411,0.18673064495208694
human,all,NS,NS1,414,0.03971580139126134
human,all,NS,NS1,417,0.09864922884752836
human,all,NS,NS1,418,0.10151303630015353
human,all,NS,NS1,420,0.0883856246896888
human,all,NS,NS1,421,0.14614209970179354
human,all,NS,NS1,423,-0.1770700098420343
human,all,NS,NS1,426,0.06081187285272113
human,all,NS,NS1,429,0.3267162292263268
human,all,NS,NS1,430,-0.42503837600017075
human,all,NS,NS1,432,0.22029700889300796
human,all,NS,NS1,435,0.39289795852286097
human,all,NS,NS1,436,-0.1303314723797056
human,all,NS,NS1,438,0.12626179266560933
human,all,NS,NS1,439,-0.21733548353720059
human,all,NS,NS1,441,-0.11827122215890307
human,all,NS,NS1,442,0.0024794943049328117
human,all,NS,NS1,444,-0.6371264272684384
human,all,NS,NS1,447,0.2287687105334869
human,all,NS,NS1,450,-0.34024669918882344
human,all,NS,NS1,453,0.4149949979055968
human,all,NS,NS1,456,0.024791450912079543
human,all,NS,NS1,459,-0.38326404134571623
human,all,NS,NS1,462,0.16610461803724758
human,all,NS,NS1,465,0.18790460691944244
human,all,NS,NS1,468,0.2545198942928244
human,all,NS,NS1,471,0.4132757212625991
human,all,NS,NS1,474,-0.3833721093774473
human,all,NS,NS1,477,0.1543403274202645
human,all,NS,NS1,480,-0.43431148598079944
human,all,NS,NS1,483,-2.427137865753724
human,all,NS,NS1,486,-0.26353191465266873
human,all,NS,NS1,487,0.050795225549555845
human,all,NS,NS1,489,-0.07192441186711682
human,all,NS,NS1,492,-1.0010462134430178
human,all,NS,NS1,495,-1.544661264301468
human,all,NS,NS1,498,-0.9123538926851462
human,all,NS,NS1,501,-4.208654094802405
human,all,PA,PA,6,-0.3675020965136137
human,all,PA,PA,9,-0.1340244389883562
human,all,PA,PA,12,-0.0936170609420726
human,all,PA,PA,15,-0.3183097583290957
human,all,PA,PA,16,-0.13973754220088994
human,all,PA,PA,18,0.17528777220278732
human,all,PA,PA,21,-0.0535505237717744
human,all,PA,PA,24,0.20442749329810112
human,all,PA,PA,27,-0.15489555726661708
human,all,PA,PA,30,0.06631328243900542
human,all,PA,PA,33,-0.07071013483683683
human,all,PA,PA,39,-0.3634320413974104
human,all,PA,PA,42,-1.063027849602968
human,all,PA,PA,45,-0.1678428155382289
human,all,PA,PA,48,-0.057376071875068026
human,all,PA,PA,51,-0.8486610035727271
human,all,PA,PA,54,-0.2986097969622376
human,all,PA,PA,57,0.6206992516910437
human,all,PA,PA,60,-1.306957014419569
human,all,PA,PA,66,-0.2857137735277539
human,all,PA,PA,69,-0.18291497389554964
human,all,PA,PA,72,-0.2574979081149034
human,all,PA,PA,75,0.04361015834651627
human,all,PA,PA,78,0.07535163799176607
human,all,PA,PA,81,-0.48722998845627963
human,all,PA,PA,82,-0.6322837195367553
human,all,PA,PA,84,-0.34290008702014874
human,all,PA,PA,87,-0.2221156086700927
human,all,PA,PA,90,-0.07729234353442761
human,all,PA,PA,93,-0.01155982693371346
human,all,PA,PA,96,0.2830238894047169
human,all,PA,PA,99,-0.06175907554444336
human,all,PA,PA,102,-0.21067354171164573
human,all,PA,PA,105,0.22094804258906944
human,all,PA,PA,108,0.11045582046271303
human,all,PA,PA,111,-0.34181592563706586
human,all,PA,PA,114,0.29624902866350944
human,all,PA,PA,117,0.05578873281127549
human,all,PA,PA,120,0.21099120563263857
human,all,PA,PA,123,0.08933989119165886
human,all,PA,PA,124,-0.14745552849782975
human,all,PA,PA,126,0.3309429353458128
human,all,PA,PA,129,0.04125989745054728
human,all,PA,PA,132,-0.03176137749021286
human,all,PA,PA,135,0.48413762259759
human,all,PA,PA,138,-0.00033497758610527567
human,all,PA,PA,144,0.04269060826200017
human,all,PA,PA,147,-0.01840989008605179
human,all,PA,PA,150,0.004454778064083158
human,all,PA,PA,153,-0.10814381661924274
human,all,PA,PA,156,0.2889635207887404
human,all,PA,PA,159,0.11994320092577078
human,all,PA,PA,162,0.24569985787798157
human,all,PA,PA,165,0.1589667619595785
human,all,PA,PA,168,0.1998353919400275
human,all,PA,PA,169,0.43181174678120693
human,all,PA,PA,171,0.21662441869361254
human,all,PA,PA,174,-0.11612565626585028
human,all,PA,PA,177,-0.09866842230629684
human,all,PA,PA,180,-0.7407794072068422
human,all,PA,PA,183,-0.7996619977667312
human,all,PA,PA,186,0.4718080355357427
human,all,PA,PA,189,0.13218580589208662
human,all,PA,PA,192,0.13869416729763137
human,all,PA,PA,195,-0.3554081714498107
human,all,PA,PA,198,-0.035516910054475825
human,all,PA,PA,201,-0.06718773879516099
human,all,PA,PA,204,0.04988787987758654
human,all,PA,PA,207,-0.03683539470041991
human,all,PA,PA,210,-0.04028346265887942
human,all,PA,PA,211,0.2072583711004504
human,all,PA,PA,213,-0.13638339587452264
human,all,PA,PA,214,-0.1408477170568345
human,all,PA,PA,216,0.19042238422329816
human,all,PA,PA,219,0.32858944165074955
human,all,PA,PA,222,-0.1655207557674837
human,all,PA,PA,223,0.013561793707021458
human,all,PA,PA,225,-0.15480322281820094
human,all,PA,PA,228,-0.043928894000931605
human,all,PA,PA,231,-0.07667550931662165
human,all,PA,PA,234,0.33083749397264856
human,all,PA,PA,237,0.22697608017928894
human,all,PA,PA,240,-0.13172136968697432
human,all,PA,PA,243,-0.4874831569931443
human,all,PA,PA,246,-0.09023220809007815
human,all,PA,PA,249,-0.42526395974726394
human,all,PA,PA,250,-0.05226704462269505
human,all,PA,PA,252,0.11613980103312371
human,all,PA,PA,255,0.26711751460131494
human,all,PA,PA,261,0.01952282996215654
human,all,PA,PA,267,0.1561945206915171
human,all,PA,PA,270,0.43711342533604985
human,all,PA,PA,273,0.0590308665162354
human,all,PA,PA,276,-0.43505554246656875
human,all,PA,PA,279,0.1312056778002558
human,all,PA,PA,282,0.2529119734176666
human,all,PA,PA,285,0.2927805890190336
human,all,PA,PA,288,-0.24867247655197613
human,all,PA,PA,291,0.3226492623423366
human,all,PA,PA,294,0.08598277970019066
human,all,PA,PA,297,0.1354089929341434
human,all,PA,PA,300,0.26213762668278345
human,all,PA,PA,303,0.11439874511201804
human,all,PA,PA,306,-0.2118700602664424
human,all,PA,PA,309,0.5808054490274899
human,all,PA,PA,312,-0.037445484681324075
human,all,PA,PA,315,-0.03233231365078482
human,all,PA,PA,316,0.05160700202907953
human,all,PA,PA,318,0.06643790005883267
human,all,PA,PA,321,-0.1065325037393977
human,all,PA,PA,324,-0.1840737306996122
human,all,PA,PA,325,0.3042167021145698
human,all,PA,PA,327,-0.15687735047341012
human,all,PA,PA,330,0.012308071144628395
human,all,PA,PA,333,-0.0071060656884072955
human,all,PA,PA,336,-0.27742171540555977
human,all,PA,PA,339,0.19890227010398528
human,all,PA,PA,342,0.32488563214722127
human,all,PA,PA,345,-0.4798547167154455
human,all,PA,PA,346,-0.2837378453921291
human,all,PA,PA,348,0.5238002353152723
human,all,PA,PA,351,-0.09612641373512522
human,all,PA,PA,354,0.06652076724968685
human,all,PA,PA,357,-0.09539033765707582
human,all,PA,PA,360,0.08900873356682724
human,all,PA,PA,363,-0.021443136939945734
human,all,PA,PA,366,0.17292661126336337
human,all,PA,PA,369,0.06766185346530812
human,all,PA,PA,370,0.1864582897219408
human,all,PA,PA,372,0.14813557174776446
human,all,PA,PA,375,-0.3072802910923507
human,all,PA,PA,378,-0.08029870072884657
human,all,PA,PA,381,-0.11061819437829157
human,all,PA,PA,384,-0.21645038540103967
human,all,PA,PA,387,0.17658871843151303
human,all,PA,PA,390,-0.08724348402780649
human,all,PA,PA,393,-0.4725401698226953
human,all,PA,PA,394,-0.25442048004137113
human,all,PA,PA,396,-0.023778363328387998
human,all,PA,PA,399,-0.033269321158711576
human,all,PA,PA,402,-0.13210187436097778
human,all,PA,PA,405,-0.1090831688584691
human,all,PA,PA,408,-0.3364533503878015
human,all,PA,PA,411,-0.12676139077176501
human,all,PA,PA,414,0.41265863384842494
human,all,PA,PA,417,0.05095979662429465
human,all,PA,PA,420,0.1414740608884271
human,all,PA,PA,423,0.3537907361532071
human,all,PA,PA,426,-0.08056499787397421
human,all,PA,PA,429,-0.08281737970442578
human,all,PA,PA,432,-0.13480559472343115
human,all,PA,PA,435,0.5896983531431453
human,all,PA,PA,438,0.028647220187892317
human,all,PA,PA,441,0.14691030842784708
human,all,PA,PA,444,0.4542241840578065
human,all,PA,PA,447,-0.03748817844775656
human,all,PA,PA,450,-0.23284580497670931
human,all,PA,PA,453,0.5057869319971259
human,all,PA,PA,456,0.04013919590550996
human,all,PA,PA,459,0.027522538598543828
human,all,PA,PA,462,0.05588862856997537
human,all,PA,PA,468,0.19037502936390593
human,all,PA,PA,471,0.21573469594617622
human,all,PA,PA,474,-0.10172289283547166
human,all,PA,PA,477,-0.03261152467865179
human,all,PA,PA,480,-0.2827675152083047
human,all,PA,PA,483,-0.3749109330346754
human,all,PA,PA,486,-0.1503849588596489
human,all,PA,PA,489,0.09195120909673211
human,all,PA,PA,492,0.17494547198694563
human,all,PA,PA,495,-0.017536772672552714
human,all,PA,PA,498,-0.03748924316316163
human,all,PA,PA,501,0.16977055384081396
human,all,PA,PA,502,0.11789331307785213
human,all,PA,PA,504,0.18212820593773701
human,all,PA,PA,507,-0.3905938278803472
human,all,PA,PA,508,-0.11293713973498808
human,all,PA,PA,510,-0.07977554355620736
human,all,PA,PA,513,0.6792124692199412
human,all,PA,PA,516,0.27445017654906984
human,all,PA,PA,519,-0.0006129754879377983
human,all,PA,PA,520,0.8738494181165718
human,all,PA,PA,522,-0.04688979184231538
human,all,PA,PA,523,0.0590339382796717
human,all,PA,PA,525,-0.006525057942167356
human,all,PA,PA,528,-0.06090654622545072
human,all,PA,PA,531,0.11705874610196032
human,all,PA,PA,534,0.5245393035955259
human,all,PA,PA,535,-0.06529441177114775
human,all,PA,PA,537,0.008051519133260618
human,all,PA,PA,540,-0.08566214394499624
human,all,PA,PA,543,-0.0025824984800104415
human,all,PA,PA,549,-0.05660387155930134
human,all,PA,PA,552,0.0424336151995217
human,all,PA,PA,553,-0.18812015090208645
human,all,PA,PA,555,0.02076464760739931
human,all,PA,PA,558,-0.6693723056620939
human,all,PA,PA,559,-0.09315679702970041
human,all,PA,PA,561,-0.15843001638534635
human,all,PA,PA,567,-0.15091683495254032
human,all,PA,PA,570,-0.5783595062628982
human,all,PA,PA,762,-0.1557517665365817
human,all,PA,PA,765,-0.2909622977380385
human,all,PA,PA,768,-0.34344467321874095
human,all,PA,PA,771,-0.20142493487828345
human,all,PA,PA,774,-0.23091039620948775
human,all,PA,PA,777,-0.013534742803076372
human,all,PA,PA,780,-0.0021486115773084527
human,all,PA,PA,781,0.11152979915514662
human,all,PA,PA,783,-0.011151668793271341
human,all,PA,PA,786,-0.18867215451626773
human,all,PA,PA,789,0.1698584347988881
human,all,PA,PA,792,0.03589229220346385
human,all,PA,PA,795,0.2048054651091474
human,all,PA,PA,796,0.271958451103674
human,all,PA,PA,798,0.3022428146720912
human,all,PA,PA,801,0.1912721873182675
human,all,PA,PA,804,-0.02404722157461889
human,all,PA,PA,807,-0.3822932367304831
human,all,PA,PA,808,0.008364844904210253
human,all,PA,PA,810,0.3965830545226177
human,all,PA,PA,813,-0.06987723411542118
human,all,PA,PA,816,0.14183033083628763
human,all,PA,PA,819,0.4011698722519019
human,all,PA,PA,822,0.09887350478475315
human,all,PA,PA,825,-0.3181317699683395
human,all,PA,PA,828,0.041886296568447695
human,all,PA,PA,831,0.22573045898568456
human,all,PA,PA,834,-0.1830265263007867
human,all,PA,PA,835,-0.2383877286955997
human,all,PA,PA,837,-0.0055105099901755356
human,all,PA,PA,840,0.22592802274360732
human,all,PA,PA,843,-0.1346471977205523
human,all,PA,PA,846,0.8223628686827789
human,all,PA,PA,847,-0.32461130010289463
human,all,PA,PA,849,0.33936578100657633
human,all,PA,PA,850,0.18063834558054925
human,all,PA,PA,852,0.03828679102645595
human,all,PA,PA,858,-0.20130633602103767
human,all,PA,PA,861,0.1550729960194723
human,all,PA,PA,862,-0.1141057465095782
human,all,PA,PA,864,0.0711781692214308
human,all,PA,PA,867,-0.07703993806492679
human,all,PA,PA,868,-0.05116427469835458
human,all,PA,PA,870,0.23188206870578892
human,all,PA,PA,873,0.265824877102052
human,all,PA,PA,876,0.15270970432478936
human,all,PA,PA,879,-0.02252260531383569
human,all,PA,PA,882,-0.048771937791511386
human,all,PA,PA,885,0.07326215798893361
human,all,PA,PA,888,0.19205036664248312
human,all,PA,PA,891,0.25992202461623376
human,all,PA,PA,894,0.08896349362528787
human,all,PA,PA,897,0.20282586541268277
human,all,PA,PA,900,0.0021441502125980477
human,all,PA,PA,903,0.10077830969413548
human,all,PA,PA,906,0.28803809851892864
human,all,PA,PA,909,-0.047244526336120196
human,all,PA,PA,910,0.15384491689502003
human,all,PA,PA,912,-0.23391085296566688
human,all,PA,PA,915,-0.037738381286406254
human,all,PA,PA,918,-0.29094226771227727
human,all,PA,PA,921,0.1728470991348075
human,all,PA,PA,924,-0.09811872063256545
human,all,PA,PA,927,0.06935356069648173
human,all,PA,PA,930,0.30502018228963307
human,all,PA,PA,936,-0.03136543613797235
human,all,PA,PA,939,-0.12003612235235905
human,all,PA,PA,942,0.007500797393749217
human,all,PA,PA,945,0.3116593175683362
human,all,PA,PA,948,0.38610447364591166
human,all,PA,PA,954,-0.3072805188588062
human,all,PA,PA,957,-0.11264546904810824
human,all,PA,PA,960,0.4090977242006233
human,all,PA,PA,963,-0.3147705983050957
human,all,PA,PA,966,0.08259822306426322
human,all,PA,PA,969,0.008931520500992954
human,all,PA,PA,972,-0.42255623170014167
human,all,PA,PA,975,-0.41877199759107353
human,all,PA,PA,978,0.16608330189217702
human,all,PA,PA,981,0.15898775444782837
human,all,PA,PA,984,0.05920564978536062
human,all,PA,PA,987,0.22679746938189912
human,all,PA,PA,990,0.3429230813207725
human,all,PA,PA,993,-0.09853221793351213
human,all,PA,PA,996,-0.19058311837989209
human,all,PA,PA,999,-0.2747696039418929
human,all,PA,PA,1002,0.18435814529342281
human,all,PA,PA,1003,0.21507234245186485
human,all,PA,PA,1005,0.07006983788915143
human,all,PA,PA,1006,-0.1331380430900726
human,all,PA,PA,1008,0.1312463205018432
human,all,PA,PA,1011,-0.4337432335490765
human,all,PA,PA,1017,0.18140074766757291
human,all,PA,PA,1020,-0.02246619575980441
human,all,PA,PA,1023,0.26936856377220925
human,all,PA,PA,1024,0.1733234106288952
human,all,PA,PA,1026,-0.28118418226757497
human,all,PA,PA,1029,-0.048259739598680206
human,all,PA,PA,1032,0.06630526296461997
human,all,PA,PA,1033,-0.012533226604352077
human,all,PA,PA,1035,-0.030534653386829064
human,all,PA,PA,1038,-0.22414622832147635
human,all,PA,PA,1041,-0.11862169358717276
human,all,PA,PA,1044,-0.3791488725646247
human,all,PA,PA,1047,0.2061316398655998
human,all,PA,PA,1050,0.0965623394335055
human,all,PA,PA,1053,0.06865625186681734
human,all,PA,PA,1056,0.20811247134989994
human,all,PA,PA,1059,0.16271745601798135
human,all,PA,PA,1062,0.18871740418267893
human,all,PA,PA,1065,-0.06362571490983031
human,all,PA,PA,1066,0.19906440775311576
human,all,PA,PA,1068,0.15877568399667077
human,all,PA,PA,1071,0.18545974246177674
human,all,PA,PA,1074,-0.05468838958746389
human,all,PA,PA,1077,0.009946098568600169
human,all,PA,PA,1083,0.17533642595519042
human,all,PA,PA,1086,0.06249314453602167
human,all,PA,PA,1089,-0.05628192266009225
human,all,PA,PA,1092,0.014337934613768116
human,all,PA,PA,1095,-0.2560511467157786
human,all,PA,PA,1096,-0.024316068431010515
human,all,PA,PA,1098,0.23276878137495458
human,all,PA,PA,1101,0.20836280201881827
human,all,PA,PA,1107,-0.05194895981436645
human,all,PA,PA,1110,0.09733938504910945
human,all,PA,PA,1113,-0.15663420846562126
human,all,PA,PA,1116,0.2758105486067204
human,all,PA,PA,1119,-0.1470001256810013
human,all,PA,PA,1125,0.24864569622751678
human,all,PA,PA,1128,0.1809673391389511
human,all,PA,PA,1131,0.1908369199135126
human,all,PA,PA,1134,0.6987155103560435
human,all,PA,PA,1137,0.29288338009602316
human,all,PA,PA,1140,0.41775946273383946
human,all,PA,PA,1143,-0.09380851681208457
human,all,PA,PA,1146,0.03223762375661151
human,all,PA,PA,1149,0.0007428980728732782
human,all,PA,PA,1152,0.154671129875573
human,all,PA,PA,1153,0.3761090278139469
human,all,PA,PA,1155,-0.2254843069108867
human,all,PA,PA,1158,0.016771359350169632
human,all,PA,PA,1161,0.41367473140366856
human,all,PA,PA,1164,0.06636641370751571
human,all,PA,PA,1167,-0.11508217465176532
human,all,PA,PA,1168,0.02015247008052572
human,all,PA,PA,1170,0.05192384210061174
human,all,PA,PA,1173,-0.05071723284303223
human,all,PA,PA,1176,-0.01459837116829868
human,all,PA,PA,1179,-0.05736484475448763
human,all,PA,PA,1182,-0.41042094063759266
human,all,PA,PA,1185,-0.13089498512169515
human,all,PA,PA,1188,-0.14201346208655316
human,all,PA,PA,1191,0.08868003012529081
human,all,PA,PA,1194,0.827589919660728
human,all,PA,PA,1197,-0.03666034673892777
human,all,PA,PA,1198,-0.0828106836763378
human,all,PA,PA,1200,-0.1857166940380576
human,all,PA,PA,1201,0.8030490176305062
human,all,PA,PA,1203,-0.19294358520938854
human,all,PA,PA,1206,-0.09147861392513718
human,all,PA,PA,1207,-0.17756778023129602
human,all,PA,PA,1209,-0.025564675703270832
human,all,PA,PA,1212,-0.1919780563050354
human,all,PA,PA,1215,0.00020047349399027924
human,all,PA,PA,1221,0.030883826665879938
human,all,PA,PA,1224,-0.002627797028343941
human,all,PA,PA,1227,-0.014264037185566554
human,all,PA,PA,1230,0.07517307824016083
human,all,PA,PA,1233,-0.15536196498183166
human,all,PA,PA,1236,-0.016895196766282164
human,all,PA,PA,1239,-0.25391200052740726
human,all,PA,PA,1242,0.10473281567926544
human,all,PA,PA,1245,0.16595442211416153
human,all,PA,PA,1248,0.05051117053378684
human,all,PA,PA,1249,-0.4015945539407088
human,all,PA,PA,1251,0.26382773214579885
human,all,PA,PA,1254,-0.16215940603404885
human,all,PA,PA,1257,0.21270472211458397
human,all,PA,PA,1260,0.06368647662417483
human,all,PA,PA,1263,0.34035460381423743
human,all,PA,PA,1269,0.09762779220715898
human,all,PA,PA,1272,0.09920648085188662
human,all,PA,PA,1275,-0.3404311617008089
human,all,PA,PA,1278,-0.04513078074794028
human,all,PA,PA,1281,-0.2444986832203683
human,all,PA,PA,1284,0.01895596489417483
human,all,PA,PA,1287,0.1759746011577647
human,all,PA,PA,1290,-0.19002611929577648
human,all,PA,PA,1293,0.06673459233345348
human,all,PA,PA,1296,0.020004850932805424
human,all,PA,PA,1299,0.007307456124465823
human,all,PA,PA,1302,0.2209101488955141
human,all,PA,PA,1305,-0.10065828195458973
human,all,PA,PA,1308,0.1357290873494536
human,all,PA,PA,1311,0.0025569320571577955
human,all,PA,PA,1314,0.13976151147349963
human,all,PA,PA,1317,0.4412276716235954
human,all,PA,PA,1320,0.6514598989257891
human,all,PA,PA,1326,-0.05721261373024692
human,all,PA,PA,1327,0.36679952361044066
human,all,PA,PA,1329,0.06264328836300699
human,all,PA,PA,1332,0.09652701161545468
human,all,PA,PA,1335,0.07161746741630176
human,all,PA,PA,1338,0.055631375700468486
human,all,PA,PA,1341,0.3365161396165475
human,all,PA,PA,1344,-0.07718258205215152
human,all,PA,PA,1347,0.014704937495933934
human,all,PA,PA,1350,-0.18631329428245333
human,all,PA,PA,1353,-0.3583634441016317
human,all,PA,PA,1356,0.21139543404264005
human,all,PA,PA,1359,0.10567338905702023
human,all,PA,PA,1360,0.313764180241134
human,all,PA,PA,1362,-0.5273620774242553
human,all,PA,PA,1365,0.3581809426124114
human,all,PA,PA,1368,-0.05577903559541488
human,all,PA,PA,1371,0.18034840557367882
human,all,PA,PA,1374,0.8151369571823271
human,all,PA,PA,1383,-0.11187724888994294
human,all,PA,PA,1386,-0.05398012067758731
human,all,PA,PA,1389,0.08106344830274016
human,all,PA,PA,1392,0.022955079054491297
human,all,PA,PA,1395,-0.08289071359446695
human,all,PA,PA,1398,0.09376553661705753
human,all,PA,PA,1401,0.2752897997944455
human,all,PA,PA,1404,0.3818536547826544
human,all,PA,PA,1405,0.06385825485359206
human,all,PA,PA,1407,-0.08447723809366396
human,all,PA,PA,1410,-0.15809518399270228
human,all,PA,PA,1413,-0.32499003274565
human,all,PA,PA,1416,0.12106787231925398
human,all,PA,PA,1419,-0.055342471288725124
human,all,PA,PA,1422,-0.3538969413224176
human,all,PA,PA,1425,0.005448293855902314
human,all,PA,PA,1428,0.35460695205418746
human,all,PA,PA,1434,-0.10509009268428482
human,all,PA,PA,1437,0.2252463120887649
human,all,PA,PA,1440,0.10138352468320931
human,all,PA,PA,1443,-0.07822459236456318
human,all,PA,PA,1444,0.13104333843678587
human,all,PA,PA,1446,0.04685749627567432
human,all,PA,PA,1449,0.4593139277323394
human,all,PA,PA,1452,0.167473113155714
human,all,PA,PA,1458,0.5316474764184291
human,all,PA,PA,1461,-0.20279105787044274
human,all,PA,PA,1464,0.24984748419722638
human,all,PA,PA,1467,-0.27702561192872655
human,all,PA,PA,1468,0.60865309508006
human,all,PA,PA,1470,0.21116527689553904
human,all,PA,PA,1473,0.2769122576418931
human,all,PA,PA,1476,0.04185979634189175
human,all,PA,PA,1479,0.19211637106017104
human,all,PA,PA,1482,0.22217027366956899
human,all,PA,PA,1483,0.44716250064519647
human,all,PA,PA,1485,0.014775865119176543
human,all,PA,PA,1486,0.08493224629044155
human,all,PA,PA,1488,0.2578827436177201
human,all,PA,PA,1491,0.0038173043987775814
human,all,PA,PA,1494,-0.12054528798844218
human,all,PA,PA,1497,-0.06312634909350144
human,all,PA,PA,1498,-0.22587149920113975
human,all,PA,PA,1500,0.17627903061328734
human,all,PA,PA,1503,0.17428561125026096
human,all,PA,PA,1506,0.3931256787161968
human,all,PA,PA,1509,-0.07240197044071581
human,all,PA,PA,1512,-0.26460292851602946
human,all,PA,PA,1515,0.2513705222118442
human,all,PA,PA,1518,-0.036465242008370424
human,all,PA,PA,1521,-0.14020131277460782
human,all,PA,PA,1522,0.07910405939978864
human,all,PA,PA,1524,-0.007238002227880246
human,all,PA,PA,1527,0.5039341393071437
human,all,PA,PA,1530,0.0846751566947189
human,all,PA,PA,1531,0.008122773087206603
human,all,PA,PA,1533,0.18657381096495615
human,all,PA,PA,1536,-0.10019467683458587
human,all,PA,PA,1539,-0.031231994810111973
human,all,PA,PA,1542,-0.01899786801854038
human,all,PA,PA,1545,0.1808312146255674
human,all,PA,PA,1548,0.020586968388004907
human,all,PA,PA,1551,0.19470612164987114
human,all,PA,PA,1554,0.45234887666264956
human,all,PA,PA,1557,0.6663367608075368
human,all,PA,PA,1560,-0.3029167016985807
human,all,PA,PA,1563,0.13152517663024751
human,all,PA,PA,1566,0.014619235859203033
human,all,PA,PA,1572,0.09745562571108224
human,all,PA,PA,1575,0.1452738830223351
human,all,PA,PA,1578,-0.127917348154588
human,all,PA,PA,1581,0.07636547531151927
human,all,PA,PA,1584,0.4786591040155197
human,all,PA,PA,1587,0.40416818999591575
human,all,PA,PA,1590,-0.020346323234510605
human,all,PA,PA,1593,0.048178931217525124
human,all,PA,PA,1594,0.1560173404505236
human,all,PA,PA,1596,0.06034358901643852
human,all,PA,PA,1599,0.25636166478628886
human,all,PA,PA,1602,-0.06992974663518124
human,all,PA,PA,1605,0.20065981379929052
human,all,PA,PA,1608,-0.46925222142230166
human,all,PA,PA,1614,0.052059156795434755
human,all,PA,PA,1617,0.007258549852809682
human,all,PA,PA,1620,0.01780277952157351
human,all,PA,PA,1623,-0.08358117644217689
human,all,PA,PA,1626,0.09661860223217922
human,all,PA,PA,1629,0.06247306577625284
human,all,PA,PA,1632,0.23906695227122235
human,all,PA,PA,1635,0.19858667690297604
human,all,PA,PA,1638,0.06778124930224358
human,all,PA,PA,1641,-0.01054759548927927
human,all,PA,PA,1645,-0.40583165715575586
human,all,PA,PA,1647,-0.023877609603034044
human,all,PA,PA,1648,-0.05559840601917695
human,all,PA,PA,1650,-0.15413212044977165
human,all,PA,PA,1651,0.15747686197577246
human,all,PA,PA,1653,-0.09863534050984511
human,all,PA,PA,1656,0.046976014651172765
human,all,PA,PA,1659,0.3387312063896174
human,all,PA,PA,1662,0.5224296878246908
human,all,PA,PA,1665,-0.25221721937863645
human,all,PA,PA,1668,-0.25615714748594876
human,all,PA,PA,1671,-0.2243458201764419
human,all,PA,PA,1674,0.06587076763704759
human,all,PA,PA,1675,-0.15003716581910942
human,all,PA,PA,1677,0.0401165776664077
human,all,PA,PA,1680,0.21841385305495822
human,all,PA,PA,1686,0.13938226070174495
human,all,PA,PA,1687,-0.14107124965449822
human,all,PA,PA,1689,-0.3004694427592724
human,all,PA,PA,1692,0.013156857826471783
human,all,PA,PA,1695,0.3602708893196975
human,all,PA,PA,1698,0.17779508695400817
human,all,PA,PA,1701,0.38928949162369275
human,all,PA,PA,1704,0.14419261958551888
human,all,PA,PA,1707,0.36177521013103553
human,all,PA,PA,1710,-0.11635297262154047
human,all,PA,PA,1713,0.22897711265758972
human,all,PA,PA,1716,0.528361630528542
human,all,PA,PA,1719,0.09589162995962208
human,all,PA,PA,1722,-0.10542772059038379
human,all,PA,PA,1728,0.07121817744228996
human,all,PA,PA,1734,0.47587472592754376
human,all,PA,PA,1740,-0.06077037890165559
human,all,PA,PA,1746,-0.03944461060720032
human,all,PA,PA,1749,-0.002600386189481718
human,all,PA,PA,1752,0.11659424034001412
human,all,PA,PA,1755,-0.23039627301225774
human,all,PA,PA,1758,0.2575677648593001
human,all,PA,PA,1761,-0.16102120084722074
human,all,PA,PA,1764,0.1142950169318024
human,all,PA,PA,1767,-0.19270970580375
human,all,PA,PA,1770,-0.1746407569295294
human,all,PA,PA,1773,0.00556917425054201
human,all,PA,PA,1776,0.15094252426230353
human,all,PA,PA,1779,-0.22039135362716078
human,all,PA,PA,1782,0.6108039920266767
human,all,PA,PA,1788,-0.2530455345503445
human,all,PA,PA,1791,-0.12058645209304636
human,all,PA,PA,1794,-0.03153508396009301
human,all,PA,PA,1797,-0.07813990039804167
human,all,PA,PA,1800,0.1938103676848973
human,all,PA,PA,1803,0.26348681362827514
human,all,PA,PA,1806,0.2647742725465009
human,all,PA,PA,1809,0.0718855833484741
human,all,PA,PA,1812,0.17150986061665266
human,all,PA,PA,1815,-0.1477640942861104
human,all,PA,PA,1818,-0.025936546450144152
human,all,PA,PA,1824,-0.01246858688799505
human,all,PA,PA,1827,-0.09903664178997702
human,all,PA,PA,1830,0.018618298842921183
human,all,PA,PA,1833,0.053211437790559174
human,all,PA,PA,1836,-0.20949862106495823
human,all,PA,PA,1839,-0.011513264035462642
human,all,PA,PA,1842,0.3055769751191667
human,all,PA,PA,1845,-0.01270431316177957
human,all,PA,PA,1848,0.08650017233474833
human,all,PA,PA,1851,0.07115513591158959
human,all,PA,PA,1854,-0.4304907066710792
human,all,PA,PA,1860,0.2799469127518226
human,all,PA,PA,1863,0.17914677632974615
human,all,PA,PA,1866,-0.043888677651045725
human,all,PA,PA,1869,0.331790172631122
human,all,PA,PA,1872,0.05487178964190197
human,all,PA,PA,1875,-0.307027496667402
human,all,PA,PA,1876,0.9092176631267053
human,all,PA,PA,1878,0.05712752499730048
human,all,PA,PA,1881,0.08891402784327185
human,all,PA,PA,1884,0.29145879783011336
human,all,PA,PA,1887,0.11422586741417981
human,all,PA,PA,1890,-0.3315074717871507
human,all,PA,PA,1893,0.2807725806540521
human,all,PA,PA,1896,0.15033101470759616
human,all,PA,PA,1899,0.08059393304463908
human,all,PA,PA,1902,0.5346730170597741
human,all,PA,PA,1905,0.2175736136494039
human,all,PA,PA,1908,0.13196671536121227
human,all,PA,PA,1911,0.012001120916560234
human,all,PA,PA,1912,0.1909875932403513
human,all,PA,PA,1914,-0.0660572042889784
human,all,PA,PA,1917,-0.05885604274910108
human,all,PA,PA,1918,0.16154807932286996
human,all,PA,PA,1920,-0.20279772022755685
human,all,PA,PA,1921,0.19925429334981629
human,all,PA,PA,1923,0.1425716495751692
human,all,PA,PA,1926,0.17645011091486323
human,all,PA,PA,1929,-0.23596718696195051
human,all,PA,PA,1932,0.3143996236782928
human,all,PA,PA,1935,0.14577262730270177
human,all,PA,PA,1938,-0.10642257022134881
human,all,PA,PA,1941,-0.24359674696655925
human,all,PA,PA,1944,0.005670979081307509
human,all,PA,PA,1945,0.21453445260785858
human,all,PA,PA,1947,0.17755810832260616
human,all,PA,PA,1950,-0.2478849163657563
human,all,PA,PA,1953,-0.11191862521630491
human,all,PA,PA,1956,-0.03077004619609287
human,all,PA,PA,1959,-0.8140072116088222
human,all,PA,PA,1962,-0.3602748649032454
human,all,PA,PA,1963,-0.2725422330718217
human,all,PA,PA,1965,0.3396932099835238
human,all,PA,PA,1968,-0.06254433240362613
human,all,PA,PA,1971,0.4245995483647971
human,all,PA,PA,1974,0.15332084822029687
human,all,PA,PA,1977,-0.07208460234850238
human,all,PA,PA,1980,0.1811047084342013
human,all,PA,PA,1983,0.1765343168191099
human,all,PA,PA,1986,-0.18496703538757317
human,all,PA,PA,1987,0.3183153937598735
human,all,PA,PA,1989,-0.06227523554194885
human,all,PA,PA,1992,-0.024162950447867843
human,all,PA,PA,1993,0.08891397867935355
human,all,PA,PA,1995,0.15545640057971846
human,all,PA,PA,1998,-0.07200562400560978
human,all,PA,PA,2001,-0.32481614574628787
human,all,PA,PA,2004,-0.6621503616745101
human,all,PA,PA,2007,0.11952467929605465
human,all,PA,PA,2010,-0.713794104933924
human,all,PA,PA,2013,0.030861205319406282
human,all,PA,PA,2016,-0.13984377813755713
human,all,PA,PA,2017,0.08235644760888529
human,all,PA,PA,2019,-0.3950641437987887
human,all,PA,PA,2022,-0.016977975223832254
human,all,PA,PA,2025,0.34771607260176274
human,all,PA,PA,2026,-0.2642153836710752
human,all,PA,PA,2028,-0.04950186924611364
human,all,PA,PA,2031,0.11648107924616123
human,all,PA,PA,2034,0.09546651330499566
human,all,PA,PA,2037,0.41547069566517403
human,all,PA,PA,2040,0.5029509663111131
human,all,PA,PA,2043,-0.057178333099939936
human,all,PA,PA,2046,-0.7482580874161078
human,all,PA,PA,2049,-0.5905850768746247
human,all,PA,PA,2052,0.10826682869371575
human,all,PA,PA,2055,-0.9113544017827172
human,all,PA,PA,2056,-0.7485167592095231
human,all,PA,PA,2058,-1.0137049630661474
human,all,PA,PA,2061,0.15177850400264253
human,all,PA,PA,2064,-0.3813878676749327
human,all,PA,PA,2067,-1.251046558158914
human,all,PA,PA,2070,0.20373041302663442
human,all,PA,PA,2073,-2.5839782175519073
human,all,PA,PA,2076,-0.47048120879508876
human,all,PA,PA,2079,-0.34224030087209445
human,all,PA,PA,2080,-0.08592921894737926
human,all,PA,PA,2082,-0.5098705142474806
human,all,PA,PA,2085,-1.9234539001294435
human,all,PA,PA,2088,-0.35765179057529417
human,all,PA,PA,2091,-0.4175964405174074
human,all,PA,PA,2094,-0.7216114970296243
human,all,PA,PA,2100,-0.841655790045564
human,all,PA,PA,2101,-0.628864827629579
human,all,PA,PA,2103,-1.2160406478324242
human,all,PA,PA,2106,0.11074182262813341
human,all,PA,PA,2109,-0.30652121954060063
human,all,PA,PA,2112,0.24521188170009867
human,all,PA,PA,2115,-0.032684806379642335
human,all,PA,PA,2121,-0.13120620928115753
human,all,PA,PA,2124,-3.284988799248122
human,all,PA,PA,2127,-3.6611794804734656
human,all,PA,PA,2130,-3.3873753362295433
human,all,PA,PA,2131,0.3870256099424456
human,all,PA,PA,2133,-0.3441984095453133
human,all,PA,PA,2136,-0.17355400577650162
human,all,PA,PA,2139,-0.6042911872172063
human,all,PA,PA,2142,-1.40178617268689
human,all,PA,PA,2143,-0.030000978606587184
human,all,PA,PA,2145,-0.42702973576910175
human,all,PA,PA,2148,-0.0048246691006042786
human,all,PA,PA;X-ORF,688,0.6373175583726989
human,all,PA,PA;X-ORF,759,0.11269655707641571
human,all,PB1,PB1,6,-0.8785175172307251
human,all,PB1,PB1,9,-1.9711321842636296
human,all,PB1,PB1,12,0.07597477404837356
human,all,PB1,PB1,15,-2.022667355431865
human,all,PB1,PB1,18,-0.7870843328969737
human,all,PB1,PB1,19,0.33159192075844107
human,all,PB1,PB1,21,-0.7992481997085336
human,all,PB1,PB1,22,0.7685673614198566
human,all,PB1,PB1,24,0.290183894530152
human,all,PB1,PB1,27,0.7676984443749462
human,all,PB1,PB1,28,0.1282099266825073
human,all,PB1,PB1,30,-0.2515006781867104
human,all,PB1,PB1,33,0.3215360284671294
human,all,PB1,PB1,36,0.1505940726829064
human,all,PB1,PB1,39,-0.13218908907946858
human,all,PB1,PB1,42,-0.05303146571948145
human,all,PB1,PB1,45,-0.31975437890019
human,all,PB1,PB1,48,-0.1953868206066171
human,all,PB1,PB1,51,0.5111042336691484
human,all,PB1,PB1,57,-0.030953350631508232
human,all,PB1,PB1,60,0.139563987704892
human,all,PB1,PB1,63,-0.15248091675086653
human,all,PB1,PB1,66,-0.2368225378317301
human,all,PB1,PB1,69,0.004624372151925571
human,all,PB1,PB1,72,0.28418343596713186
human,all,PB1,PB1,75,-0.17455287556576118
human,all,PB1,PB1,78,-0.4677717404970664
human,all,PB1,PB1,81,0.18938977425549589
human,all,PB1,PB1,84,-0.37967934342380716
human,all,PB1,PB1,87,-0.2531292459585655
human,all,PB1,PB1,90,-0.25910643840604386
human,all,PB1,PB1,93,-0.7105768261448803
human,all,PB1,PB1,96,-4.811042783048564
human,all,PB1,PB1,99,0.13743071930949002
human,all,PB1,PB1,102,-0.5558899348460256
human,all,PB1,PB1,105,0.3308615682862811
human,all,PB1,PB1,108,0.017378156514542917
human,all,PB1,PB1,111,0.1295605947263742
human,all,PB1,PB1,114,-0.5976059037759328
human,all,PB1,PB1,117,0.1925801507069346
human,all,PB1,PB1,123,0.6251158687207732
human,all,PB1,PB1,126,0.21362380568090014
human,all,PB1,PB1,129,0.15588060480926724
human,all,PB1,PB1,132,-0.4069378540517557
human,all,PB1,PB1,133,0.048293667183820735
human,all,PB1,PB1,135,-0.3573793760139877
human,all,PB1,PB1,138,-0.10927034663069109
human,all,PB1,PB1,141,0.17157916857481154
human,all,PB1,PB1,144,-0.6926045899410801
human,all,PB1,PB1,147,0.05964347142236472
human,all,PB1,PB1,150,-0.11162445682191408
human,all,PB1,PB1,153,0.3708482839589245
human,all,PB1,PB1,156,0.5347365618141335
human,all,PB1,PB1,159,0.10333168091341172
human,all,PB1,PB1,162,0.470482038318163
human,all,PB1,PB1,168,0.17387554538656338
human,all,PB1,PB1,171,-0.06478073065677797
human,all,PB1,PB1,174,-0.0027297362656441594
human,all,PB1,PB1,177,0.1643256708810031
human,all,PB1,PB1,180,0.24224048541588145
human,all,PB1,PB1,183,0.08302933056194513
human,all,PB1,PB1,186,0.16637751518240057
human,all,PB1,PB1,189,0.12752987040636846
human,all,PB1,PB1,192,0.03888168202420489
human,all,PB1,PB1,195,-0.4193254651422905
human,all,PB1,PB1,198,0.01387309093935875
human,all,PB1,PB1,201,-0.031098623329138767
human,all,PB1,PB1,204,-0.04225135907375838
human,all,PB1,PB1,207,0.9771806447188612
human,all,PB1,PB1,210,-0.027365506532693817
human,all,PB1,PB1,213,-0.049419197568676916
human,all,PB1,PB1,216,-0.1446373084441057
human,all,PB1,PB1,217,-0.004442494706741182
human,all,PB1,PB1,219,-0.14986516334051228
human,all,PB1,PB1,222,0.15002124045535853
human,all,PB1,PB1,225,0.1717884767300454
human,all,PB1,PB1,228,0.14069714675252093
human,all,PB1,PB1,231,0.07126954602167794
human,all,PB1,PB1,234,-0.06934231480915433
human,all,PB1,PB1,237,0.1559919059247123
human,all,PB1,PB1,240,-0.05484898793931495
human,all,PB1,PB1,243,0.1895602107584954
human,all,PB1,PB1,246,0.08128369856672618
human,all,PB1,PB1,249,-0.24663013712943238
human,all,PB1,PB1,252,-0.31847021651045665
human,all,PB1,PB1,255,-0.20347751081081616
human,all,PB1,PB1,258,0.0715862231428856
human,all,PB1,PB1,261,-0.3752680001220393
human,all,PB1,PB1,264,0.08993480301418949
human,all,PB1,PB1,265,-0.14588125510154412
human,all,PB1,PB1,267,-0.11190236152032833
human,all,PB1,PB1,270,-0.3109869670467592
human,all,PB1,PB1,273,0.09244802975772816
human,all,PB1,PB1,279,0.22543196281484076
human,all,PB1,PB1,282,0.1680923161717312
human,all,PB1,PB1,285,-0.0022365735838599707
human,all,PB1,PB1,288,-0.019048908007835427
human,all,PB1,PB1,291,0.01378378429513772
human,all,PB1,PB1,294,-0.3472496826307404
human,all,PB1,PB1,297,0.04440197628302869
human,all,PB1,PB1,300,0.13923141017259125
human,all,PB1,PB1,303,0.3731548384922356
human,all,PB1,PB1,306,-0.026988579455614434
human,all,PB1,PB1,309,0.0835319233720965
human,all,PB1,PB1,312,0.06426600300456049
human,all,PB1,PB1,315,0.06382715336689293
human,all,PB1,PB1,318,0.021030943144120434
human,all,PB1,PB1,321,-0.21219873683956733
human,all,PB1,PB1,324,-0.27869212728080583
human,all,PB1,PB1,327,0.05559110688822216
human,all,PB1,PB1,330,-0.1485822089448634
human,all,PB1,PB1,336,-0.023418904795855795
human,all,PB1,PB1,339,-0.11161823293974284
human,all,PB1,PB1,342,0.39534030959077826
human,all,PB1,PB1,345,0.004229592418800748
human,all,PB1,PB1,348,0.09168842541476996
human,all,PB1,PB1,351,0.042687125355678215
human,all,PB1,PB1,352,-0.27183958625104593
human,all,PB1,PB1,354,0.49906578388875694
human,all,PB1,PB1,357,0.40841385850566414
human,all,PB1,PB1,360,0.01690076409693303
human,all,PB1,PB1,363,-0.10149810965457035
human,all,PB1,PB1,364,-0.36725726283840743
human,all,PB1,PB1,366,-1.1153689654628829
human,all,PB1,PB1,369,0.03473870183947405
human,all,PB1,PB1,372,-0.4149097305098378
human,all,PB1,PB1,375,0.28201692965123265
human,all,PB1,PB1,378,-0.56920532307492
human,all,PB1,PB1,381,-0.14029414397915724
human,all,PB1,PB1,384,-0.08972339203379914
human,all,PB1,PB1,387,0.2245583190353523
human,all,PB1,PB1,390,-0.07873469915119272
human,all,PB1,PB1,396,-0.05171324457711285
human,all,PB1,PB1,397,0.07476733993109655
human,all,PB1,PB1,399,0.1384419655510332
human,all,PB1,PB1,402,-0.04507133014863934
human,all,PB1,PB1,405,-0.0138902270234557
human,all,PB1,PB1,408,0.015425778969190979
human,all,PB1,PB1,411,-0.16337254792985514
human,all,PB1,PB1,414,0.0004591702447325199
human,all,PB1,PB1,417,0.06563214658050423
human,all,PB1,PB1,420,0.14490148929294364
human,all,PB1,PB1,423,-0.026590000792840362
human,all,PB1,PB1,426,0.04171011341608403
human,all,PB1,PB1,427,-0.0892817933334659
human,all,PB1,PB1,429,-0.07746394565617447
human,all,PB1,PB1,432,-0.32193054836257545
human,all,PB1,PB1,435,-0.2629089751259441
human,all,PB1,PB1,438,0.20969420879340026
human,all,PB1,PB1,441,0.4376204945218136
human,all,PB1,PB1,444,-0.00840824546405331
human,all,PB1,PB1,447,0.38111784481141453
human,all,PB1,PB1,450,-0.011339102728144304
human,all,PB1,PB1,451,0.2807299975606874
human,all,PB1,PB1,453,-0.321844324769575
human,all,PB1,PB1,456,0.02736636605747973
human,all,PB1,PB1,459,0.0382018474425109
human,all,PB1,PB1,462,0.17165479175407375
human,all,PB1,PB1,463,-0.2688142897391952
human,all,PB1,PB1,465,-0.0793762433872506
human,all,PB1,PB1,468,-0.13209088838749128
human,all,PB1,PB1,471,0.37220438687781315
human,all,PB1,PB1,474,-0.016325394092511873
human,all,PB1,PB1,477,0.21407250023109822
human,all,PB1,PB1,480,-0.007063937505718411
human,all,PB1,PB1,483,0.6456452761998482
human,all,PB1,PB1,484,0.7941078891072244
human,all,PB1,PB1,486,0.24825032030031072
human,all,PB1,PB1,487,0.058479506973990965
human,all,PB1,PB1,489,-0.44674494790856173
human,all,PB1,PB1,492,0.25992036207948016
human,all,PB1,PB1,495,-0.0647658490710436
human,all,PB1,PB1,498,-0.021352969093298396
human,all,PB1,PB1,499,-0.6138182885346395
human,all,PB1,PB1,501,-0.08044305764112436
human,all,PB1,PB1,504,0.6220077131779205
human,all,PB1,PB1,507,-0.09636330344767502
human,all,PB1,PB1,510,0.5784172796826317
human,all,PB1,PB1,516,0.0961258876748958
human,all,PB1,PB1,519,0.051594634302713355
human,all,PB1,PB1,525,-0.08362678454878009
human,all,PB1,PB1,528,0.28242594610820504
human,all,PB1,PB1,531,-0.07015927825862005
human,all,PB1,PB1,534,-0.011902448620400135
human,all,PB1,PB1,537,0.5100017357337966
human,all,PB1,PB1,540,0.020927515702562002
human,all,PB1,PB1,543,0.7969762235877381
human,all,PB1,PB1,546,0.09565139871157763
human,all,PB1,PB1,549,0.8480177158444445
human,all,PB1,PB1,552,0.1821585384272254
human,all,PB1,PB1,555,0.020213179705722516
human,all,PB1,PB1,558,-0.5586193815231629
human,all,PB1,PB1,559,-0.2654278195471107
human,all,PB1,PB1,561,-0.09432720779805456
human,all,PB1,PB1,564,-0.23406473825505011
human,all,PB1,PB1,565,-1.1452164782218255
human,all,PB1,PB1,567,0.1293456637453425
human,all,PB1,PB1,570,-0.40546685250339937
human,all,PB1,PB1,573,0.22873737876060984
human,all,PB1,PB1,574,0.3411259436087493
human,all,PB1,PB1,576,-0.14714375164051305
human,all,PB1,PB1,579,-0.3234229605375695
human,all,PB1,PB1,582,0.09155044572790494
human,all,PB1,PB1,588,0.15478344528677312
human,all,PB1,PB1,591,0.2655205276269601
human,all,PB1,PB1,594,0.10454705135490164
human,all,PB1,PB1,600,0.10347280482489919
human,all,PB1,PB1,603,0.34006052286682115
human,all,PB1,PB1,606,-0.13058302631578184
human,all,PB1,PB1,607,0.26580982504689266
human,all,PB1,PB1,609,0.05393561995901547
human,all,PB1,PB1,612,-0.0809682694211884
human,all,PB1,PB1,615,0.25311509800097687
human,all,PB1,PB1,618,0.6015284596464413
human,all,PB1,PB1,621,-2.7594298564212965
human,all,PB1,PB1,624,-0.22666311336590564
human,all,PB1,PB1,627,0.5601914231735727
human,all,PB1,PB1,630,0.08331446121410191
human,all,PB1,PB1,631,0.3667377136746906
human,all,PB1,PB1,633,0.21640279151344943
human,all,PB1,PB1,634,-0.08157726863840371
human,all,PB1,PB1,636,0.5194429939066207
human,all,PB1,PB1,639,0.0976712443059091
human,all,PB1,PB1,642,0.11428023829025338
human,all,PB1,PB1,645,-0.07140405673562122
human,all,PB1,PB1,648,-0.07597113019858735
human,all,PB1,PB1,651,-0.10145904198679362
human,all,PB1,PB1,652,-0.12353673737037789
human,all,PB1,PB1,654,-0.5663340514176881
human,all,PB1,PB1,658,-0.057365026225286955
human,all,PB1,PB1,660,-0.27553993875172444
human,all,PB1,PB1,663,0.10779250630226563
human,all,PB1,PB1,664,-0.0690417431425452
human,all,PB1,PB1,666,0.5625895874104319
human,all,PB1,PB1,669,-0.012359127432578701
human,all,PB1,PB1,670,0.21518155285672688
human,all,PB1,PB1,672,0.12398190174997858
human,all,PB1,PB1,675,-0.0928163488962339
human,all,PB1,PB1,678,0.31030829333486265
human,all,PB1,PB1,684,-0.17767014886770618
human,all,PB1,PB1,687,-0.1807026024917691
human,all,PB1,PB1,690,0.15341445452274122
human,all,PB1,PB1,693,0.1194002861648069
human,all,PB1,PB1,696,0.420076682356612
human,all,PB1,PB1,699,-0.41639749969447853
human,all,PB1,PB1,702,-0.10443785805596977
human,all,PB1,PB1,705,0.07671655770200411
human,all,PB1,PB1,706,-0.2127878758144614
human,all,PB1,PB1,708,0.11560707294112109
human,all,PB1,PB1,711,-0.28832903997075315
human,all,PB1,PB1,712,-0.2557712653814041
human,all,PB1,PB1,714,-0.2379959011061719
human,all,PB1,PB1,715,-0.5331758367428722
human,all,PB1,PB1,717,-0.039840420891336346
human,all,PB1,PB1,720,-0.09610021575136506
human,all,PB1,PB1,723,-0.0006999476473637337
human,all,PB1,PB1,726,-0.6885455551468036
human,all,PB1,PB1,729,-0.2902980398214354
human,all,PB1,PB1,732,0.5199957921617534
human,all,PB1,PB1,735,0.49855569258511645
human,all,PB1,PB1,741,0.18187906610474924
human,all,PB1,PB1,744,-0.34026819598837593
human,all,PB1,PB1,747,-0.33175300801179525
human,all,PB1,PB1,750,0.7295837151154722
human,all,PB1,PB1,753,-0.14987504289810016
human,all,PB1,PB1,756,-0.004902100851751902
human,all,PB1,PB1,759,0.27624421352237916
human,all,PB1,PB1,762,0.06409850592090469
human,all,PB1,PB1,765,-0.17057461245950287
human,all,PB1,PB1,768,-0.09824793723792055
human,all,PB1,PB1,771,-0.024297866157812115
human,all,PB1,PB1,772,-0.14538020720813916
human,all,PB1,PB1,774,0.017030046491574587
human,all,PB1,PB1,777,-0.17800877572631538
human,all,PB1,PB1,780,-0.34651217005664925
human,all,PB1,PB1,783,0.28777147192584884
human,all,PB1,PB1,786,0.6332092150401727
human,all,PB1,PB1,789,-0.16737170273264682
human,all,PB1,PB1,792,-0.01137663245525301
human,all,PB1,PB1,795,0.08849726549029639
human,all,PB1,PB1,798,-0.23157725919571717
human,all,PB1,PB1,801,-0.24076703687190829
human,all,PB1,PB1,804,0.02854558424678149
human,all,PB1,PB1,807,0.22806126105135371
human,all,PB1,PB1,810,-0.7256986763950515
human,all,PB1,PB1,813,-0.06098693424670496
human,all,PB1,PB1,816,0.10528510194996155
human,all,PB1,PB1,819,0.4359735940977136
human,all,PB1,PB1,822,0.4489571958818814
human,all,PB1,PB1,825,0.09753787355681752
human,all,PB1,PB1,828,-0.11769891681639591
human,all,PB1,PB1,831,-0.05978838856453758
human,all,PB1,PB1,834,0.16689626742252014
human,all,PB1,PB1,837,0.12144269051326952
human,all,PB1,PB1,840,-0.19343429318896888
human,all,PB1,PB1,843,-0.2930579087609799
human,all,PB1,PB1,844,0.06396077693949596
human,all,PB1,PB1,846,-0.24356768443898696
human,all,PB1,PB1,849,0.09296228109062574
human,all,PB1,PB1,852,0.013686796169748272
human,all,PB1,PB1,855,0.3491259089712086
human,all,PB1,PB1,858,0.012492371280027025
human,all,PB1,PB1,861,-0.13008396953705226
human,all,PB1,PB1,864,0.16220197422140223
human,all,PB1,PB1,873,0.3780024365241886
human,all,PB1,PB1,876,0.23879726920013064
human,all,PB1,PB1,879,-0.02192090449618876
human,all,PB1,PB1,882,-0.3098138635921394
human,all,PB1,PB1,885,0.09575519657174364
human,all,PB1,PB1,888,0.20511611029532975
human,all,PB1,PB1,891,0.1618628043969804
human,all,PB1,PB1,894,0.1419140681474909
human,all,PB1,PB1,897,0.22515765777545052
human,all,PB1,PB1,900,0.3134345338501077
human,all,PB1,PB1,903,0.34273542937285734
human,all,PB1,PB1,906,-0.13076370440207338
human,all,PB1,PB1,909,0.07970847078703863
human,all,PB1,PB1,912,0.06677245124305722
human,all,PB1,PB1,915,0.2240767686210495
human,all,PB1,PB1,918,-0.23769653818861122
human,all,PB1,PB1,921,0.19353041271304086
human,all,PB1,PB1,924,0.25068440352192267
human,all,PB1,PB1,930,0.15498549635876546
human,all,PB1,PB1,933,-0.10096151959361091
human,all,PB1,PB1,936,0.16896947872367069
human,all,PB1,PB1,939,-0.04487684211331278
human,all,PB1,PB1,942,0.24625990252316557
human,all,PB1,PB1,945,-0.117393339151507
human,all,PB1,PB1,946,-0.042908874671355075
human,all,PB1,PB1,948,-0.24049535086332047
human,all,PB1,PB1,954,0.055934324529714405
human,all,PB1,PB1,955,-0.19118649635147095
human,all,PB1,PB1,957,0.5147098430894301
human,all,PB1,PB1,960,0.20554800313867727
human,all,PB1,PB1,966,0.08891123982964053
human,all,PB1,PB1,969,0.36201561496208806
human,all,PB1,PB1,972,0.1388700118647638
human,all,PB1,PB1,975,0.13628178078310443
human,all,PB1,PB1,978,-0.11917075203022935
human,all,PB1,PB1,981,0.05493740180037065
human,all,PB1,PB1,984,0.05739124568937935
human,all,PB1,PB1,987,0.059861418177626025
human,all,PB1,PB1,990,0.2039171575489962
human,all,PB1,PB1,993,0.3024976260532768
human,all,PB1,PB1,999,-0.465518824215911
human,all,PB1,PB1,1000,0.18447310614630602
human,all,PB1,PB1,1002,-0.22758851119204204
human,all,PB1,PB1,1005,-0.4111915616840866
human,all,PB1,PB1,1008,0.45296226675577844
human,all,PB1,PB1,1009,-0.03890592510516656
human,all,PB1,PB1,1011,0.17868865542683726
human,all,PB1,PB1,1014,0.30261871752843295
human,all,PB1,PB1,1017,0.3021569819874893
human,all,PB1,PB1,1020,0.028665464816922132
human,all,PB1,PB1,1023,0.10821491195166483
human,all,PB1,PB1,1032,-0.266237150785261
human,all,PB1,PB1,1035,0.029053056717142547
human,all,PB1,PB1,1038,-0.16159808180263774
human,all,PB1,PB1,1041,0.03475571168554013
human,all,PB1,PB1,1047,0.11285656011570801
human,all,PB1,PB1,1048,0.131171985814024
human,all,PB1,PB1,1050,0.056562318236345915
human,all,PB1,PB1,1051,-0.24750306577441247
human,all,PB1,PB1,1053,0.1240789310689772
human,all,PB1,PB1,1056,0.6972297618474277
human,all,PB1,PB1,1059,0.03934811314312076
human,all,PB1,PB1,1062,0.2741334358623977
human,all,PB1,PB1,1065,-0.23360583697643883
human,all,PB1,PB1,1071,0.06528883707297378
human,all,PB1,PB1,1074,-0.07051634825797157
human,all,PB1,PB1,1077,0.21996397619918845
human,all,PB1,PB1,1080,-0.07150188498790558
human,all,PB1,PB1,1083,-0.08757493218334178
human,all,PB1,PB1,1089,0.48121357024275296
human,all,PB1,PB1,1092,0.10805655340815785
human,all,PB1,PB1,1093,0.06585638848686487
human,all,PB1,PB1,1095,0.10179266963532009
human,all,PB1,PB1,1098,-0.38544473288516007
human,all,PB1,PB1,1101,-0.42187513444175584
human,all,PB1,PB1,1107,0.32950657036988557
human,all,PB1,PB1,1110,0.05184060159411502
human,all,PB1,PB1,1113,0.04432524001591502
human,all,PB1,PB1,1117,-0.28182558489398185
human,all,PB1,PB1,1119,-0.20322329530509914
human,all,PB1,PB1,1122,0.1509743003755985
human,all,PB1,PB1,1125,0.16345744253348202
human,all,PB1,PB1,1128,-0.05236474904874032
human,all,PB1,PB1,1131,-0.022797896290297676
human,all,PB1,PB1,1132,-0.04297364073301169
human,all,PB1,PB1,1134,-0.07009593282420125
human,all,PB1,PB1,1137,0.18507709899977706
human,all,PB1,PB1,1140,0.34234640687914425
human,all,PB1,PB1,1143,0.011258722261649314
human,all,PB1,PB1,1146,-0.23285845606750344
human,all,PB1,PB1,1149,-0.011681050675246968
human,all,PB1,PB1,1152,0.0767091697907861
human,all,PB1,PB1,1155,0.05034822906368124
human,all,PB1,PB1,1158,0.10297678971977235
human,all,PB1,PB1,1161,0.3703325705465688
human,all,PB1,PB1,1164,-0.24109170487358544
human,all,PB1,PB1,1167,0.17454527452848234
human,all,PB1,PB1,1170,0.28996138939126714
human,all,PB1,PB1,1173,0.0824939694105754
human,all,PB1,PB1,1177,-0.5274851692540597
human,all,PB1,PB1,1179,0.13499041898453173
human,all,PB1,PB1,1182,-0.06335287466331829
human,all,PB1,PB1,1185,-0.012880978582702901
human,all,PB1,PB1,1186,0.3535904981394068
human,all,PB1,PB1,1188,-0.30890857939372696
human,all,PB1,PB1,1194,-0.038354955923451395
human,all,PB1,PB1,1197,0.1905962569674856
human,all,PB1,PB1,1200,0.2621611202469309
human,all,PB1,PB1,1203,0.29824788196442814
human,all,PB1,PB1,1206,-0.5681317921899014
human,all,PB1,PB1,1207,-0.03434103568200911
human,all,PB1,PB1,1209,-0.3293360566240039
human,all,PB1,PB1,1212,0.05416311802370061
human,all,PB1,PB1,1215,0.2125219680494684
human,all,PB1,PB1,1218,0.3326436344611474
human,all,PB1,PB1,1230,0.04261065158325313
human,all,PB1,PB1,1236,0.38563082505459695
human,all,PB1,PB1,1239,-0.008153108839461999
human,all,PB1,PB1,1243,0.025210544158132592
human,all,PB1,PB1,1245,0.19064457435219162
human,all,PB1,PB1,1248,0.026059551106807993
human,all,PB1,PB1,1251,0.1744541924264675
human,all,PB1,PB1,1254,0.5058061556601812
human,all,PB1,PB1,1255,-0.27458603186971076
human,all,PB1,PB1,1257,0.16090318498009984
human,all,PB1,PB1,1260,0.2501789106856047
human,all,PB1,PB1,1263,0.05661956830494712
human,all,PB1,PB1,1266,0.20136007074419
human,all,PB1,PB1,1270,0.004776210900016829
human,all,PB1,PB1,1272,0.3939297947386792
human,all,PB1,PB1,1275,-0.17047164573575918
human,all,PB1,PB1,1278,-0.11109167079599255
human,all,PB1,PB1,1281,0.1803473719192346
human,all,PB1,PB1,1284,-0.10396285411699133
human,all,PB1,PB1,1287,-1.8635837649003528
human,all,PB1,PB1,1290,-0.15228805544843244
human,all,PB1,PB1,1293,-0.2922874091289587
human,all,PB1,PB1,1296,-0.03864575267912846
human,all,PB1,PB1,1299,0.15364308136673455
human,all,PB1,PB1,1302,0.1782917608186042
human,all,PB1,PB1,1305,-0.44622446623012807
human,all,PB1,PB1,1308,-0.15074848341916375
human,all,PB1,PB1,1317,-0.0746516565123141
human,all,PB1,PB1,1320,-0.0628945592492305
human,all,PB1,PB1,1323,-0.06907197065442713
human,all,PB1,PB1,1326,-0.2911684426623434
human,all,PB1,PB1,1329,0.06790902734593017
human,all,PB1,PB1,1332,0.07125149072549299
human,all,PB1,PB1,1335,0.08784505285255134
human,all,PB1,PB1,1338,-0.1202511213427746
human,all,PB1,PB1,1341,-0.5266419764787953
human,all,PB1,PB1,1344,0.1656134192652764
human,all,PB1,PB1,1347,0.16614620110883419
human,all,PB1,PB1,1350,-0.28292047185940494
human,all,PB1,PB1,1353,0.059848025644434165
human,all,PB1,PB1,1356,0.005319546743005366
human,all,PB1,PB1,1359,-0.034264315331115736
human,all,PB1,PB1,1362,0.35886132583603636
human,all,PB1,PB1,1365,0.09574438806900148
human,all,PB1,PB1,1368,0.047894627280070816
human,all,PB1,PB1,1371,-0.05045437947496549
human,all,PB1,PB1,1374,0.45144423947736856
human,all,PB1,PB1,1380,0.09679931900560829
human,all,PB1,PB1,1383,0.12298720169702201
human,all,PB1,PB1,1386,-0.21098275495006288
human,all,PB1,PB1,1389,0.08879296204788772
human,all,PB1,PB1,1392,-0.26146905052377245
human,all,PB1,PB1,1393,0.48762505665243777
human,all,PB1,PB1,1395,-0.40492802386128257
human,all,PB1,PB1,1398,0.13041564514963158
human,all,PB1,PB1,1401,-0.040777159867942406
human,all,PB1,PB1,1402,0.48253761247566307
human,all,PB1,PB1,1404,0.036715723012062204
human,all,PB1,PB1,1407,-0.039254362144958546
human,all,PB1,PB1,1410,0.03386524454729605
human,all,PB1,PB1,1413,-0.047591101987139214
human,all,PB1,PB1,1414,-0.20792352056380423
human,all,PB1,PB1,1416,0.17185390632994826
human,all,PB1,PB1,1419,0.22490477691855812
human,all,PB1,PB1,1422,0.2768508327387611
human,all,PB1,PB1,1425,0.32664782195727743
human,all,PB1,PB1,1428,-0.0028902055057318204
human,all,PB1,PB1,1434,-0.02560581249618806
human,all,PB1,PB1,1437,-0.4588873567485142
human,all,PB1,PB1,1440,-0.414326330398487
human,all,PB1,PB1,1443,0.19085194634214012
human,all,PB1,PB1,1446,-0.2572612238254558
human,all,PB1,PB1,1449,-0.15987344499095915
human,all,PB1,PB1,1455,0.06505543013518288
human,all,PB1,PB1,1458,0.24330081831928724
human,all,PB1,PB1,1461,0.2835632950864643
human,all,PB1,PB1,1464,0.7239706428377174
human,all,PB1,PB1,1467,-0.12607592283903107
human,all,PB1,PB1,1470,-0.2298897665138384
human,all,PB1,PB1,1473,-0.3464090499349193
human,all,PB1,PB1,1476,0.18672488543303808
human,all,PB1,PB1,1479,-0.042518549231421905
human,all,PB1,PB1,1482,-0.9399629284247036
human,all,PB1,PB1,1485,0.23379355822441034
human,all,PB1,PB1,1488,-0.3776435418388892
human,all,PB1,PB1,1491,0.11718797316337509
human,all,PB1,PB1,1492,-0.1298341615918485
human,all,PB1,PB1,1494,-0.18202110794013068
human,all,PB1,PB1,1497,0.22161184478803864
human,all,PB1,PB1,1500,0.08493494622050217
human,all,PB1,PB1,1503,-0.2309061488704489
human,all,PB1,PB1,1506,0.033291962710036
human,all,PB1,PB1,1509,-0.05650931812600371
human,all,PB1,PB1,1512,0.011141395548855956
human,all,PB1,PB1,1515,-0.41238837520261784
human,all,PB1,PB1,1518,0.2671603863110781
human,all,PB1,PB1,1524,-0.00965520640333361
human,all,PB1,PB1,1525,-0.14556350698815432
human,all,PB1,PB1,1527,0.10202915353605164
human,all,PB1,PB1,1530,0.7020510895517077
human,all,PB1,PB1,1533,0.44020833315050995
human,all,PB1,PB1,1536,0.08490513822042817
human,all,PB1,PB1,1539,0.10708123990836305
human,all,PB1,PB1,1542,0.05545212915279962
human,all,PB1,PB1,1545,0.2559469339016713
human,all,PB1,PB1,1548,-0.07862910840003096
human,all,PB1,PB1,1551,0.5987762136253503
human,all,PB1,PB1,1554,0.02205805887876449
human,all,PB1,PB1,1557,-0.30385170001426065
human,all,PB1,PB1,1560,0.20864593046114313
human,all,PB1,PB1,1563,0.1530555459672358
human,all,PB1,PB1,1566,0.07079424522325303
human,all,PB1,PB1,1572,0.28928164806885925
human,all,PB1,PB1,1575,-0.028289249516680208
human,all,PB1,PB1,1578,0.0274466919870981
human,all,PB1,PB1,1581,0.3343206305495922
human,all,PB1,PB1,1584,0.004582329724418605
human,all,PB1,PB1,1587,0.07046294864862197
human,all,PB1,PB1,1590,0.5792618804723394
human,all,PB1,PB1,1593,0.2531675298881474
human,all,PB1,PB1,1596,-0.08212730644963419
human,all,PB1,PB1,1599,-0.10801608351731434
human,all,PB1,PB1,1608,-0.2014095782633006
human,all,PB1,PB1,1611,0.047361247083529054
human,all,PB1,PB1,1614,0.0718674177168668
human,all,PB1,PB1,1617,0.12081797531271686
human,all,PB1,PB1,1620,0.4267122573742446
human,all,PB1,PB1,1623,-0.1242362651075735
human,all,PB1,PB1,1626,0.30954306037943496
human,all,PB1,PB1,1629,-0.05505186250563434
human,all,PB1,PB1,1632,-0.40906263716380264
human,all,PB1,PB1,1635,-0.171581613223644
human,all,PB1,PB1,1641,-0.24154529669781635
human,all,PB1,PB1,1644,-0.12457928226937746
human,all,PB1,PB1,1647,-0.15244978677819881
human,all,PB1,PB1,1648,-0.033017651476571305
human,all,PB1,PB1,1650,0.4809950093555654
human,all,PB1,PB1,1653,0.25025409824343076
human,all,PB1,PB1,1656,-0.08679576129355247
human,all,PB1,PB1,1659,0.41569546441144023
human,all,PB1,PB1,1662,-0.04788578574621811
human,all,PB1,PB1,1665,-0.22548863487775345
human,all,PB1,PB1,1666,0.30114918369222765
human,all,PB1,PB1,1668,-0.3994953899398665
human,all,PB1,PB1,1671,-0.31630347793259744
human,all,PB1,PB1,1674,-0.058836853233790065
human,all,PB1,PB1,1677,-0.3230009051042767
human,all,PB1,PB1,1678,0.4167591059345149
human,all,PB1,PB1,1680,0.1489243087945363
human,all,PB1,PB1,1683,0.10965789370570889
human,all,PB1,PB1,1686,-0.29796026258685493
human,all,PB1,PB1,1687,0.32784604322341
human,all,PB1,PB1,1689,-0.07017077684237279
human,all,PB1,PB1,1692,0.3578222765451782
human,all,PB1,PB1,1695,-0.02098924606312292
human,all,PB1,PB1,1698,-0.25618612759958614
human,all,PB1,PB1,1701,-0.08371400296645384
human,all,PB1,PB1,1704,0.22721742688330945
human,all,PB1,PB1,1707,0.31505333316120376
human,all,PB1,PB1,1710,-0.047961727014267146
human,all,PB1,PB1,1713,-0.5334411386163911
human,all,PB1,PB1,1714,0.4039942962495822
human,all,PB1,PB1,1716,-0.07113472650584837
human,all,PB1,PB1,1719,-0.3539731236011316
human,all,PB1,PB1,1722,0.07638797450174517
human,all,PB1,PB1,1725,0.20839105089880264
human,all,PB1,PB1,1726,-0.054666482139888874
human,all,PB1,PB1,1728,0.3533637804468829
human,all,PB1,PB1,1731,0.21341093577050937
human,all,PB1,PB1,1734,0.5834429588301109
human,all,PB1,PB1,1735,0.1093483424915127
human,all,PB1,PB1,1737,-0.16794828413841836
human,all,PB1,PB1,1743,0.12148494728334934
human,all,PB1,PB1,1746,0.09298704940362418
human,all,PB1,PB1,1749,-0.3448856807336347
human,all,PB1,PB1,1752,-0.41000091667864486
human,all,PB1,PB1,1755,-0.076427147649974
human,all,PB1,PB1,1758,0.5192882368182145
human,all,PB1,PB1,1761,0.25222323750487324
human,all,PB1,PB1,1764,-0.1015652292636998
human,all,PB1,PB1,1765,0.013414911198635951
human,all,PB1,PB1,1767,-0.2592927632864022
human,all,PB1,PB1,1768,-0.13863844320555183
human,all,PB1,PB1,1770,0.14003620342138723
human,all,PB1,PB1,1773,0.2090172688000846
human,all,PB1,PB1,1776,0.32426177255791694
human,all,PB1,PB1,1779,0.1251748960380913
human,all,PB1,PB1,1782,0.16498475020670855
human,all,PB1,PB1,1785,0.5893713904591267
human,all,PB1,PB1,1788,0.208777647293022
human,all,PB1,PB1,1791,0.20625027367396445
human,all,PB1,PB1,1792,-0.2175433030879244
human,all,PB1,PB1,1794,0.0019797654727460915
human,all,PB1,PB1,1797,0.003980084645417097
human,all,PB1,PB1,1800,0.06037411483297837
human,all,PB1,PB1,1803,0.018978284874270036
human,all,PB1,PB1,1804,0.0011523003617815125
human,all,PB1,PB1,1806,0.010217759352890954
human,all,PB1,PB1,1809,-0.13766761551744267
human,all,PB1,PB1,1812,0.36716056631742705
human,all,PB1,PB1,1815,-0.24931164507638395
human,all,PB1,PB1,1818,0.12109767033870562
human,all,PB1,PB1,1821,-0.2683900297694536
human,all,PB1,PB1,1824,-0.08747349973161714
human,all,PB1,PB1,1827,-0.10871448544097287
human,all,PB1,PB1,1830,0.2638253167888889
human,all,PB1,PB1,1831,0.08578241658422789
human,all,PB1,PB1,1833,0.12952612688160764
human,all,PB1,PB1,1836,0.10588960542954277
human,all,PB1,PB1,1842,-0.21096122057924982
human,all,PB1,PB1,1843,-0.1863764200605319
human,all,PB1,PB1,1845,0.1056354673871579
human,all,PB1,PB1,1851,-0.17023646963458855
human,all,PB1,PB1,1854,0.5246176307965982
human,all,PB1,PB1,1857,-0.006332585738137099
human,all,PB1,PB1,1860,-0.5116425535645517
human,all,PB1,PB1,1861,0.4413460648043192
human,all,PB1,PB1,1863,-0.432736761724971
human,all,PB1,PB1,1866,0.21779467437902053
human,all,PB1,PB1,1867,0.46560979741573766
human,all,PB1,PB1,1869,0.2175871312206588
human,all,PB1,PB1,1872,0.19842818285757613
human,all,PB1,PB1,1875,0.45089506315443606
human,all,PB1,PB1,1878,0.33826160430902624
human,all,PB1,PB1,1881,0.14111169787137054
human,all,PB1,PB1,1882,0.0558162091107079
human,all,PB1,PB1,1884,0.3535956534743825
human,all,PB1,PB1,1887,0.2843102532680714
human,all,PB1,PB1,1890,0.27042165457716877
human,all,PB1,PB1,1893,-0.18543880028183427
human,all,PB1,PB1,1896,0.16096438620608838
human,all,PB1,PB1,1899,-0.06488331803247549
human,all,PB1,PB1,1902,-0.06775509002798409
human,all,PB1,PB1,1905,-0.015269030620472794
human,all,PB1,PB1,1908,-0.07105491169618641
human,all,PB1,PB1,1911,0.030918828234643383
human,all,PB1,PB1,1914,0.1915029838868385
human,all,PB1,PB1,1917,0.03239493689339029
human,all,PB1,PB1,1920,0.08890620239800817
human,all,PB1,PB1,1923,-0.10096472097751588
human,all,PB1,PB1,1926,0.15148354405533873
human,all,PB1,PB1,1929,0.4471068029614626
human,all,PB1,PB1,1932,0.08052502559211931
human,all,PB1,PB1,1935,0.4378183084583212
human,all,PB1,PB1,1941,0.4528036771821933
human,all,PB1,PB1,1944,-0.06182370524529141
human,all,PB1,PB1,1947,0.22497978594110069
human,all,PB1,PB1,1950,0.445657293837812
human,all,PB1,PB1,1953,0.3773993556425405
human,all,PB1,PB1,1956,-0.014701232041845508
human,all,PB1,PB1,1959,-0.6501456332360053
human,all,PB1,PB1,1962,0.20514092474541556
human,all,PB1,PB1,1968,0.31485346461594693
human,all,PB1,PB1,1971,-0.04745549221820894
human,all,PB1,PB1,1974,-0.06259860351839494
human,all,PB1,PB1,1977,0.2364127739347557
human,all,PB1,PB1,1980,0.16299297187215145
human,all,PB1,PB1,1983,0.2734545935299242
human,all,PB1,PB1,1986,0.06256175143652538
human,all,PB1,PB1,1989,0.10923950363981307
human,all,PB1,PB1,1992,0.10118639303545629
human,all,PB1,PB1,1995,0.08348313023085627
human,all,PB1,PB1,2001,0.20248715441712145
human,all,PB1,PB1,2004,0.2362240208127356
human,all,PB1,PB1,2007,-0.13008526963314282
human,all,PB1,PB1,2010,-0.1709150510503365
human,all,PB1,PB1,2013,0.02972621516397879
human,all,PB1,PB1,2016,0.42074570676022205
human,all,PB1,PB1,2019,0.17895933050416155
human,all,PB1,PB1,2022,-0.04607679860803548
human,all,PB1,PB1,2023,-0.14688085886826832
human,all,PB1,PB1,2025,0.06614905515316216
human,all,PB1,PB1,2028,0.3653350878619986
human,all,PB1,PB1,2031,0.6230217547504925
human,all,PB1,PB1,2034,-0.24025302479523958
human,all,PB1,PB1,2037,-0.5335181772538637
human,all,PB1,PB1,2038,0.11868370870497613
human,all,PB1,PB1,2040,-0.2732488716964297
human,all,PB1,PB1,2043,0.025777219766837705
human,all,PB1,PB1,2046,0.08729915747865305
human,all,PB1,PB1,2049,-0.1478932082611679
human,all,PB1,PB1,2052,0.18372813436052948
human,all,PB1,PB1,2055,-0.0955936849082205
human,all,PB1,PB1,2058,0.15039480321332105
human,all,PB1,PB1,2061,0.14411646030311911
human,all,PB1,PB1,2067,0.12715177800918623
human,all,PB1,PB1,2070,-0.13344692078397488
human,all,PB1,PB1,2073,0.5207848698725766
human,all,PB1,PB1,2076,0.3626184714261965
human,all,PB1,PB1,2079,0.05914867917388725
human,all,PB1,PB1,2082,0.06266694177134897
human,all,PB1,PB1,2083,0.4878740849471269
human,all,PB1,PB1,2085,0.13705408611334507
human,all,PB1,PB1,2088,0.14468415230535348
human,all,PB1,PB1,2091,0.3694573504592535
human,all,PB1,PB1,2094,-0.13410229860467393
human,all,PB1,PB1,2097,-0.13198754044400066
human,all,PB1,PB1,2100,0.6086539298297805
human,all,PB1,PB1,2103,-0.2428079931185138
human,all,PB1,PB1,2106,0.14957603941067957
human,all,PB1,PB1,2109,0.11150171173286835
human,all,PB1,PB1,2112,0.1987190649680578
human,all,PB1,PB1,2115,-0.4939134518219074
human,all,PB1,PB1,2118,-0.024300918699423708
human,all,PB1,PB1,2119,0.771117509599845
human,all,PB1,PB1,2121,-0.22334065594345212
human,all,PB1,PB1,2124,0.0357101199216
human,all,PB1,PB1,2127,-0.2068086932357327
human,all,PB1,PB1,2130,0.20403681569223692
human,all,PB1,PB1,2133,0.2906980687072091
human,all,PB1,PB1,2136,-0.351566154736679
human,all,PB1,PB1,2139,0.401397857039294
human,all,PB1,PB1,2145,-0.0667858094649335
human,all,PB1,PB1,2148,-1.418161462889915
human,all,PB1,PB1,2151,0.04022494971644262
human,all,PB1,PB1,2157,0.16312013507257092
human,all,PB1,PB1,2160,-0.18721044539478615
human,all,PB1,PB1,2163,-1.2322003317358536
human,all,PB1,PB1,2166,-0.7870825685757151
human,all,PB1,PB1,2167,0.23263333494092156
human,all,PB1,PB1,2169,0.10786635092903228
human,all,PB1,PB1,2172,-0.8467862113799818
human,all,PB1,PB1,2175,-0.09523964271682715
human,all,PB1,PB1,2178,-0.7487032380769617
human,all,PB1,PB1,2179,0.9573394510504712
human,all,PB1,PB1,2181,-0.06753591537806919
human,all,PB1,PB1,2184,-0.020724984363444592
human,all,PB1,PB1,2187,0.2083659320208238
human,all,PB1,PB1,2190,0.05315805145726682
human,all,PB1,PB1,2193,0.6365439699073097
human,all,PB1,PB1,2196,0.04072256433939178
human,all,PB1,PB1,2199,0.27419740853338354
human,all,PB1,PB1,2200,0.1514778746952567
human,all,PB1,PB1,2202,-0.2825198060898156
human,all,PB1,PB1,2205,0.3672404366337716
human,all,PB1,PB1,2208,0.07669401364659088
human,all,PB1,PB1,2211,0.28901548809994104
human,all,PB1,PB1,2214,0.44325597432671265
human,all,PB1,PB1,2217,0.09305906694430058
human,all,PB1,PB1,2220,-0.01644862936475014
human,all,PB1,PB1,2223,-0.27643419942721714
human,all,PB1,PB1,2226,-2.1948142818154848
human,all,PB1,PB1,2229,-1.8290772712243841
human,all,PB1,PB1,2235,-1.7064983036394723
human,all,PB1,PB1,2238,-3.075228964960349
human,all,PB1,PB1,2241,0.14555806265816254
human,all,PB1,PB1,2244,-0.38130670450863985
human,all,PB1,PB1,2247,-4.130982831138729
human,all,PB1,PB1,2250,-1.3435639765305474
human,all,PB1,PB1,2253,-3.6065001511489494
human,all,PB1,PB1,2256,0.4676954421240637
human,all,PB1,PB1,2259,-1.715897034656595
human,all,PB1,PB1,2262,-4.07782844475852
human,all,PB1,PB1,2263,-5.150742225234387
human,all,PB1,PB1,2265,-4.070791558330762
human,all,PB1,PB1,2268,-0.27551754099545955
human,all,PB1,PB1,2271,-0.5276238785454653
human,all,PB1,PB1,2273,0.0696644806425849
human,all,PB2,PB2,6,-0.3219034617576716
human,all,PB2,PB2,7,-0.6705806958719156
human,all,PB2,PB2,9,-0.5963460290926035
human,all,PB2,PB2,15,0.8726387293279935
human,all,PB2,PB2,18,0.42555579269089666
human,all,PB2,PB2,19,-0.04942643217914475
human,all,PB2,PB2,21,-0.47413983221300465
human,all,PB2,PB2,22,-0.26728574950764356
human,all,PB2,PB2,24,-0.17501082567214907
human,all,PB2,PB2,27,0.08669588931878301
human,all,PB2,PB2,28,-0.30606516308623316
human,all,PB2,PB2,30,0.2906386778810725
human,all,PB2,PB2,36,-0.49924304617328696
human,all,PB2,PB2,39,-0.23112328537202514
human,all,PB2,PB2,42,-1.4971832027859293
human,all,PB2,PB2,45,-2.1370673780438345
human,all,PB2,PB2,48,0.10672693014075994
human,all,PB2,PB2,51,-2.5439631294924023
human,all,PB2,PB2,54,-2.1487460990592124
human,all,PB2,PB2,57,-1.57514530733395
human,all,PB2,PB2,58,-1.1743643130263006
human,all,PB2,PB2,60,0.055943614418907564
human,all,PB2,PB2,63,0.48173176622668595
human,all,PB2,PB2,66,0.022073955665936854
human,all,PB2,PB2,69,-0.05533998596926846
human,all,PB2,PB2,72,0.16324508923911132
human,all,PB2,PB2,75,-0.3758520750339215
human,all,PB2,PB2,78,-0.9060764229658091
human,all,PB2,PB2,81,-0.13384777967046926
human,all,PB2,PB2,87,-0.16657489121804647
human,all,PB2,PB2,90,0.4413940677022761
human,all,PB2,PB2,93,0.03890123008073535
human,all,PB2,PB2,96,-0.01988029352507007
human,all,PB2,PB2,99,0.10035842205689861
human,all,PB2,PB2,102,-0.7521956101667002
human,all,PB2,PB2,105,-0.6149444045871241
human,all,PB2,PB2,108,0.11126084679368724
human,all,PB2,PB2,111,-0.15797922908630593
human,all,PB2,PB2,112,0.523075599328867
human,all,PB2,PB2,114,0.13834722284046622
human,all,PB2,PB2,117,-0.1768509517489375
human,all,PB2,PB2,120,0.12620039600305238
human,all,PB2,PB2,123,0.19136676796945837
human,all,PB2,PB2,126,-0.2773466194346043
human,all,PB2,PB2,129,0.12341294291407098
human,all,PB2,PB2,132,0.3202571758960765
human,all,PB2,PB2,135,-0.01375252488302764
human,all,PB2,PB2,136,-0.14967164599262717
human,all,PB2,PB2,138,-0.02702268263549206
human,all,PB2,PB2,144,0.14227906678598062
human,all,PB2,PB2,156,-0.1317604618071423
human,all,PB2,PB2,162,0.13335492266993113
human,all,PB2,PB2,165,0.2842609243835117
human,all,PB2,PB2,168,-0.2121053611691992
human,all,PB2,PB2,171,0.43792795130114365
human,all,PB2,PB2,174,0.396596822347721
human,all,PB2,PB2,177,0.24742863188575337
human,all,PB2,PB2,180,-0.164988172162464
human,all,PB2,PB2,183,-0.2115153274838329
human,all,PB2,PB2,184,0.16537494942249248
human,all,PB2,PB2,186,0.0807381116590721
human,all,PB2,PB2,189,0.6835772699169637
human,all,PB2,PB2,192,-0.4282671802148595
human,all,PB2,PB2,195,-0.11059834731862114
human,all,PB2,PB2,201,0.15974210333383362
human,all,PB2,PB2,204,0.3208928744203581
human,all,PB2,PB2,207,-0.1270091558426187
human,all,PB2,PB2,210,-0.022044774906799944
human,all,PB2,PB2,213,0.1705490254139274
human,all,PB2,PB2,216,-0.02715452307686866
human,all,PB2,PB2,219,-0.2451468499813111
human,all,PB2,PB2,222,0.37661139832802837
human,all,PB2,PB2,225,0.4154091273245255
human,all,PB2,PB2,228,-0.08537403508036064
human,all,PB2,PB2,229,-0.2248738432762902
human,all,PB2,PB2,231,0.3153730761122217
human,all,PB2,PB2,237,0.03309567186386425
human,all,PB2,PB2,240,-0.3070767957927654
human,all,PB2,PB2,246,-0.0753865732305411
human,all,PB2,PB2,249,0.11254178217222954
human,all,PB2,PB2,252,-0.16569944241343804
human,all,PB2,PB2,255,0.16841235555395306
human,all,PB2,PB2,258,-0.3721881269914189
human,all,PB2,PB2,261,-0.3358492901926182
human,all,PB2,PB2,262,0.1669791858016833
human,all,PB2,PB2,264,-0.11438421909940234
human,all,PB2,PB2,267,0.13392666790338953
human,all,PB2,PB2,273,0.186498497808716
human,all,PB2,PB2,276,-0.3439592339449869
human,all,PB2,PB2,279,0.11775095209870146
human,all,PB2,PB2,280,0.01068732664700194
human,all,PB2,PB2,282,0.11605306435382003
human,all,PB2,PB2,285,0.23796291593279686
human,all,PB2,PB2,288,0.3047927782639294
human,all,PB2,PB2,291,-0.7522529850014392
human,all,PB2,PB2,300,-0.503187487657225
human,all,PB2,PB2,303,0.2922030695505829
human,all,PB2,PB2,306,0.25863323346542966
human,all,PB2,PB2,309,0.46980113535299417
human,all,PB2,PB2,312,0.19233172417507896
human,all,PB2,PB2,315,0.31079965493665335
human,all,PB2,PB2,318,-0.554239223882356
human,all,PB2,PB2,321,-0.08816240482484929
human,all,PB2,PB2,324,0.04810353391070417
human,all,PB2,PB2,327,-0.16597251081385803
human,all,PB2,PB2,330,-0.35147821885726765
human,all,PB2,PB2,333,-0.20640142976837397
human,all,PB2,PB2,336,0.3933325453191765
human,all,PB2,PB2,339,-0.15347984421634142
human,all,PB2,PB2,342,-0.285287084311065
human,all,PB2,PB2,345,-0.11123069584209601
human,all,PB2,PB2,348,0.1356275033380982
human,all,PB2,PB2,351,-0.026055815473672476
human,all,PB2,PB2,354,0.12650081470579533
human,all,PB2,PB2,357,-0.024311286443872593
human,all,PB2,PB2,360,-0.4290962377668355
human,all,PB2,PB2,363,0.2433657958914851
human,all,PB2,PB2,366,0.16085925557983305
human,all,PB2,PB2,369,-0.14182627175841755
human,all,PB2,PB2,370,0.6184280681812363
human,all,PB2,PB2,372,-0.18394688958243116
human,all,PB2,PB2,373,-0.2458899405686912
human,all,PB2,PB2,375,0.3971582936394532
human,all,PB2,PB2,378,0.18811091320365955
human,all,PB2,PB2,381,0.2534390358186521
human,all,PB2,PB2,384,0.3980074450818578
human,all,PB2,PB2,387,0.051579611090304615
human,all,PB2,PB2,390,0.10213240471691724
human,all,PB2,PB2,393,0.22929355918938604
human,all,PB2,PB2,396,-0.062309317532806684
human,all,PB2,PB2,399,0.5328866515251864
human,all,PB2,PB2,402,0.02097680401062199
human,all,PB2,PB2,405,-0.24438339034594658
human,all,PB2,PB2,406,-0.25752441093578
human,all,PB2,PB2,408,-0.15858289958748342
human,all,PB2,PB2,411,-0.10011217614043758
human,all,PB2,PB2,414,-0.24714827545366666
human,all,PB2,PB2,417,0.14968851040901782
human,all,PB2,PB2,420,0.43411483249140936
human,all,PB2,PB2,423,0.32837578396514555
human,all,PB2,PB2,426,0.1979434712947827
human,all,PB2,PB2,427,0.8314545750907958
human,all,PB2,PB2,429,-0.16477289307553578
human,all,PB2,PB2,430,0.5259321072533624
human,all,PB2,PB2,432,-0.09401996544359562
human,all,PB2,PB2,435,0.25434031987459027
human,all,PB2,PB2,438,0.09810610328736553
human,all,PB2,PB2,441,0.19345718212707685
human,all,PB2,PB2,444,0.16312231633875707
human,all,PB2,PB2,447,0.3723989894770943
human,all,PB2,PB2,450,0.014098886323001696
human,all,PB2,PB2,453,-0.063265319967323
human,all,PB2,PB2,456,0.053985944776104106
human,all,PB2,PB2,459,-0.1614622820365339
human,all,PB2,PB2,462,-0.04321005831940568
human,all,PB2,PB2,465,-0.2659761893465827
human,all,PB2,PB2,468,0.10517389555601755
human,all,PB2,PB2,471,0.11052689950132266
human,all,PB2,PB2,474,-0.48517372711404133
human,all,PB2,PB2,477,-0.33152552121317597
human,all,PB2,PB2,480,-0.03596666399392942
human,all,PB2,PB2,483,-0.03427409709361356
human,all,PB2,PB2,486,0.4573087114174176
human,all,PB2,PB2,489,-0.2039285560365815
human,all,PB2,PB2,495,-0.07398437695429977
human,all,PB2,PB2,498,-0.4761345095274437
human,all,PB2,PB2,501,-0.2147470473130001
human,all,PB2,PB2,504,0.6149883435393011
human,all,PB2,PB2,507,-0.1775250296517381
human,all,PB2,PB2,510,-0.5282823358798101
human,all,PB2,PB2,513,0.02279330804238188
human,all,PB2,PB2,516,-0.06168358681835953
human,all,PB2,PB2,519,0.17314857656696425
human,all,PB2,PB2,522,0.003467197360979548
human,all,PB2,PB2,523,1.5045858609355094
human,all,PB2,PB2,525,0.0687200627184253
human,all,PB2,PB2,528,-0.0488792821450219
human,all,PB2,PB2,529,-0.24783446259419994
human,all,PB2,PB2,531,-0.00719245853117885
human,all,PB2,PB2,534,-0.17016658681003013
human,all,PB2,PB2,537,0.1568270625902468
human,all,PB2,PB2,540,-0.07637006957382682
human,all,PB2,PB2,543,-0.13410879321688926
human,all,PB2,PB2,546,0.15747601216106683
human,all,PB2,PB2,547,-0.24502374765158927
human,all,PB2,PB2,549,-0.2187761241296767
human,all,PB2,PB2,552,-0.1097029510503251
human,all,PB2,PB2,558,-0.01871541165346971
human,all,PB2,PB2,561,0.38195950697652614
human,all,PB2,PB2,564,-0.028113015771861705
human,all,PB2,PB2,567,-0.07620117643157237
human,all,PB2,PB2,570,0.6256848751719277
human,all,PB2,PB2,573,-0.04023306663822095
human,all,PB2,PB2,576,0.22922553617572064
human,all,PB2,PB2,579,-0.11086520085800512
human,all,PB2,PB2,580,0.17223104826750193
human,all,PB2,PB2,582,-0.38882526047415117
human,all,PB2,PB2,585,0.24248402773031047
human,all,PB2,PB2,588,0.10332533608015573
human,all,PB2,PB2,591,-0.0062732214652070125
human,all,PB2,PB2,594,0.46247147244355563
human,all,PB2,PB2,597,0.2648587786345017
human,all,PB2,PB2,600,0.18588683103693024
human,all,PB2,PB2,601,0.045528727774813635
human,all,PB2,PB2,603,0.037618076273009435
human,all,PB2,PB2,609,0.36684333489371507
human,all,PB2,PB2,612,-0.04207304442405329
human,all,PB2,PB2,615,-0.30845502132767566
human,all,PB2,PB2,619,-0.2079641592921585
human,all,PB2,PB2,621,-0.19676196679177071
human,all,PB2,PB2,624,-0.2582117493828836
human,all,PB2,PB2,627,-0.23770382995476164
human,all,PB2,PB2,630,-0.15844077238646517
human,all,PB2,PB2,631,-0.19683844018288232
human,all,PB2,PB2,633,0.06369785523679858
human,all,PB2,PB2,636,-0.07002460882146629
human,all,PB2,PB2,637,0.04570604693166961
human,all,PB2,PB2,639,0.7272781117528454
human,all,PB2,PB2,642,0.0008887787366699786
human,all,PB2,PB2,645,-0.28351760351295635
human,all,PB2,PB2,646,0.20935472918410958
human,all,PB2,PB2,648,-0.1415568940581336
human,all,PB2,PB2,651,0.10344510716869053
human,all,PB2,PB2,654,-0.2519672589262858
human,all,PB2,PB2,657,0.2960276268385861
human,all,PB2,PB2,660,0.3241402244087573
human,all,PB2,PB2,663,-0.15142363065028602
human,all,PB2,PB2,666,0.3861655933879763
human,all,PB2,PB2,669,0.38256887516916693
human,all,PB2,PB2,672,-0.17614938527103577
human,all,PB2,PB2,675,-0.10013576305574803
human,all,PB2,PB2,678,0.0185642244007202
human,all,PB2,PB2,681,0.2756543575006194
human,all,PB2,PB2,684,-0.12628662175626199
human,all,PB2,PB2,687,-0.07199673823893347
human,all,PB2,PB2,690,0.059799257273200956
human,all,PB2,PB2,693,0.3698547285409038
human,all,PB2,PB2,694,0.022240018546486388
human,all,PB2,PB2,696,0.1851546934445513
human,all,PB2,PB2,699,-0.07535931361806063
human,all,PB2,PB2,700,-0.05894256261099001
human,all,PB2,PB2,702,-0.05733397768910063
human,all,PB2,PB2,705,0.038282526364991985
human,all,PB2,PB2,708,-0.5211503256580519
human,all,PB2,PB2,711,0.3867799018820687
human,all,PB2,PB2,714,-0.1301308720352653
human,all,PB2,PB2,717,-0.05446466217048335
human,all,PB2,PB2,723,0.1089671703327385
human,all,PB2,PB2,726,-0.03345056822307692
human,all,PB2,PB2,732,-0.15687415235880267
human,all,PB2,PB2,735,0.03388389536208938
human,all,PB2,PB2,738,0.2802942446165661
human,all,PB2,PB2,741,0.12041078300268239
human,all,PB2,PB2,744,0.00040539122243635206
human,all,PB2,PB2,747,0.13854763672468906
human,all,PB2,PB2,750,0.040826914043586814
human,all,PB2,PB2,753,-0.015305756548502419
human,all,PB2,PB2,756,0.17772151874045675
human,all,PB2,PB2,759,0.024091850612852312
human,all,PB2,PB2,762,-0.26603056804065056
human,all,PB2,PB2,765,0.015762263131712067
human,all,PB2,PB2,768,-0.09838910219837235
human,all,PB2,PB2,771,-0.34979689641831657
human,all,PB2,PB2,774,0.20215806626440744
human,all,PB2,PB2,775,0.445045028582444
human,all,PB2,PB2,777,0.31733865922989685
human,all,PB2,PB2,780,-0.028614150274754738
human,all,PB2,PB2,783,0.34465222960463665
human,all,PB2,PB2,786,0.005409026236358999
human,all,PB2,PB2,789,-0.07267107120890698
human,all,PB2,PB2,790,0.645363189674496
human,all,PB2,PB2,792,-0.06966310758977967
human,all,PB2,PB2,795,0.2014018103867076
human,all,PB2,PB2,798,0.09902117354278998
human,all,PB2,PB2,801,0.09915409349135638
human,all,PB2,PB2,802,0.3158312731611478
human,all,PB2,PB2,804,-1.8886294609633358
human,all,PB2,PB2,805,-0.132050837896052
human,all,PB2,PB2,807,-0.6940998164918635
human,all,PB2,PB2,810,0.08929100360081144
human,all,PB2,PB2,813,0.06219167682305671
human,all,PB2,PB2,816,-0.18093375508434303
human,all,PB2,PB2,819,-0.022870341811737045
human,all,PB2,PB2,822,0.08528990729099904
human,all,PB2,PB2,825,0.133934339303996
human,all,PB2,PB2,828,-0.15556464202644002
human,all,PB2,PB2,829,-0.14061253945904603
human,all,PB2,PB2,831,0.07844741760874047
human,all,PB2,PB2,834,-0.16686672419996693
human,all,PB2,PB2,837,0.03876281582378644
human,all,PB2,PB2,838,-0.10192341672433691
human,all,PB2,PB2,840,0.23772799695759608
human,all,PB2,PB2,841,-0.24096109283880057
human,all,PB2,PB2,843,0.17475407440831775
human,all,PB2,PB2,846,0.048233826731694095
human,all,PB2,PB2,852,-0.10457753381129564
human,all,PB2,PB2,855,-0.09386140502915412
human,all,PB2,PB2,858,0.12292800609458894
human,all,PB2,PB2,861,0.27726222397433153
human,all,PB2,PB2,864,0.2566515426849904
human,all,PB2,PB2,867,0.1953785656268771
human,all,PB2,PB2,870,0.06027888457676816
human,all,PB2,PB2,873,0.28280358259435956
human,all,PB2,PB2,876,0.26121759400111216
human,all,PB2,PB2,879,0.34516575944029004
human,all,PB2,PB2,885,0.3416036333577058
human,all,PB2,PB2,888,0.025206419339256294
human,all,PB2,PB2,891,0.30615205659485384
human,all,PB2,PB2,894,0.18451063761486342
human,all,PB2,PB2,897,0.12418739732333864
human,all,PB2,PB2,900,-0.05554162372210501
human,all,PB2,PB2,903,0.0643260455211818
human,all,PB2,PB2,906,0.31500136721458744
human,all,PB2,PB2,909,0.27498401588727067
human,all,PB2,PB2,912,-0.18070169750719706
human,all,PB2,PB2,915,-0.045452764821471606
human,all,PB2,PB2,918,-0.29501979355343283
human,all,PB2,PB2,921,0.4898981630074202
human,all,PB2,PB2,924,0.18381271867131466
human,all,PB2,PB2,927,-0.20416112927208055
human,all,PB2,PB2,930,0.263280103310411
human,all,PB2,PB2,933,0.0931849867395246
human,all,PB2,PB2,936,0.15659752536320884
human,all,PB2,PB2,939,-0.0644008068360124
human,all,PB2,PB2,942,0.0725089995704186
human,all,PB2,PB2,945,0.1822609776367534
human,all,PB2,PB2,948,0.3100842361543766
human,all,PB2,PB2,949,-0.2313046838909823
human,all,PB2,PB2,951,-0.05846531451862686
human,all,PB2,PB2,954,0.016260607274280258
human,all,PB2,PB2,957,0.08838915601909979
human,all,PB2,PB2,960,0.08394525150601828
human,all,PB2,PB2,963,0.2775417274709627
human,all,PB2,PB2,966,0.1599633995980488
human,all,PB2,PB2,969,-6.794918149405848e-05
human,all,PB2,PB2,972,0.12143436741150904
human,all,PB2,PB2,975,-0.07325559734576896
human,all,PB2,PB2,978,-0.19054063530112533
human,all,PB2,PB2,981,0.2581557436901981
human,all,PB2,PB2,984,0.1790479611974347
human,all,PB2,PB2,987,0.2792035870389819
human,all,PB2,PB2,990,0.0672268566134689
human,all,PB2,PB2,993,-0.29270855759826836
human,all,PB2,PB2,994,0.21119756952616964
human,all,PB2,PB2,996,0.14160158670439732
human,all,PB2,PB2,999,0.11205482022074524
human,all,PB2,PB2,1002,-0.21156109691063374
human,all,PB2,PB2,1005,0.3766361092876586
human,all,PB2,PB2,1008,-0.156121255388055
human,all,PB2,PB2,1011,-0.1930568072976877
human,all,PB2,PB2,1014,0.250971733499684
human,all,PB2,PB2,1017,-0.039970438885655185
human,all,PB2,PB2,1020,0.3766050840008041
human,all,PB2,PB2,1023,0.042133103118475124
human,all,PB2,PB2,1026,-0.08895133813784382
human,all,PB2,PB2,1029,0.1958351401195472
human,all,PB2,PB2,1032,0.5661533427550055
human,all,PB2,PB2,1033,-0.3099284935769369
human,all,PB2,PB2,1035,-0.2562431387913914
human,all,PB2,PB2,1038,0.2609094821580459
human,all,PB2,PB2,1041,0.44201829597431275
human,all,PB2,PB2,1044,-0.10077738350130362
human,all,PB2,PB2,1047,-0.24311418255589762
human,all,PB2,PB2,1050,0.12385014212282786
human,all,PB2,PB2,1053,-0.4183566732406761
human,all,PB2,PB2,1054,0.01525437154298493
human,all,PB2,PB2,1056,-0.2855272178759495
human,all,PB2,PB2,1059,-0.24920142996374728
human,all,PB2,PB2,1060,-0.020378979202485506
human,all,PB2,PB2,1062,0.24169025010381576
human,all,PB2,PB2,1063,0.6793007050338592
human,all,PB2,PB2,1065,-0.283689784852735
human,all,PB2,PB2,1068,-0.3030653496911331
human,all,PB2,PB2,1071,-0.1597838624555999
human,all,PB2,PB2,1074,-0.16294692222564439
human,all,PB2,PB2,1077,-0.02776181806506288
human,all,PB2,PB2,1080,-0.012814256596786111
human,all,PB2,PB2,1083,-0.22377679031199002
human,all,PB2,PB2,1086,-0.015408499718518365
human,all,PB2,PB2,1089,-0.041185148503419096
human,all,PB2,PB2,1092,0.11412661486576631
human,all,PB2,PB2,1098,0.4727331599347971
human,all,PB2,PB2,1101,0.03900859574651209
human,all,PB2,PB2,1104,-0.21093996626057157
human,all,PB2,PB2,1105,-0.3049210226362419
human,all,PB2,PB2,1107,0.23367062909088882
human,all,PB2,PB2,1110,0.21652601904796567
human,all,PB2,PB2,1113,0.03145206821824289
human,all,PB2,PB2,1116,-0.08219636420743316
human,all,PB2,PB2,1119,0.03377988871641581
human,all,PB2,PB2,1120,0.22908598537450162
human,all,PB2,PB2,1122,-0.031398676115755676
human,all,PB2,PB2,1123,0.13759094232764071
human,all,PB2,PB2,1125,-0.14155132047906147
human,all,PB2,PB2,1128,0.21710958109941722
human,all,PB2,PB2,1131,0.2346781795629226
human,all,PB2,PB2,1134,0.001571206538235559
human,all,PB2,PB2,1135,-0.10442891017840396
human,all,PB2,PB2,1137,-0.2560867657498854
human,all,PB2,PB2,1138,0.49995144641733225
human,all,PB2,PB2,1140,0.06711221184026044
human,all,PB2,PB2,1141,0.1096688614015099
human,all,PB2,PB2,1143,-0.12274948721963057
human,all,PB2,PB2,1146,0.10052918565982788
human,all,PB2,PB2,1149,0.10196295102446878
human,all,PB2,PB2,1150,-0.2846775368430312
human,all,PB2,PB2,1152,0.3639357345426476
human,all,PB2,PB2,1155,0.24315296297374353
human,all,PB2,PB2,1158,-0.12209110028850871
human,all,PB2,PB2,1161,-0.13488146338419327
human,all,PB2,PB2,1164,0.29360709173416816
human,all,PB2,PB2,1165,0.46082548406666063
human,all,PB2,PB2,1167,0.3246167579139493
human,all,PB2,PB2,1170,-0.46558523606415303
human,all,PB2,PB2,1173,-0.10259072959569418
human,all,PB2,PB2,1176,-0.43589943575122336
human,all,PB2,PB2,1179,0.06198796032724799
human,all,PB2,PB2,1182,0.3667577523002422
human,all,PB2,PB2,1185,-0.15578991487200666
human,all,PB2,PB2,1188,-0.048122179467956654
human,all,PB2,PB2,1191,0.1617318005735341
human,all,PB2,PB2,1197,0.14870679545681256
human,all,PB2,PB2,1200,0.3345800767288942
human,all,PB2,PB2,1203,0.40146162837291766
human,all,PB2,PB2,1209,0.2656047268896559
human,all,PB2,PB2,1212,0.34593346885753207
human,all,PB2,PB2,1215,-0.1781187164731588
human,all,PB2,PB2,1218,0.11276197088007904
human,all,PB2,PB2,1221,-0.12104177011810138
human,all,PB2,PB2,1224,0.21734134781727754
human,all,PB2,PB2,1227,0.12140454519462135
human,all,PB2,PB2,1230,-0.09665420229668782
human,all,PB2,PB2,1233,0.16502497131087276
human,all,PB2,PB2,1236,0.22116117046194766
human,all,PB2,PB2,1239,-0.1945056233406335
human,all,PB2,PB2,1242,-0.14983257683522636
human,all,PB2,PB2,1245,0.04408300098964585
human,all,PB2,PB2,1248,-0.30971884916590964
human,all,PB2,PB2,1251,0.027237363824685237
human,all,PB2,PB2,1252,-0.0290294025284092
human,all,PB2,PB2,1254,0.18077664579256342
human,all,PB2,PB2,1257,0.13692410881651237
human,all,PB2,PB2,1260,-0.2608321294567476
human,all,PB2,PB2,1263,0.21768810808795802
human,all,PB2,PB2,1266,-0.4037040550212042
human,all,PB2,PB2,1267,0.02508334187312046
human,all,PB2,PB2,1269,-0.10584581999464616
human,all,PB2,PB2,1272,0.1488048260970332
human,all,PB2,PB2,1275,0.04113930797605421
human,all,PB2,PB2,1278,-0.03876224414818632
human,all,PB2,PB2,1279,0.509303398657634
human,all,PB2,PB2,1281,0.12381732244280308
human,all,PB2,PB2,1282,-0.08178270455539849
human,all,PB2,PB2,1284,0.060523222867029276
human,all,PB2,PB2,1287,0.25135095167917565
human,all,PB2,PB2,1290,0.28526583125107163
human,all,PB2,PB2,1296,0.3724500659649628
human,all,PB2,PB2,1299,-0.3508764651591285
human,all,PB2,PB2,1302,0.11036129955428742
human,all,PB2,PB2,1303,-0.2849138533756547
human,all,PB2,PB2,1305,0.108965192817658
human,all,PB2,PB2,1306,0.5047273345541469
human,all,PB2,PB2,1308,-0.07981019982730109
human,all,PB2,PB2,1311,-0.09614855061696362
human,all,PB2,PB2,1314,0.018180536995988712
human,all,PB2,PB2,1317,-0.3609740644258782
human,all,PB2,PB2,1320,0.48605188468251315
human,all,PB2,PB2,1323,-0.1728029744327771
human,all,PB2,PB2,1326,-0.06489828103704036
human,all,PB2,PB2,1329,-0.1188037972505454
human,all,PB2,PB2,1332,0.14210143128747763
human,all,PB2,PB2,1335,-0.0729407612008684
human,all,PB2,PB2,1338,0.08701890691812895
human,all,PB2,PB2,1341,0.004782589301292911
human,all,PB2,PB2,1344,0.037775174411573284
human,all,PB2,PB2,1350,0.15033467730887015
human,all,PB2,PB2,1353,-0.3775458858159131
human,all,PB2,PB2,1356,-0.2717691587504793
human,all,PB2,PB2,1359,0.16539491497753606
human,all,PB2,PB2,1362,0.009580570821675162
human,all,PB2,PB2,1365,0.06909221232257957
human,all,PB2,PB2,1368,-0.23783209224797955
human,all,PB2,PB2,1371,0.5384751773801282
human,all,PB2,PB2,1377,0.2599327695732228
human,all,PB2,PB2,1383,0.1310841074598702
human,all,PB2,PB2,1386,0.35560125595857367
human,all,PB2,PB2,1389,-0.1330201847546543
human,all,PB2,PB2,1390,-0.036336845699390864
human,all,PB2,PB2,1392,0.1991742406958427
human,all,PB2,PB2,1395,0.09841336940617504
human,all,PB2,PB2,1398,0.17053794621796955
human,all,PB2,PB2,1404,0.11953181510588384
human,all,PB2,PB2,1407,0.3208415565215663
human,all,PB2,PB2,1410,0.3988817621757145
human,all,PB2,PB2,1413,0.18217517680763304
human,all,PB2,PB2,1416,-0.04166813224081044
human,all,PB2,PB2,1422,0.04255521933652335
human,all,PB2,PB2,1423,-0.243086508566742
human,all,PB2,PB2,1425,0.31604694033671316
human,all,PB2,PB2,1428,-0.45583489563605556
human,all,PB2,PB2,1431,0.2405956563262602
human,all,PB2,PB2,1434,0.5161951285419191
human,all,PB2,PB2,1435,0.21208993388818465
human,all,PB2,PB2,1437,-0.3116723484391885
human,all,PB2,PB2,1440,0.12691676493397375
human,all,PB2,PB2,1443,0.11720776665110533
human,all,PB2,PB2,1446,0.09861915928993384
human,all,PB2,PB2,1452,0.3811151015253449
human,all,PB2,PB2,1455,0.1613342471646787
human,all,PB2,PB2,1458,0.0035234718068672425
human,all,PB2,PB2,1461,-0.15807745770746817
human,all,PB2,PB2,1464,-0.06595723936030004
human,all,PB2,PB2,1467,0.08371360213994256
human,all,PB2,PB2,1470,0.29041067631527273
human,all,PB2,PB2,1473,0.18658162267438305
human,all,PB2,PB2,1476,-0.38175125267336507
human,all,PB2,PB2,1479,0.11239369492402354
human,all,PB2,PB2,1482,-0.09447168519127025
human,all,PB2,PB2,1485,0.0018681842441527208
human,all,PB2,PB2,1488,0.16179208989053412
human,all,PB2,PB2,1491,0.26268529894841386
human,all,PB2,PB2,1494,-0.19433084215083388
human,all,PB2,PB2,1497,-0.4785935465056582
human,all,PB2,PB2,1498,-0.007283152933490506
human,all,PB2,PB2,1500,-0.43999674440757647
human,all,PB2,PB2,1503,-0.12435683682178722
human,all,PB2,PB2,1504,-0.12072529317150126
human,all,PB2,PB2,1506,0.23610245172212585
human,all,PB2,PB2,1507,0.5925804521535427
human,all,PB2,PB2,1509,-0.20015820548155178
human,all,PB2,PB2,1512,-0.10323010258098292
human,all,PB2,PB2,1513,-0.008002591258264871
human,all,PB2,PB2,1515,0.08509113592550667
human,all,PB2,PB2,1518,0.035616478115413415
human,all,PB2,PB2,1521,-0.1999615888099947
human,all,PB2,PB2,1522,0.5393070789247396
human,all,PB2,PB2,1524,0.04099772715107173
human,all,PB2,PB2,1527,0.0990987615599463
human,all,PB2,PB2,1530,0.10128098817639015
human,all,PB2,PB2,1533,-0.04716490280466968
human,all,PB2,PB2,1534,-0.06068085090177274
human,all,PB2,PB2,1536,0.10843006654737572
human,all,PB2,PB2,1537,-0.414479078997322
human,all,PB2,PB2,1539,-0.1312743023053418
human,all,PB2,PB2,1542,-0.14877969438079275
human,all,PB2,PB2,1545,0.313807600786935
human,all,PB2,PB2,1548,-0.15964353733585918
human,all,PB2,PB2,1551,0.020754730052399188
human,all,PB2,PB2,1554,-0.06305526624552307
human,all,PB2,PB2,1557,0.01631914675547942
human,all,PB2,PB2,1560,0.011374969757772307
human,all,PB2,PB2,1563,0.017845757183661493
human,all,PB2,PB2,1566,0.14349742648551583
human,all,PB2,PB2,1569,0.5144808961417326
human,all,PB2,PB2,1572,0.38140128871844264
human,all,PB2,PB2,1575,-0.11216927356112388
human,all,PB2,PB2,1576,0.7477457998042503
human,all,PB2,PB2,1578,0.13263342285056615
human,all,PB2,PB2,1579,0.09409780956153396
human,all,PB2,PB2,1581,-0.03870090471395031
human,all,PB2,PB2,1584,0.5026527252272803
human,all,PB2,PB2,1587,0.4322999178562716
human,all,PB2,PB2,1590,-0.13410658110844068
human,all,PB2,PB2,1593,0.048492516265722804
human,all,PB2,PB2,1596,0.01600743164939275
human,all,PB2,PB2,1599,-0.18608221091942062
human,all,PB2,PB2,1602,0.06222596218029817
human,all,PB2,PB2,1614,-0.2323548371518464
human,all,PB2,PB2,1617,0.16540599515174723
human,all,PB2,PB2,1620,0.18252268499423563
human,all,PB2,PB2,1623,0.15932893591332514
human,all,PB2,PB2,1626,-0.10505058180113025
human,all,PB2,PB2,1629,-0.030054931541958402
human,all,PB2,PB2,1632,-0.16530291890421064
human,all,PB2,PB2,1635,0.27891509806874937
human,all,PB2,PB2,1636,-0.13800882979198137
human,all,PB2,PB2,1638,-0.33048736951744534
human,all,PB2,PB2,1641,-0.22013235492811156
human,all,PB2,PB2,1644,-0.17516584015187942
human,all,PB2,PB2,1647,0.12110103843621417
human,all,PB2,PB2,1650,0.2302272140842961
human,all,PB2,PB2,1653,-0.06017289386482304
human,all,PB2,PB2,1659,0.18454677982305848
human,all,PB2,PB2,1662,0.02498570727878452
human,all,PB2,PB2,1663,-0.29397665533478345
human,all,PB2,PB2,1665,0.03858087875842303
human,all,PB2,PB2,1668,-0.03461548030233638
human,all,PB2,PB2,1674,-0.12341057900804682
human,all,PB2,PB2,1677,0.012856607606930323
human,all,PB2,PB2,1680,0.4907309908077628
human,all,PB2,PB2,1683,-0.20402915093587232
human,all,PB2,PB2,1686,0.41007393777128465
human,all,PB2,PB2,1689,0.18230833526982804
human,all,PB2,PB2,1695,0.04217443847302676
human,all,PB2,PB2,1698,-0.17331654716995976
human,all,PB2,PB2,1701,0.18447064410382485
human,all,PB2,PB2,1704,0.11025791691977317
human,all,PB2,PB2,1707,0.3167653272514628
human,all,PB2,PB2,1711,0.1336584408389916
human,all,PB2,PB2,1713,-0.056290239001632714
human,all,PB2,PB2,1716,-0.15508327586337387
human,all,PB2,PB2,1719,0.09960371784458097
human,all,PB2,PB2,1722,0.09263244848261153
human,all,PB2,PB2,1728,-0.033465186698676076
human,all,PB2,PB2,1731,0.0857786769977575
human,all,PB2,PB2,1734,-0.1093607622434664
human,all,PB2,PB2,1737,-0.2900404521773538
human,all,PB2,PB2,1740,0.08640097516948682
human,all,PB2,PB2,1743,-0.22135781068185295
human,all,PB2,PB2,1746,-0.2764859821628041
human,all,PB2,PB2,1747,-0.26627247630879
human,all,PB2,PB2,1749,-0.09209198581050423
human,all,PB2,PB2,1752,0.14297993238005677
human,all,PB2,PB2,1755,0.20934423026551904
human,all,PB2,PB2,1758,0.11919596806927445
human,all,PB2,PB2,1761,-0.10311912219709113
human,all,PB2,PB2,1764,-0.018523948237148882
human,all,PB2,PB2,1765,-0.26217561473548473
human,all,PB2,PB2,1767,-0.5890709830656904
human,all,PB2,PB2,1770,-0.190726461547177
human,all,PB2,PB2,1771,0.09443379315356612
human,all,PB2,PB2,1773,0.014037115762687985
human,all,PB2,PB2,1776,0.007882633294463945
human,all,PB2,PB2,1779,-0.0971333816983137
human,all,PB2,PB2,1782,0.49914724032466057
human,all,PB2,PB2,1785,0.14005160091859997
human,all,PB2,PB2,1788,-0.07565831126681828
human,all,PB2,PB2,1789,0.007130125362013681
human,all,PB2,PB2,1791,-0.008591117852013802
human,all,PB2,PB2,1794,-0.27707626857456913
human,all,PB2,PB2,1795,-0.33624352363824106
human,all,PB2,PB2,1797,-0.13376802638844779
human,all,PB2,PB2,1800,0.3038208029493863
human,all,PB2,PB2,1803,-0.2914629373979146
human,all,PB2,PB2,1806,0.16795567767166894
human,all,PB2,PB2,1812,-0.07630159335649309
human,all,PB2,PB2,1815,-0.18802478690223562
human,all,PB2,PB2,1818,0.2113080857332681
human,all,PB2,PB2,1821,-0.07583720585023113
human,all,PB2,PB2,1824,0.14494946041331025
human,all,PB2,PB2,1827,0.3016508459517784
human,all,PB2,PB2,1830,-0.2599699765553675
human,all,PB2,PB2,1833,-0.044179606125162314
human,all,PB2,PB2,1836,0.20824740788563378
human,all,PB2,PB2,1839,-0.06257990436164795
human,all,PB2,PB2,1842,-0.09784293929688898
human,all,PB2,PB2,1845,0.5442156630084405
human,all,PB2,PB2,1851,-0.25026749086779126
human,all,PB2,PB2,1854,0.15337850404378364
human,all,PB2,PB2,1857,0.08077501833979868
human,all,PB2,PB2,1860,0.10662512431772987
human,all,PB2,PB2,1863,-0.42312507102260666
human,all,PB2,PB2,1866,0.21818625169089065
human,all,PB2,PB2,1869,-0.17291146384023914
human,all,PB2,PB2,1872,0.3667442382709617
human,all,PB2,PB2,1875,0.14994376502692708
human,all,PB2,PB2,1878,0.3386657104651826
human,all,PB2,PB2,1881,0.37126419868320926
human,all,PB2,PB2,1884,-0.08608063794441331
human,all,PB2,PB2,1887,0.1207149022639108
human,all,PB2,PB2,1888,-0.006906189369329891
human,all,PB2,PB2,1890,0.04200601422766026
human,all,PB2,PB2,1896,-0.21072255062522557
human,all,PB2,PB2,1899,0.3100199961206348
human,all,PB2,PB2,1902,0.21177156775524644
human,all,PB2,PB2,1905,-0.012148136589081577
human,all,PB2,PB2,1906,0.18445161174473654
human,all,PB2,PB2,1908,0.20522479535906102
human,all,PB2,PB2,1911,0.00774138779425652
human,all,PB2,PB2,1914,0.5403937023472646
human,all,PB2,PB2,1917,-0.060271884080348365
human,all,PB2,PB2,1920,0.4276436307438004
human,all,PB2,PB2,1923,-0.11250505958593254
human,all,PB2,PB2,1926,0.4783724988823266
human,all,PB2,PB2,1929,-0.19501393294330016
human,all,PB2,PB2,1932,0.15339103275797658
human,all,PB2,PB2,1933,-0.5146020124060852
human,all,PB2,PB2,1935,0.29163266269066557
human,all,PB2,PB2,1936,0.17470271261200931
human,all,PB2,PB2,1938,-0.043139418289407865
human,all,PB2,PB2,1941,0.4283586374128954
human,all,PB2,PB2,1942,0.01683063424895909
human,all,PB2,PB2,1944,-0.28370407474369047
human,all,PB2,PB2,1947,0.18725730209687091
human,all,PB2,PB2,1948,0.2195232661169669
human,all,PB2,PB2,1950,-0.13189090995086714
human,all,PB2,PB2,1953,0.21095556224976322
human,all,PB2,PB2,1956,0.18286040061471495
human,all,PB2,PB2,1959,-0.1703362324856804
human,all,PB2,PB2,1962,0.417717781468133
human,all,PB2,PB2,1965,0.3753526882692209
human,all,PB2,PB2,1968,0.15706676769739053
human,all,PB2,PB2,1971,0.054478558552937095
human,all,PB2,PB2,1974,0.2703777927054717
human,all,PB2,PB2,1977,0.312743509657287
human,all,PB2,PB2,1980,0.14577949666933698
human,all,PB2,PB2,1983,0.1363930198665857
human,all,PB2,PB2,1986,-0.10442444250636616
human,all,PB2,PB2,1989,-0.2679372729449728
human,all,PB2,PB2,1990,0.4707523740441
human,all,PB2,PB2,1992,-0.0881522844727802
human,all,PB2,PB2,1993,-0.008494480141196284
human,all,PB2,PB2,1995,-0.04076147229622755
human,all,PB2,PB2,1998,0.15823126347979447
human,all,PB2,PB2,2001,-0.3957496569793869
human,all,PB2,PB2,2004,-0.2077912533018839
human,all,PB2,PB2,2007,0.5889786408093014
human,all,PB2,PB2,2010,0.31198135394551885
human,all,PB2,PB2,2013,-0.18709167209293384
human,all,PB2,PB2,2016,0.06265017135822515
human,all,PB2,PB2,2019,-0.10068349172025833
human,all,PB2,PB2,2022,0.14618324554031542
human,all,PB2,PB2,2023,0.21851402655586516
human,all,PB2,PB2,2025,0.12042935673483261
human,all,PB2,PB2,2028,-0.19152217513390596
human,all,PB2,PB2,2031,0.0327700929569644
human,all,PB2,PB2,2034,-0.07688152588769671
human,all,PB2,PB2,2037,-0.0065519390319011
human,all,PB2,PB2,2040,0.07004197275276544
human,all,PB2,PB2,2043,-0.04182290408634007
human,all,PB2,PB2,2046,0.2296639312063385
human,all,PB2,PB2,2049,0.2257697216286804
human,all,PB2,PB2,2052,0.19212043634102668
human,all,PB2,PB2,2055,0.2586334575508834
human,all,PB2,PB2,2058,-0.17184987495793053
human,all,PB2,PB2,2061,-0.19299473397526173
human,all,PB2,PB2,2064,0.014820222511132696
human,all,PB2,PB2,2067,0.11241850048765868
human,all,PB2,PB2,2070,0.8123619202980482
human,all,PB2,PB2,2071,0.35753891156037737
human,all,PB2,PB2,2073,0.1410077219606629
human,all,PB2,PB2,2076,-0.29028343060551004
human,all,PB2,PB2,2079,0.04122623734996966
human,all,PB2,PB2,2082,0.04712702923457311
human,all,PB2,PB2,2085,-0.023143130511751375
human,all,PB2,PB2,2088,-0.11749710192576746
human,all,PB2,PB2,2089,-0.1417517132122599
human,all,PB2,PB2,2091,0.3261887138540928
human,all,PB2,PB2,2094,0.2703957534159368
human,all,PB2,PB2,2097,-0.10118938522907403
human,all,PB2,PB2,2100,0.16531035686132511
human,all,PB2,PB2,2103,-0.15293118339818254
human,all,PB2,PB2,2106,-0.46929841520712695
human,all,PB2,PB2,2107,0.5944465123882401
human,all,PB2,PB2,2109,0.17731118299015722
human,all,PB2,PB2,2112,0.05160638168540485
human,all,PB2,PB2,2115,0.3201372474033477
human,all,PB2,PB2,2118,0.13200674426435874
human,all,PB2,PB2,2121,-0.14402857758522378
human,all,PB2,PB2,2122,0.5255188478888831
human,all,PB2,PB2,2124,-0.05048358218806224
human,all,PB2,PB2,2127,-0.2915987475362264
human,all,PB2,PB2,2130,0.02506105232495511
human,all,PB2,PB2,2133,0.3576899272569755
human,all,PB2,PB2,2136,-0.287826217871664
human,all,PB2,PB2,2137,-0.2282420451678117
human,all,PB2,PB2,2139,0.017564393279635153
human,all,PB2,PB2,2142,0.08485468974180566
human,all,PB2,PB2,2145,-0.19977905017823183
human,all,PB2,PB2,2148,-0.3769364389647134
human,all,PB2,PB2,2151,0.5435527754661253
human,all,PB2,PB2,2154,0.7234868522486555
human,all,PB2,PB2,2157,-0.39961786638059005
human,all,PB2,PB2,2160,-0.1933088032679994
human,all,PB2,PB2,2163,0.36534660809897634
human,all,PB2,PB2,2166,-0.0236323430867372
human,all,PB2,PB2,2169,-0.08637742161974789
human,all,PB2,PB2,2172,-0.01644841099244418
human,all,PB2,PB2,2173,0.05754957746260403
human,all,PB2,PB2,2175,-0.7750527732854405
human,all,PB2,PB2,2178,0.20738261721499734
human,all,PB2,PB2,2181,-0.5727453457908518
human,all,PB2,PB2,2184,0.15760749028132756
human,all,PB2,PB2,2187,-0.5458042989811206
human,all,PB2,PB2,2190,-1.3305675512800008
human,all,PB2,PB2,2193,0.3676057384047198
human,all,PB2,PB2,2196,-0.846798471781897
human,all,PB2,PB2,2197,-0.4144304851980666
human,all,PB2,PB2,2199,-0.8299905258703619
human,all,PB2,PB2,2202,0.16997991837619483
human,all,PB2,PB2,2208,-2.8165442735529727
human,all,PB2,PB2,2209,-2.392488177087219
human,all,PB2,PB2,2211,0.4089089503727381
human,all,PB2,PB2,2214,0.14443542514748878
human,all,PB2,PB2,2215,-0.13072175069741832
human,all,PB2,PB2,2217,-0.4737716058020486
human,all,PB2,PB2,2220,-2.2860480766530493
human,all,PB2,PB2,2223,-0.585751886622767
human,all,PB2,PB2,2226,-0.2944190530992249
human,all,PB2,PB2,2229,-2.0859618265706548
human,all,PB2,PB2,2232,-3.1263155626939603
human,all,PB2,PB2,2235,-2.631951594005477
human,all,PB2,PB2,2238,-0.5085678373197122
human,all,PB2,PB2,2241,-1.0371308982818768
human,all,PB2,PB2,2244,-3.0564024699518595
human,all,PB2,PB2,2247,-3.7057274312915496
human,all,PB2,PB2,2250,-3.471061665969268
human,all,PB2,PB2,2253,-4.421646781979414
human,all,PB2,PB2,2256,-3.252427192209834
human,all,PB2,PB2,2257,-1.09636011407598
human,all,PB2,PB2,2259,0.09682216464172096
human,all,PB2,PB2,2262,-2.535283018368296
human,all,PB2,PB2,2263,-4.29413602337769
human,all,PB2,PB2,2265,-0.5747287630711377
human,all,PB2,PB2,2271,-3.8723406376453586
human,all,PB2,PB2,2274,-2.27402308703655
human,all,PB2,PB2,2277,-1.9814982416910845
human,all,PB2,PB2,2279,-1.794534334534763
swine,H1,HA,HA,6,0.3981846587095139
swine,H1,HA,HA,13,-0.5145368473424964
swine,H1,HA,HA,15,-0.6577725172294824
swine,H1,HA,HA,21,0.21971827153467768
swine,H1,HA,HA,22,0.0977295951719406
swine,H1,HA,HA,24,-0.4323664785937593
swine,H1,HA,HA,27,-0.1887644744209273
swine,H1,HA,HA,30,0.37250676833432195
swine,H1,HA,HA,33,0.3890727799248836
swine,H1,HA,HA,36,0.11265411478212985
swine,H1,HA,HA,42,0.1148773574915531
swine,H1,HA,HA,54,-0.2270845745799568
swine,H1,HA,HA,60,0.6220177590113128
swine,H1,HA,HA,63,-0.5478027637604955
swine,H1,HA,HA,72,-0.293321787359232
swine,H1,HA,HA,78,0.12367439191616776
swine,H1,HA,HA,81,-0.5670590021803621
swine,H1,HA,HA,84,0.1965445074172403
swine,H1,HA,HA,93,-0.3471916530868785
swine,H1,HA,HA,96,0.3070008387230243
swine,H1,HA,HA,99,0.463655009719668
swine,H1,HA,HA,102,0.14642651675267832
swine,H1,HA,HA,108,-0.02337752370064776
swine,H1,HA,HA,109,-0.04151494116214037
swine,H1,HA,HA,114,0.5261236030037009
swine,H1,HA,HA,117,-0.16511137473150983
swine,H1,HA,HA,120,0.48602408015960047
swine,H1,HA,HA,123,0.2970778846141528
swine,H1,HA,HA,129,0.004034481863845548
swine,H1,HA,HA,132,0.6167294449230857
swine,H1,HA,HA,135,0.019100097097131025
swine,H1,HA,HA,138,0.3201945665642216
swine,H1,HA,HA,141,0.5491346044054943
swine,H1,HA,HA,144,0.02770085691232201
swine,H1,HA,HA,147,-0.8951546098317935
swine,H1,HA,HA,148,-0.7812806066198926
swine,H1,HA,HA,150,-0.6728799505154407
swine,H1,HA,HA,153,0.1477809985092945
swine,H1,HA,HA,156,-0.6362926386159352
swine,H1,HA,HA,159,0.953728422748384
swine,H1,HA,HA,162,0.3069911504529669
swine,H1,HA,HA,165,0.42328216839744404
swine,H1,HA,HA,168,0.5759528453710275
swine,H1,HA,HA,171,-0.030922413271075293
swine,H1,HA,HA,172,-0.1409813047533327
swine,H1,HA,HA,174,-0.2870396060511948
swine,H1,HA,HA,177,0.7210635581531963
swine,H1,HA,HA,180,-0.5768117954211353
swine,H1,HA,HA,181,-0.12563816332931976
swine,H1,HA,HA,183,-0.12145424575563077
swine,H1,HA,HA,186,0.1588448627507697
swine,H1,HA,HA,189,0.2984529307094401
swine,H1,HA,HA,195,-0.27467121820639884
swine,H1,HA,HA,199,0.3396649614878872
swine,H1,HA,HA,201,0.3921713873675103
swine,H1,HA,HA,204,0.9918085470038966
swine,H1,HA,HA,205,-0.19105342342196918
swine,H1,HA,HA,207,0.032204680941711854
swine,H1,HA,HA,210,0.5195967360137834
swine,H1,HA,HA,216,0.4165256680226487
swine,H1,HA,HA,219,0.039340998355364955
swine,H1,HA,HA,225,-1.0053834107460808
swine,H1,HA,HA,228,-0.02288017428926543
swine,H1,HA,HA,234,0.1772947947632324
swine,H1,HA,HA,237,-0.08000193962823371
swine,H1,HA,HA,240,0.7222221091807195
swine,H1,HA,HA,243,0.3139099659987103
swine,H1,HA,HA,246,0.48997916455186136
swine,H1,HA,HA,249,0.24812665966817962
swine,H1,HA,HA,252,0.4409028099090993
swine,H1,HA,HA,255,0.33827875416066455
swine,H1,HA,HA,264,0.4625208700919693
swine,H1,HA,HA,267,0.4802628888961324
swine,H1,HA,HA,276,0.3488942533111838
swine,H1,HA,HA,282,-0.2939950141657006
swine,H1,HA,HA,285,-0.19686104298047974
swine,H1,HA,HA,291,0.19724792299882477
swine,H1,HA,HA,294,0.2672809196906838
swine,H1,HA,HA,300,0.31289149692252055
swine,H1,HA,HA,303,-0.015529957676239284
swine,H1,HA,HA,309,0.5954293872069877
swine,H1,HA,HA,312,0.34385823958629913
swine,H1,HA,HA,315,0.3920268946575551
swine,H1,HA,HA,318,-0.39065504434180887
swine,H1,HA,HA,321,0.12255017880708362
swine,H1,HA,HA,324,-0.22200084354840693
swine,H1,HA,HA,330,0.24153063428005422
swine,H1,HA,HA,333,0.278970548286882
swine,H1,HA,HA,336,-0.3992713610808437
swine,H1,HA,HA,339,-0.02762020363682993
swine,H1,HA,HA,342,0.21708405058772268
swine,H1,HA,HA,345,0.27428311968211766
swine,H1,HA,HA,348,0.2191333233587071
swine,H1,HA,HA,351,0.16967608903928547
swine,H1,HA,HA,352,-0.47028360750419274
swine,H1,HA,HA,354,-0.1919298172913856
swine,H1,HA,HA,357,0.03879916290440663
swine,H1,HA,HA,360,-0.015909488300977853
swine,H1,HA,HA,363,0.6073659157095039
swine,H1,HA,HA,364,0.4157730042434125
swine,H1,HA,HA,366,0.3151939685687691
swine,H1,HA,HA,375,0.13823653564357685
swine,H1,HA,HA,381,0.23404811459228358
swine,H1,HA,HA,387,-0.01178365121131694
swine,H1,HA,HA,390,0.08849387565343993
swine,H1,HA,HA,393,-0.26339291296689465
swine,H1,HA,HA,396,0.1808113906652373
swine,H1,HA,HA,402,0.3975995381380001
swine,H1,HA,HA,405,0.11070895207035124
swine,H1,HA,HA,408,-0.6333059229333906
swine,H1,HA,HA,414,0.6154480391376196
swine,H1,HA,HA,417,0.5192628141435512
swine,H1,HA,HA,423,0.2809097474848742
swine,H1,HA,HA,426,0.3231648040922295
swine,H1,HA,HA,432,-0.3877926104084914
swine,H1,HA,HA,435,0.03796047785990861
swine,H1,HA,HA,438,-0.9604208162855515
swine,H1,HA,HA,441,-0.04072922936001411
swine,H1,HA,HA,447,0.588120168185024
swine,H1,HA,HA,450,0.10940903778303745
swine,H1,HA,HA,459,-0.13260764375606654
swine,H1,HA,HA,462,-0.7011963061368022
swine,H1,HA,HA,465,0.04947106920925879
swine,H1,HA,HA,471,0.2588186841466351
swine,H1,HA,HA,480,0.09023800963523562
swine,H1,HA,HA,483,-0.42154420180902125
swine,H1,HA,HA,486,-0.499268341120902
swine,H1,HA,HA,489,0.22203038591695906
swine,H1,HA,HA,492,0.17149076503498895
swine,H1,HA,HA,493,-0.09615250976918546
swine,H1,HA,HA,495,0.2690396748057198
swine,H1,HA,HA,498,-0.10777241530994902
swine,H1,HA,HA,502,0.2612339459844053
swine,H1,HA,HA,504,0.2672224016079333
swine,H1,HA,HA,507,0.5816172764220973
swine,H1,HA,HA,510,-0.6551589655290175
swine,H1,HA,HA,513,1.0282319828211175
swine,H1,HA,HA,516,1.00635326273914
swine,H1,HA,HA,519,-0.25839390591189504
swine,H1,HA,HA,525,0.10042807314569037
swine,H1,HA,HA,528,0.832117319898928
swine,H1,HA,HA,531,0.34907572602063697
swine,H1,HA,HA,537,-0.6977824309760948
swine,H1,HA,HA,540,0.317574324792888
swine,H1,HA,HA,543,0.1633531342883581
swine,H1,HA,HA,549,-0.23412856930927725
swine,H1,HA,HA,552,0.22271627590255047
swine,H1,HA,HA,555,0.06817950007953485
swine,H1,HA,HA,558,0.5339078372561192
swine,H1,HA,HA,561,1.103858562853507
swine,H1,HA,HA,564,0.6285409933670516
swine,H1,HA,HA,567,-0.3582786754715276
swine,H1,HA,HA,570,0.5882246629682628
swine,H1,HA,HA,573,0.021407040170951925
swine,H1,HA,HA,576,-0.04793706226001218
swine,H1,HA,HA,577,-0.12098111174372303
swine,H1,HA,HA,579,-0.12448279036187704
swine,H1,HA,HA,585,0.47971778725043535
swine,H1,HA,HA,588,0.14616360589222133
swine,H1,HA,HA,591,0.2705973133338648
swine,H1,HA,HA,594,0.08647894523000588
swine,H1,HA,HA,600,-0.17922294099440417
swine,H1,HA,HA,603,0.1568910681034598
swine,H1,HA,HA,609,0.6571108957318179
swine,H1,HA,HA,612,0.19698332283315256
swine,H1,HA,HA,615,0.25062696613657703
swine,H1,HA,HA,618,-0.03071464454044164
swine,H1,HA,HA,621,-0.3066954822537108
swine,H1,HA,HA,624,-0.24862126541009621
swine,H1,HA,HA,627,0.295470699520925
swine,H1,HA,HA,630,-0.04161633211172433
swine,H1,HA,HA,639,-1.1720369421575312
swine,H1,HA,HA,645,0.08898360767791351
swine,H1,HA,HA,648,0.8851668891987436
swine,H1,HA,HA,654,0.6342476535649785
swine,H1,HA,HA,657,-0.028074928230553242
swine,H1,HA,HA,666,-0.03359079228679395
swine,H1,HA,HA,669,0.3942399039642739
swine,H1,HA,HA,672,-0.10688389110665604
swine,H1,HA,HA,675,-0.09982456718823599
swine,H1,HA,HA,678,-0.030821526769694938
swine,H1,HA,HA,681,-0.29944761347029414
swine,H1,HA,HA,684,0.5263380038743827
swine,H1,HA,HA,690,-0.029948539592348635
swine,H1,HA,HA,702,-0.3348623774894612
swine,H1,HA,HA,705,0.4222192594458267
swine,H1,HA,HA,708,0.48986033649061544
swine,H1,HA,HA,711,-0.24133795923758095
swine,H1,HA,HA,714,-0.08116010293605626
swine,H1,HA,HA,717,-0.4133302840676494
swine,H1,HA,HA,720,0.4062444896867651
swine,H1,HA,HA,723,0.4022812789832179
swine,H1,HA,HA,726,-0.31366155324298206
swine,H1,HA,HA,729,0.3157806406788544
swine,H1,HA,HA,735,0.1360737579083359
swine,H1,HA,HA,738,0.02628655590099032
swine,H1,HA,HA,741,0.010773624049416279
swine,H1,HA,HA,748,0.27352477784474294
swine,H1,HA,HA,750,0.09649747608403059
swine,H1,HA,HA,753,-0.3032984808741147
swine,H1,HA,HA,756,0.24374806824503206
swine,H1,HA,HA,759,0.3032451175523081
swine,H1,HA,HA,762,-0.10232833882774069
swine,H1,HA,HA,765,-0.06948065828377968
swine,H1,HA,HA,768,0.22437297200396678
swine,H1,HA,HA,777,0.2031417414985726
swine,H1,HA,HA,780,0.491321082989786
swine,H1,HA,HA,786,0.34431747189303413
swine,H1,HA,HA,789,0.29701885487561164
swine,H1,HA,HA,792,-0.10713233940711055
swine,H1,HA,HA,793,0.2528416996577623
swine,H1,HA,HA,795,0.18303791981765716
swine,H1,HA,HA,798,0.27359004709047724
swine,H1,HA,HA,801,0.2647298177616867
swine,H1,HA,HA,804,-0.12057465637859217
swine,H1,HA,HA,807,0.4844187226188068
swine,H1,HA,HA,813,0.3132997225902913
swine,H1,HA,HA,816,-0.02128847675438689
swine,H1,HA,HA,819,0.180517894909252
swine,H1,HA,HA,822,-0.15002076502411874
swine,H1,HA,HA,828,0.7790799455180627
swine,H1,HA,HA,834,0.3997351698209906
swine,H1,HA,HA,837,0.3481917049844744
swine,H1,HA,HA,843,-0.037184721458464784
swine,H1,HA,HA,846,-0.08002583007865745
swine,H1,HA,HA,849,0.1603925569358726
swine,H1,HA,HA,855,0.02054527717321599
swine,H1,HA,HA,858,0.24479698985757753
swine,H1,HA,HA,867,0.6160973431523058
swine,H1,HA,HA,870,-0.3220405186780371
swine,H1,HA,HA,873,-1.1104439559015629
swine,H1,HA,HA,879,0.10148283580974098
swine,H1,HA,HA,882,0.0010499162618518962
swine,H1,HA,HA,885,0.2123920394070365
swine,H1,HA,HA,888,-0.011945378970542368
swine,H1,HA,HA,891,0.13192752250806658
swine,H1,HA,HA,897,0.5088225715563208
swine,H1,HA,HA,900,0.20517745597995407
swine,H1,HA,HA,906,0.5247588526462084
swine,H1,HA,HA,907,1.8444096138523964
swine,H1,HA,HA,912,-0.7830573246313725
swine,H1,HA,HA,915,0.11913560232468458
swine,H1,HA,HA,918,0.46025904380025273
swine,H1,HA,HA,921,0.10025788334457483
swine,H1,HA,HA,927,-0.0690125769777311
swine,H1,HA,HA,930,0.17112735734679668
swine,H1,HA,HA,933,0.13578686583891364
swine,H1,HA,HA,936,0.32257021475333114
swine,H1,HA,HA,939,0.11534279993245346
swine,H1,HA,HA,945,0.4126663238642917
swine,H1,HA,HA,954,0.41151468930602814
swine,H1,HA,HA,957,0.35895575795671364
swine,H1,HA,HA,960,0.1746277332830226
swine,H1,HA,HA,963,1.941376748372971
swine,H1,HA,HA,966,0.40872572357525844
swine,H1,HA,HA,972,0.9259758295220137
swine,H1,HA,HA,975,0.06640131600159271
swine,H1,HA,HA,978,-0.18616136420982415
swine,H1,HA,HA,984,0.3005594267865105
swine,H1,HA,HA,985,0.38606579216489556
swine,H1,HA,HA,987,0.3462645152993632
swine,H1,HA,HA,990,0.07137552930031041
swine,H1,HA,HA,1002,0.3385389366861021
swine,H1,HA,HA,1005,0.3045852614176667
swine,H1,HA,HA,1008,0.20867748707342618
swine,H1,HA,HA,1011,0.013558059810450588
swine,H1,HA,HA,1014,0.3548936045655628
swine,H1,HA,HA,1017,0.3430167399141394
swine,H1,HA,HA,1020,0.08707843163804375
swine,H1,HA,HA,1023,0.31461089550617877
swine,H1,HA,HA,1026,-0.9522302600211783
swine,H1,HA,HA,1032,-0.5877800130532819
swine,H1,HA,HA,1035,-0.6507265487455999
swine,H1,HA,HA,1038,0.1660892010245923
swine,H1,HA,HA,1044,-0.7203932007965935
swine,H1,HA,HA,1053,-0.45702287531565505
swine,H1,HA,HA,1056,1.3295783676190438
swine,H1,HA,HA,1059,0.6127793071443727
swine,H1,HA,HA,1065,-0.0426394258651847
swine,H1,HA,HA,1068,-0.10864200520716775
swine,H1,HA,HA,1071,0.3185296652031168
swine,H1,HA,HA,1080,0.22364507765569808
swine,H1,HA,HA,1089,0.30132154535038624
swine,H1,HA,HA,1092,-0.051581973199131756
swine,H1,HA,HA,1098,0.5044687816613236
swine,H1,HA,HA,1101,-0.46924051222934166
swine,H1,HA,HA,1104,0.2337362882933347
swine,H1,HA,HA,1107,0.5048909589305242
swine,H1,HA,HA,1110,-0.22375764608100202
swine,H1,HA,HA,1113,0.28172940765136056
swine,H1,HA,HA,1119,0.2871133248173939
swine,H1,HA,HA,1122,-0.015321570417680539
swine,H1,HA,HA,1125,0.2602375941943431
swine,H1,HA,HA,1131,-0.43994987318518963
swine,H1,HA,HA,1134,0.6508392530708716
swine,H1,HA,HA,1140,0.16423510795447413
swine,H1,HA,HA,1143,0.24780673820371224
swine,H1,HA,HA,1146,-0.7255879473524628
swine,H1,HA,HA,1149,0.08841557025143826
swine,H1,HA,HA,1152,0.11479139918426505
swine,H1,HA,HA,1155,0.5582128081244679
swine,H1,HA,HA,1158,0.1270865955342156
swine,H1,HA,HA,1164,0.22474463708922812
swine,H1,HA,HA,1167,-0.19710378427433192
swine,H1,HA,HA,1170,-0.06776341387414962
swine,H1,HA,HA,1173,0.3877664731175977
swine,H1,HA,HA,1176,0.32501761809055196
swine,H1,HA,HA,1179,-0.08296735840363197
swine,H1,HA,HA,1182,-0.0492690943613108
swine,H1,HA,HA,1185,0.253232310975427
swine,H1,HA,HA,1188,0.1927271500248292
swine,H1,HA,HA,1191,0.6690689502703675
swine,H1,HA,HA,1197,0.21532032255498873
swine,H1,HA,HA,1203,-0.03124967198107218
swine,H1,HA,HA,1206,-0.768303383188175
swine,H1,HA,HA,1212,-0.25882542513578843
swine,H1,HA,HA,1215,0.11530934004487661
swine,H1,HA,HA,1218,-0.3031781361022373
swine,H1,HA,HA,1224,-0.0012913935155131593
swine,H1,HA,HA,1230,0.2074368762875421
swine,H1,HA,HA,1233,-0.48503298185968596
swine,H1,HA,HA,1236,-0.40442222960153196
swine,H1,HA,HA,1239,0.11879206475722136
swine,H1,HA,HA,1242,-0.05482393808780162
swine,H1,HA,HA,1245,0.0728345740954697
swine,H1,HA,HA,1248,0.3170928159222144
swine,H1,HA,HA,1249,0.5415723581282856
swine,H1,HA,HA,1251,-0.17540846658560233
swine,H1,HA,HA,1254,0.4268375907393111
swine,H1,HA,HA,1257,-0.2578635517720778
swine,H1,HA,HA,1260,0.5616808952911984
swine,H1,HA,HA,1266,0.4625284255396596
swine,H1,HA,HA,1269,0.004551859650864293
swine,H1,HA,HA,1270,0.1593146555052796
swine,H1,HA,HA,1272,0.2805849026344885
swine,H1,HA,HA,1275,-0.21994171988563327
swine,H1,HA,HA,1278,0.45011963895055906
swine,H1,HA,HA,1281,0.1694789314754647
swine,H1,HA,HA,1284,0.34175514722222994
swine,H1,HA,HA,1290,0.08769962785405169
swine,H1,HA,HA,1293,1.059722716433969
swine,H1,HA,HA,1296,-0.3276968388310413
swine,H1,HA,HA,1297,0.09615562788943278
swine,H1,HA,HA,1305,0.30942525587622377
swine,H1,HA,HA,1317,0.46638531467399225
swine,H1,HA,HA,1320,-0.44659148795273795
swine,H1,HA,HA,1323,-0.1282850785618087
swine,H1,HA,HA,1324,-0.08639774490857906
swine,H1,HA,HA,1326,-0.768684490022805
swine,H1,HA,HA,1327,0.22373516139714836
swine,H1,HA,HA,1329,-0.2929172867071765
swine,H1,HA,HA,1332,0.09407349869898404
swine,H1,HA,HA,1333,0.08156006741322094
swine,H1,HA,HA,1335,-0.8367681907540996
swine,H1,HA,HA,1338,0.30416096900889245
swine,H1,HA,HA,1341,0.2727150164486577
swine,H1,HA,HA,1344,0.6470193430880116
swine,H1,HA,HA,1347,0.10489071339309272
swine,H1,HA,HA,1350,0.14077731380144448
swine,H1,HA,HA,1353,0.09041479444077531
swine,H1,HA,HA,1354,-0.029809408307084704
swine,H1,HA,HA,1356,-0.31009108656386897
swine,H1,HA,HA,1359,-0.09446081880049888
swine,H1,HA,HA,1362,-0.051568461235066566
swine,H1,HA,HA,1365,-0.06523578803460538
swine,H1,HA,HA,1368,0.6452164431676107
swine,H1,HA,HA,1374,0.37224482168697254
swine,H1,HA,HA,1377,0.34309195810508586
swine,H1,HA,HA,1380,-0.2925410690658165
swine,H1,HA,HA,1383,0.05865285316361676
swine,H1,HA,HA,1386,0.11565693380231304
swine,H1,HA,HA,1389,0.41140488173046363
swine,H1,HA,HA,1392,0.4479757934995514
swine,H1,HA,HA,1395,0.4855197421891099
swine,H1,HA,HA,1398,0.2542643103401565
swine,H1,HA,HA,1401,-0.41867894972914393
swine,H1,HA,HA,1404,-0.03908049787868663
swine,H1,HA,HA,1407,0.13649764859060326
swine,H1,HA,HA,1408,0.20144839207858048
swine,H1,HA,HA,1410,-0.22494264364494332
swine,H1,HA,HA,1413,0.17465475767188207
swine,H1,HA,HA,1416,-0.4888347573605054
swine,H1,HA,HA,1425,0.32520786699048365
swine,H1,HA,HA,1428,0.039748493034884945
swine,H1,HA,HA,1434,0.3738710827281675
swine,H1,HA,HA,1437,0.14832773244191105
swine,H1,HA,HA,1440,0.4536368836602347
swine,H1,HA,HA,1443,0.3429098043474786
swine,H1,HA,HA,1449,-0.061157464633962065
swine,H1,HA,HA,1452,0.256427573306147
swine,H1,HA,HA,1455,0.14523828863723798
swine,H1,HA,HA,1458,0.14570202798734924
swine,H1,HA,HA,1461,-0.07991898046820269
swine,H1,HA,HA,1464,0.037037057747432066
swine,H1,HA,HA,1467,0.4516483860059067
swine,H1,HA,HA,1470,-0.47465176489675265
swine,H1,HA,HA,1473,0.20737369169645498
swine,H1,HA,HA,1476,0.7100486377513525
swine,H1,HA,HA,1482,0.2967406005266728
swine,H1,HA,HA,1485,-0.14207609165222337
swine,H1,HA,HA,1491,0.09901677108816008
swine,H1,HA,HA,1494,0.26321464247039
swine,H1,HA,HA,1497,0.3224693134408772
swine,H1,HA,HA,1500,-0.9413857838180261
swine,H1,HA,HA,1503,0.1647383972827075
swine,H1,HA,HA,1509,0.19556792757123628
swine,H1,HA,HA,1512,2.3251691053099566
swine,H1,HA,HA,1515,0.21817570694744357
swine,H1,HA,HA,1518,0.21600215439927276
swine,H1,HA,HA,1521,0.5180813070776724
swine,H1,HA,HA,1524,-0.4012070855478283
swine,H1,HA,HA,1527,0.3234647874578465
swine,H1,HA,HA,1533,0.30694602378526714
swine,H1,HA,HA,1534,0.32515277477270765
swine,H1,HA,HA,1536,0.24794300733232577
swine,H1,HA,HA,1539,-0.22926927147070386
swine,H1,HA,HA,1542,0.07280070393548832
swine,H1,HA,HA,1545,-0.1745590649104112
swine,H1,HA,HA,1548,0.0055421757030642595
swine,H1,HA,HA,1557,0.2975547971271916
swine,H1,HA,HA,1563,0.40842662982498273
swine,H1,HA,HA,1566,-0.6336559899294352
swine,H1,HA,HA,1569,0.11429657755402464
swine,H1,HA,HA,1572,0.34474904059880895
swine,H1,HA,HA,1578,-0.42337489150709845
swine,H1,HA,HA,1581,0.12545745033058833
swine,H1,HA,HA,1584,0.11946409153030699
swine,H1,HA,HA,1587,0.00045178745344423283
swine,H1,HA,HA,1590,-0.10149909334838801
swine,H1,HA,HA,1593,-1.0178693444545188
swine,H1,HA,HA,1596,-0.9135153570916801
swine,H1,HA,HA,1599,0.18122576277331773
swine,H1,HA,HA,1602,0.07999950156488721
swine,H1,HA,HA,1608,0.07375576865603826
swine,H1,HA,HA,1611,-1.227718110925041
swine,H1,HA,HA,1614,-0.6044636310533725
swine,H1,HA,HA,1617,0.4092997531096564
swine,H1,HA,HA,1623,-0.1749153430236926
swine,H1,HA,HA,1626,0.33044926443175937
swine,H1,HA,HA,1627,0.1645958921611653
swine,H1,HA,HA,1629,-0.4797899779123944
swine,H1,HA,HA,1632,-0.04866020829509045
swine,H1,HA,HA,1635,-2.79041500299537
swine,H1,HA,HA,1638,-1.1876392875173007
swine,H1,HA,HA,1639,-1.6019588160807778
swine,H1,HA,HA,1641,-0.660139122423255
swine,H1,HA,HA,1644,-2.2770079590975647
swine,H1,HA,HA,1650,-1.0141155896096932
swine,H1,HA,HA,1653,0.4985564132873531
swine,H1,HA,HA,1656,0.39580301697026615
swine,H1,HA,HA,1668,-0.09522971477796364
swine,H1,HA,HA,1674,-0.6539046892057958
swine,H1,HA,HA,1677,-1.0851500080027614
swine,H1,HA,HA,1680,0.0615628657468788
swine,H1,HA,HA,1683,0.34677050759256034
swine,H1,HA,HA,1689,-0.3901889821256267
swine,H1,HA,HA,1695,0.31204300509612437
swine,H1,HA,HA,1698,0.507861381711399
swine,H1,HA,HA,1700,1.0784070539189403
swine,H3,HA,HA,210,0.8682662257771194
swine,H3,HA,HA,447,0.5541910954548485
swine,H3,HA,HA,795,0.7622578902036302
swine,H3,HA,HA,819,1.155621913801764
swine,H3,HA,HA,837,0.4129498822890294
swine,H3,HA,HA,1080,0.9049325578557911
swine,H3,HA,HA,1101,0.4512879996646983
swine,H3,HA,HA,1125,0.6571310855498097
swine,H3,HA,HA,1224,0.9684278735245446
swine,H3,HA,HA,1320,0.36433501765444176
swine,H3,HA,HA,1458,0.7974159039736294
swine,N1,NA,NA,6,-0.35933379920612735
swine,N1,NA,NA,12,0.7004067217427512
swine,N1,NA,NA,15,0.19598699414352416
swine,N1,NA,NA,18,-0.8510416961697816
swine,N1,NA,NA,27,-1.1620609433170432
swine,N1,NA,NA,33,0.4346507397818841
swine,N1,NA,NA,36,-0.085442900259558
swine,N1,NA,NA,42,0.4004649683291171
swine,N1,NA,NA,54,-0.06468965696708119
swine,N1,NA,NA,64,0.594362005044147
swine,N1,NA,NA,66,-0.26090230439153195
swine,N1,NA,NA,69,0.11535925702185867
swine,N1,NA,NA,70,-0.5839439305963865
swine,N1,NA,NA,72,0.2983211560961159
swine,N1,NA,NA,75,0.3699179797540586
swine,N1,NA,NA,81,0.2078181640519724
swine,N1,NA,NA,84,-0.2775390891979454
swine,N1,NA,NA,90,0.14066716324704726
swine,N1,NA,NA,93,0.20518809986767006
swine,N1,NA,NA,102,0.13779043873543873
swine,N1,NA,NA,105,-0.17794037973800084
swine,N1,NA,NA,108,0.23180016536658693
swine,N1,NA,NA,114,-0.5623779722557231
swine,N1,NA,NA,117,0.5723168379328251
swine,N1,NA,NA,120,-0.40416118162694464
swine,N1,NA,NA,123,0.3526396846026929
swine,N1,NA,NA,129,0.4967144380068225
swine,N1,NA,NA,132,-0.02741614562059422
swine,N1,NA,NA,135,0.1878594193961266
swine,N1,NA,NA,141,0.2522949051666124
swine,N1,NA,NA,147,0.020165952322484377
swine,N1,NA,NA,150,-0.5392871453180653
swine,N1,NA,NA,153,-0.09051654064142228
swine,N1,NA,NA,156,-0.32177668592506187
swine,N1,NA,NA,162,-0.28614266537362376
swine,N1,NA,NA,171,0.0805733741056759
swine,N1,NA,NA,174,0.15118461520761348
swine,N1,NA,NA,177,-0.4841052970764406
swine,N1,NA,NA,189,-0.08366272382722803
swine,N1,NA,NA,192,0.7975474535546547
swine,N1,NA,NA,198,-1.1948000528882265
swine,N1,NA,NA,201,0.4651252909754618
swine,N1,NA,NA,208,0.7601207478586395
swine,N1,NA,NA,210,0.05562202590349905
swine,N1,NA,NA,213,-0.10534892964292518
swine,N1,NA,NA,216,0.23248139608854548
swine,N1,NA,NA,219,-0.48323502880767993
swine,N1,NA,NA,228,0.4782034287737794
swine,N1,NA,NA,231,0.08508592441015458
swine,N1,NA,NA,243,0.46440828051176414
swine,N1,NA,NA,249,0.3175424735860879
swine,N1,NA,NA,252,0.7041610873617619
swine,N1,NA,NA,255,-0.23985824711764378
swine,N1,NA,NA,261,0.3124092005411657
swine,N1,NA,NA,267,0.05935088835347466
swine,N1,NA,NA,276,-0.018722611721853476
swine,N1,NA,NA,279,-0.10039052693221803
swine,N1,NA,NA,282,0.4378681791908521
swine,N1,NA,NA,288,0.9936081855782245
swine,N1,NA,NA,291,-0.20627990459813886
swine,N1,NA,NA,303,0.16576880171694136
swine,N1,NA,NA,309,-0.27104223861166177
swine,N1,NA,NA,318,-0.005272091264491384
swine,N1,NA,NA,321,0.3705983890993888
swine,N1,NA,NA,327,0.1257419393607333
swine,N1,NA,NA,330,0.04256302266575355
swine,N1,NA,NA,333,0.6584611465414555
swine,N1,NA,NA,334,-0.32416538589569877
swine,N1,NA,NA,336,-0.01612373554872968
swine,N1,NA,NA,339,0.15517090276898254
swine,N1,NA,NA,345,-0.13370785580969047
swine,N1,NA,NA,348,0.16850486923115263
swine,N1,NA,NA,357,-0.39022779463494
swine,N1,NA,NA,360,0.3511744206442467
swine,N1,NA,NA,363,-0.045013735489142434
swine,N1,NA,NA,366,-0.6866190692517815
swine,N1,NA,NA,369,0.5727423197715598
swine,N1,NA,NA,372,-0.6574814688603853
swine,N1,NA,NA,373,-0.35570870296105467
swine,N1,NA,NA,375,0.13088755861210316
swine,N1,NA,NA,381,-0.43675844540154785
swine,N1,NA,NA,384,0.21882263611755248
swine,N1,NA,NA,387,0.28884402432470135
swine,N1,NA,NA,390,0.43444307725149633
swine,N1,NA,NA,396,-0.06702161876345143
swine,N1,NA,NA,399,-0.217964968846501
swine,N1,NA,NA,405,0.2801125327949104
swine,N1,NA,NA,408,-0.07166331981909556
swine,N1,NA,NA,411,-0.28491346064554296
swine,N1,NA,NA,414,0.4377935060132438
swine,N1,NA,NA,417,0.4660109559886855
swine,N1,NA,NA,420,-0.618658825573357
swine,N1,NA,NA,423,-0.5080944831201287
swine,N1,NA,NA,426,-0.1682510884239431
swine,N1,NA,NA,427,0.0011019703216225089
swine,N1,NA,NA,429,0.8004792101535538
swine,N1,NA,NA,435,0.20949209334776853
swine,N1,NA,NA,438,0.43907701679467853
swine,N1,NA,NA,444,0.7527849907065347
swine,N1,NA,NA,450,-0.17807738799537778
swine,N1,NA,NA,453,-0.12152015658460133
swine,N1,NA,NA,459,-0.022682402738790613
swine,N1,NA,NA,462,-0.02575465913011016
swine,N1,NA,NA,465,0.34603265440567454
swine,N1,NA,NA,468,-0.16265200151675116
swine,N1,NA,NA,474,0.16261374377081533
swine,N1,NA,NA,477,0.19732881113044481
swine,N1,NA,NA,480,-0.5427407265032786
swine,N1,NA,NA,486,0.5881528546302973
swine,N1,NA,NA,489,-0.09675230748248524
swine,N1,NA,NA,507,-0.4191403432537992
swine,N1,NA,NA,510,0.3162206764833301
swine,N1,NA,NA,516,-0.004487940604445611
swine,N1,NA,NA,522,-0.06237295010071787
swine,N1,NA,NA,526,-0.4536544520901746
swine,N1,NA,NA,528,0.16040523359285555
swine,N1,NA,NA,534,-0.5708370248357079
swine,N1,NA,NA,537,0.13908735885775314
swine,N1,NA,NA,546,0.34386741115710817
swine,N1,NA,NA,549,0.43680601641028616
swine,N1,NA,NA,552,-0.20641581699504832
swine,N1,NA,NA,558,0.0471355341167056
swine,N1,NA,NA,564,0.6198156479855723
swine,N1,NA,NA,567,0.3502577065383001
swine,N1,NA,NA,573,0.31642180815868526
swine,N1,NA,NA,576,-0.11417567254155309
swine,N1,NA,NA,579,-0.46229745228471597
swine,N1,NA,NA,582,-0.12133805077081453
swine,N1,NA,NA,597,-0.2541756100214005
swine,N1,NA,NA,606,0.26983651228779904
swine,N1,NA,NA,609,-0.3110556254126855
swine,N1,NA,NA,615,0.006520580802995662
swine,N1,NA,NA,618,-0.24588775450364064
swine,N1,NA,NA,625,-0.3268675529324376
swine,N1,NA,NA,630,-0.4242847147761478
swine,N1,NA,NA,636,-0.6190209962821402
swine,N1,NA,NA,639,0.2462622196303327
swine,N1,NA,NA,642,0.18831105287700733
swine,N1,NA,NA,645,0.45628288269439005
swine,N1,NA,NA,654,0.09571575738081305
swine,N1,NA,NA,660,-0.5410162462738776
swine,N1,NA,NA,663,0.42893500089647174
swine,N1,NA,NA,666,0.27884103263928256
swine,N1,NA,NA,669,0.7036727833753184
swine,N1,NA,NA,672,0.5250494996008984
swine,N1,NA,NA,678,0.08899517564292177
swine,N1,NA,NA,681,0.6158205213336029
swine,N1,NA,NA,684,-0.15151406040990173
swine,N1,NA,NA,687,0.4790105278905815
swine,N1,NA,NA,690,0.26824534945257433
swine,N1,NA,NA,693,0.7601322109421587
swine,N1,NA,NA,702,0.14572398334518735
swine,N1,NA,NA,708,-0.7002696482756127
swine,N1,NA,NA,711,0.0737766693002494
swine,N1,NA,NA,714,-0.0033993501037454716
swine,N1,NA,NA,720,0.8470384437359672
swine,N1,NA,NA,726,0.13951261230796225
swine,N1,NA,NA,732,0.11156287751723686
swine,N1,NA,NA,735,0.4576144313929732
swine,N1,NA,NA,738,1.361904307468933
swine,N1,NA,NA,741,0.3027598131585901
swine,N1,NA,NA,747,0.8228759287596767
swine,N1,NA,NA,750,-0.38630086328596264
swine,N1,NA,NA,756,0.3797912445843927
swine,N1,NA,NA,759,0.26875928623984074
swine,N1,NA,NA,762,-0.16351187075422902
swine,N1,NA,NA,768,-0.019829353153530464
swine,N1,NA,NA,774,-0.23982535794423024
swine,N1,NA,NA,777,0.2685660032099131
swine,N1,NA,NA,780,0.030668323878118485
swine,N1,NA,NA,783,0.29961626950221976
swine,N1,NA,NA,786,-0.3036600993393916
swine,N1,NA,NA,789,-0.003442245906741964
swine,N1,NA,NA,792,-0.3543552213254604
swine,N1,NA,NA,798,0.16668684816398271
swine,N1,NA,NA,801,0.07896407454478972
swine,N1,NA,NA,807,-0.12570921367352764
swine,N1,NA,NA,816,-0.43331833718212326
swine,N1,NA,NA,819,0.363266649120385
swine,N1,NA,NA,828,0.36103823359390486
swine,N1,NA,NA,831,0.1967128870103092
swine,N1,NA,NA,834,0.09519800122762956
swine,N1,NA,NA,840,0.29861051684032064
swine,N1,NA,NA,849,0.02999724232311195
swine,N1,NA,NA,852,-0.2206741368048734
swine,N1,NA,NA,855,0.170571236616049
swine,N1,NA,NA,856,0.1646311785488527
swine,N1,NA,NA,858,0.15918871373809376
swine,N1,NA,NA,861,0.19884580929555865
swine,N1,NA,NA,867,0.47104213424087266
swine,N1,NA,NA,870,-0.022655810164949088
swine,N1,NA,NA,873,0.13229363027857186
swine,N1,NA,NA,876,-0.3358081535352855
swine,N1,NA,NA,879,0.085925058802451
swine,N1,NA,NA,882,0.03528045411614069
swine,N1,NA,NA,888,0.11976087760571495
swine,N1,NA,NA,891,-0.044752976174714326
swine,N1,NA,NA,900,0.3037950302015676
swine,N1,NA,NA,903,-0.7061158327511374
swine,N1,NA,NA,909,0.05581210039741435
swine,N1,NA,NA,912,0.45858913479411506
swine,N1,NA,NA,915,0.1702594483370998
swine,N1,NA,NA,918,-0.09165892958778046
swine,N1,NA,NA,921,-0.37690250190072627
swine,N1,NA,NA,924,0.31165534942734885
swine,N1,NA,NA,927,0.6393672719001224
swine,N1,NA,NA,930,0.14839974505638245
swine,N1,NA,NA,933,-0.13508541507187222
swine,N1,NA,NA,936,0.2533631864510435
swine,N1,NA,NA,945,-0.013810158814884862
swine,N1,NA,NA,948,0.3724455061110402
swine,N1,NA,NA,951,0.030293338295882356
swine,N1,NA,NA,954,0.525216519202921
swine,N1,NA,NA,957,-0.2295503552518224
swine,N1,NA,NA,963,-0.26928365918636815
swine,N1,NA,NA,969,0.42035884142711577
swine,N1,NA,NA,972,0.3482997246194678
swine,N1,NA,NA,975,-0.08051162620448571
swine,N1,NA,NA,981,0.36083516148302025
swine,N1,NA,NA,990,0.48065709322734157
swine,N1,NA,NA,993,0.1829980781999388
swine,N1,NA,NA,996,-0.46004897811146783
swine,N1,NA,NA,999,0.1540082573978478
swine,N1,NA,NA,1008,-0.2698026148926393
swine,N1,NA,NA,1011,0.30223126572844167
swine,N1,NA,NA,1014,-0.36978176531875556
swine,N1,NA,NA,1017,0.560854437539098
swine,N1,NA,NA,1026,0.07202294248412665
swine,N1,NA,NA,1035,-0.018301009722172953
swine,N1,NA,NA,1038,-0.0027033275586620664
swine,N1,NA,NA,1041,-0.35903184124225523
swine,N1,NA,NA,1044,-0.04800189384878997
swine,N1,NA,NA,1047,0.4905942740562111
swine,N1,NA,NA,1053,-0.5511581953807337
swine,N1,NA,NA,1059,-0.7142405342837584
swine,N1,NA,NA,1065,-0.2958092410317725
swine,N1,NA,NA,1071,0.7620314973069809
swine,N1,NA,NA,1077,0.4702284723598496
swine,N1,NA,NA,1083,-0.1927050514176162
swine,N1,NA,NA,1086,0.4594874443564552
swine,N1,NA,NA,1089,0.6063905522262113
swine,N1,NA,NA,1092,0.2350364529133192
swine,N1,NA,NA,1101,-0.4858504016830027
swine,N1,NA,NA,1107,0.12381640953301422
swine,N1,NA,NA,1110,0.044468980284119816
swine,N1,NA,NA,1113,0.5528769396807658
swine,N1,NA,NA,1116,0.1722371924479967
swine,N1,NA,NA,1119,0.23115888592787856
swine,N1,NA,NA,1125,0.08213126553920477
swine,N1,NA,NA,1128,-0.18186915767816408
swine,N1,NA,NA,1131,0.6504879506193827
swine,N1,NA,NA,1134,0.21553222509716777
swine,N1,NA,NA,1140,0.15102407920630284
swine,N1,NA,NA,1146,0.4886265877209841
swine,N1,NA,NA,1158,-0.14171849804192715
swine,N1,NA,NA,1161,-0.1563143987867126
swine,N1,NA,NA,1164,-0.2590655555159575
swine,N1,NA,NA,1167,0.10372513994158256
swine,N1,NA,NA,1170,-0.058203276904598825
swine,N1,NA,NA,1176,0.29989150485759164
swine,N1,NA,NA,1179,0.23254466674053545
swine,N1,NA,NA,1182,0.07544377772449319
swine,N1,NA,NA,1188,-0.1020202200091492
swine,N1,NA,NA,1191,-0.14821132307740612
swine,N1,NA,NA,1197,-0.18328958888892033
swine,N1,NA,NA,1198,0.4585408739808904
swine,N1,NA,NA,1212,-0.4063134986520836
swine,N1,NA,NA,1218,0.45080813252193935
swine,N1,NA,NA,1221,0.27564675153497753
swine,N1,NA,NA,1231,0.7101145836023991
swine,N1,NA,NA,1233,-0.08126327621143976
swine,N1,NA,NA,1239,-2.5029408777554987
swine,N1,NA,NA,1242,-0.03640416297572833
swine,N1,NA,NA,1245,0.039190985690383345
swine,N1,NA,NA,1248,-0.347532974610358
swine,N1,NA,NA,1251,-0.05472864478025655
swine,N1,NA,NA,1254,-0.5505970428237267
swine,N1,NA,NA,1257,0.1486812250500864
swine,N1,NA,NA,1263,0.18247709479667595
swine,N1,NA,NA,1269,-0.6840122476315759
swine,N1,NA,NA,1272,-0.19149873093611025
swine,N1,NA,NA,1275,-0.013481250793746145
swine,N1,NA,NA,1278,0.18762908854625865
swine,N1,NA,NA,1281,-0.2693847729313684
swine,N1,NA,NA,1284,0.4995945351750888
swine,N1,NA,NA,1287,0.7877350184845896
swine,N1,NA,NA,1296,0.21326131129241338
swine,N1,NA,NA,1299,0.44243320617230153
swine,N1,NA,NA,1302,-0.4225448404100494
swine,N1,NA,NA,1311,0.012553661924742969
swine,N1,NA,NA,1314,0.5198947560121917
swine,N1,NA,NA,1332,-1.1992907083065554
swine,N1,NA,NA,1335,0.4994384294064539
swine,N1,NA,NA,1341,-0.32322332911992135
swine,N1,NA,NA,1342,0.7386730986011335
swine,N1,NA,NA,1344,-3.4581995295071097
swine,N1,NA,NA,1350,1.0537270723982606
swine,N1,NA,NA,1353,-0.2691745623626644
swine,N1,NA,NA,1359,-2.2071754738093463
swine,N1,NA,NA,1362,-1.2691973655458524
swine,N2,NA,NA,6,-0.5848860613329944
swine,N2,NA,NA,12,0.23765578649000388
swine,N2,NA,NA,15,1.7634833528862455
swine,N2,NA,NA,18,-0.3342332280249813
swine,N2,NA,NA,27,-0.2647388032393289
swine,N2,NA,NA,30,0.652246819477971
swine,N2,NA,NA,33,-0.17257230877577304
swine,N2,NA,NA,39,0.08766568918445745
swine,N2,NA,NA,42,-0.32072973069388266
swine,N2,NA,NA,48,0.6972739535876441
swine,N2,NA,NA,54,-0.16852252633785209
swine,N2,NA,NA,63,-0.04585363688679136
swine,N2,NA,NA,66,0.04674978656876031
swine,N2,NA,NA,69,0.7438199666029018
swine,N2,NA,NA,75,0.537843826753191
swine,N2,NA,NA,81,-0.2336822186836359
swine,N2,NA,NA,84,0.2033710922259402
swine,N2,NA,NA,85,0.0627176323813338
swine,N2,NA,NA,87,-0.14994954870107483
swine,N2,NA,NA,90,-0.03277299748947152
swine,N2,NA,NA,93,-0.46156774180604093
swine,N2,NA,NA,99,0.1574995385982092
swine,N2,NA,NA,103,0.31908645620766696
swine,N2,NA,NA,105,-0.11821324136460297
swine,N2,NA,NA,108,-0.6782558206864131
swine,N2,NA,NA,111,-0.2119593384629678
swine,N2,NA,NA,114,-0.8613065560392434
swine,N2,NA,NA,117,0.2406514631593158
swine,N2,NA,NA,126,-0.2087900639922472
swine,N2,NA,NA,129,0.1272250944886336
swine,N2,NA,NA,132,0.00936245726212665
swine,N2,NA,NA,135,0.6706474354226384
swine,N2,NA,NA,138,0.36317503461111333
swine,N2,NA,NA,141,-0.19715152164201757
swine,N2,NA,NA,144,0.16593627577239659
swine,N2,NA,NA,147,-0.5939095867583348
swine,N2,NA,NA,150,0.2403588792018084
swine,N2,NA,NA,156,0.1334600570111596
swine,N2,NA,NA,162,0.13922994322289683
swine,N2,NA,NA,177,0.2631394504069461
swine,N2,NA,NA,180,0.008434327452248995
swine,N2,NA,NA,183,-0.060921347681009666
swine,N2,NA,NA,189,-0.27677165407509946
swine,N2,NA,NA,192,-0.24562193432277662
swine,N2,NA,NA,198,-0.275866436195138
swine,N2,NA,NA,201,-0.23051943694756946
swine,N2,NA,NA,202,0.08085893967845925
swine,N2,NA,NA,204,0.27657813676987436
swine,N2,NA,NA,207,-0.35286483893381476
swine,N2,NA,NA,210,-0.30842507027353233
swine,N2,NA,NA,213,0.24226373014909985
swine,N2,NA,NA,222,0.25317466429746704
swine,N2,NA,NA,225,-0.9717975864998656
swine,N2,NA,NA,228,0.30996508431578773
swine,N2,NA,NA,234,-0.020830246195547054
swine,N2,NA,NA,237,-0.08190632167154441
swine,N2,NA,NA,240,-0.09795517651380682
swine,N2,NA,NA,241,0.7170622442368291
swine,N2,NA,NA,243,-0.44559069415941344
swine,N2,NA,NA,249,-0.11616825073613245
swine,N2,NA,NA,252,-0.4012351511601802
swine,N2,NA,NA,255,-0.2307088163700921
swine,N2,NA,NA,258,-0.7402861023740654
swine,N2,NA,NA,264,0.34603308856938503
swine,N2,NA,NA,267,0.5060039872473009
swine,N2,NA,NA,270,0.0501670203298914
swine,N2,NA,NA,273,-0.3770978589199655
swine,N2,NA,NA,276,-0.012067925062488593
swine,N2,NA,NA,279,0.3677414333486775
swine,N2,NA,NA,282,-0.23101408033978443
swine,N2,NA,NA,288,0.4114781879363147
swine,N2,NA,NA,297,0.18285714003963016
swine,N2,NA,NA,300,-0.18567900063833195
swine,N2,NA,NA,303,0.2834906273819589
swine,N2,NA,NA,306,-0.1098150516306567
swine,N2,NA,NA,309,-0.35760905333680604
swine,N2,NA,NA,312,-0.04906626795996944
swine,N2,NA,NA,315,-0.07597145028308815
swine,N2,NA,NA,318,0.0034497234153336906
swine,N2,NA,NA,321,-0.4990871115914678
swine,N2,NA,NA,324,0.06383056992874743
swine,N2,NA,NA,327,0.2992410667081695
swine,N2,NA,NA,336,-0.2389001481819875
swine,N2,NA,NA,339,-0.3260979308328609
swine,N2,NA,NA,342,0.41890359725334764
swine,N2,NA,NA,348,-0.4535624348631319
swine,N2,NA,NA,351,-0.15057174270864007
swine,N2,NA,NA,354,-1.115072793033968
swine,N2,NA,NA,357,0.06353342703847853
swine,N2,NA,NA,360,-0.8544215746464211
swine,N2,NA,NA,366,-0.32053780513871466
swine,N2,NA,NA,369,0.27949601752262343
swine,N2,NA,NA,372,-0.05997104660816118
swine,N2,NA,NA,375,0.006707053070095745
swine,N2,NA,NA,381,0.21442528992198534
swine,N2,NA,NA,384,0.31221577346814317
swine,N2,NA,NA,387,-0.3988976039553925
swine,N2,NA,NA,390,0.16474173145806886
swine,N2,NA,NA,393,0.05947310899412638
swine,N2,NA,NA,399,-0.9008788039157983
swine,N2,NA,NA,405,0.06862276898777911
swine,N2,NA,NA,408,-0.21069046084632956
swine,N2,NA,NA,411,0.27270826296442896
swine,N2,NA,NA,418,0.03315081200750229
swine,N2,NA,NA,420,-0.5270604949253977
swine,N2,NA,NA,423,-0.42981244638592103
swine,N2,NA,NA,426,-0.23343024949533334
swine,N2,NA,NA,429,-0.16287947735974487
swine,N2,NA,NA,432,-0.14195825306720974
swine,N2,NA,NA,438,-0.5078462174585351
swine,N2,NA,NA,441,0.13446316918166587
swine,N2,NA,NA,453,-0.9568231723524737
swine,N2,NA,NA,456,0.23361876487151173
swine,N2,NA,NA,459,-0.237382179712834
swine,N2,NA,NA,462,0.19633780892337763
swine,N2,NA,NA,465,0.1592672157557377
swine,N2,NA,NA,468,-0.3809088896952643
swine,N2,NA,NA,471,-0.010782126656608272
swine,N2,NA,NA,472,-0.5024075100380302
swine,N2,NA,NA,474,-0.18305018244261678
swine,N2,NA,NA,475,0.16750625206501873
swine,N2,NA,NA,477,-0.271226428204569
swine,N2,NA,NA,486,0.9238127336982985
swine,N2,NA,NA,487,-0.6843973056540532
swine,N2,NA,NA,489,-0.1606454255585065
swine,N2,NA,NA,495,-0.009071987554815019
swine,N2,NA,NA,498,0.36712805376609386
swine,N2,NA,NA,501,0.06135645412218864
swine,N2,NA,NA,504,0.2500521956420064
swine,N2,NA,NA,505,0.006252842073180566
swine,N2,NA,NA,507,0.2956354377621687
swine,N2,NA,NA,510,0.4366289384458067
swine,N2,NA,NA,513,-0.4102125156268156
swine,N2,NA,NA,516,-0.03891412913592798
swine,N2,NA,NA,519,0.3264614433656316
swine,N2,NA,NA,522,-0.03636907530733794
swine,N2,NA,NA,525,0.724191594861909
swine,N2,NA,NA,531,0.5655285198783432
swine,N2,NA,NA,537,-0.010796227793190394
swine,N2,NA,NA,540,0.08236775805366993
swine,N2,NA,NA,546,0.3173561224922522
swine,N2,NA,NA,549,0.46330155051553185
swine,N2,NA,NA,552,-0.13041437716228596
swine,N2,NA,NA,558,0.27501483354091466
swine,N2,NA,NA,561,-0.23737442459239963
swine,N2,NA,NA,568,0.2205772233465112
swine,N2,NA,NA,570,0.47915287791671424
swine,N2,NA,NA,576,-0.4312810873719999
swine,N2,NA,NA,579,-0.16850812721299516
swine,N2,NA,NA,588,-0.05215796677763925
swine,N2,NA,NA,594,-0.011737255770362665
swine,N2,NA,NA,603,0.5824762617227948
swine,N2,NA,NA,609,-0.3572265488382517
swine,N2,NA,NA,612,0.030865687474933175
swine,N2,NA,NA,615,0.29053492686965904
swine,N2,NA,NA,618,-0.2850242496654474
swine,N2,NA,NA,621,-0.2721907140459076
swine,N2,NA,NA,627,0.1563278475538082
swine,N2,NA,NA,630,0.3100588024090105
swine,N2,NA,NA,636,0.1998465081448665
swine,N2,NA,NA,639,-0.7498871655595374
swine,N2,NA,NA,642,0.12564927109071078
swine,N2,NA,NA,648,0.05014789582336386
swine,N2,NA,NA,657,-0.12589287643656635
swine,N2,NA,NA,660,-0.6214300370156861
swine,N2,NA,NA,663,-0.045390906106756126
swine,N2,NA,NA,669,-0.14402589118609238
swine,N2,NA,NA,672,-0.02105339262528788
swine,N2,NA,NA,675,0.10697061070390149
swine,N2,NA,NA,678,-0.210287611237679
swine,N2,NA,NA,681,-0.028492590448408607
swine,N2,NA,NA,684,0.23840118800950372
swine,N2,NA,NA,687,-0.287160898439799
swine,N2,NA,NA,690,-0.21574694586298018
swine,N2,NA,NA,693,0.25456896892179554
swine,N2,NA,NA,696,0.4451453666018624
swine,N2,NA,NA,705,0.22977296608205877
swine,N2,NA,NA,711,-1.1882870220175907
swine,N2,NA,NA,717,-0.31480053955598386
swine,N2,NA,NA,720,-0.11476507533937026
swine,N2,NA,NA,732,0.38048410648055725
swine,N2,NA,NA,735,-0.21573147457772526
swine,N2,NA,NA,738,-0.4896660766467172
swine,N2,NA,NA,741,0.3444357339726334
swine,N2,NA,NA,744,0.5647925695462327
swine,N2,NA,NA,747,0.12656861274737982
swine,N2,NA,NA,753,-0.004657608577811321
swine,N2,NA,NA,756,-0.21540337774242968
swine,N2,NA,NA,759,-0.7215094187955761
swine,N2,NA,NA,763,0.25482579272438205
swine,N2,NA,NA,765,-0.21676957010857367
swine,N2,NA,NA,768,-0.2657033264863812
swine,N2,NA,NA,774,0.601485393520733
swine,N2,NA,NA,777,-0.31132814654321495
swine,N2,NA,NA,780,-0.25214796423668995
swine,N2,NA,NA,783,0.15991741005716262
swine,N2,NA,NA,786,0.30052822696312664
swine,N2,NA,NA,789,0.19014780058136688
swine,N2,NA,NA,792,0.03618035900152435
swine,N2,NA,NA,795,-0.10850064473571783
swine,N2,NA,NA,798,-0.288783725924816
swine,N2,NA,NA,801,0.41941326701355963
swine,N2,NA,NA,802,-0.3795877735379316
swine,N2,NA,NA,804,-0.36590377822189896
swine,N2,NA,NA,810,-0.35689255698688604
swine,N2,NA,NA,813,0.3570777867111752
swine,N2,NA,NA,816,0.06968883015707107
swine,N2,NA,NA,819,0.27888121132913285
swine,N2,NA,NA,828,0.24294079037806562
swine,N2,NA,NA,831,0.09679771330530201
swine,N2,NA,NA,834,-0.20079372823740466
swine,N2,NA,NA,837,-0.3709014430489933
swine,N2,NA,NA,840,0.19650053286143282
swine,N2,NA,NA,843,0.43080566232172196
swine,N2,NA,NA,846,-0.2753075790635139
swine,N2,NA,NA,849,-0.3258401295311111
swine,N2,NA,NA,852,0.687712453683591
swine,N2,NA,NA,855,0.3583225679705938
swine,N2,NA,NA,861,0.06640346060116399
swine,N2,NA,NA,864,-0.4590824623822471
swine,N2,NA,NA,870,0.5348491492632566
swine,N2,NA,NA,873,0.47714551303627
swine,N2,NA,NA,876,-0.5483805038696276
swine,N2,NA,NA,879,-0.33125134788938776
swine,N2,NA,NA,882,-0.0349210423652506
swine,N2,NA,NA,888,-0.3660272935327577
swine,N2,NA,NA,891,0.2686732979800917
swine,N2,NA,NA,897,-0.7028442062414352
swine,N2,NA,NA,900,-0.4929941375891683
swine,N2,NA,NA,903,-0.055701645916853525
swine,N2,NA,NA,906,0.46278238701025914
swine,N2,NA,NA,909,-0.7915987158969237
swine,N2,NA,NA,912,-0.4440085045173608
swine,N2,NA,NA,918,0.27140864895854844
swine,N2,NA,NA,921,0.26148264079045697
swine,N2,NA,NA,924,-0.20189259948242322
swine,N2,NA,NA,927,-0.04003605851815835
swine,N2,NA,NA,930,-0.7331951215453517
swine,N2,NA,NA,933,-0.1711720003596166
swine,N2,NA,NA,936,0.1720443736091563
swine,N2,NA,NA,939,-0.3114474696852953
swine,N2,NA,NA,942,0.16359471391248304
swine,N2,NA,NA,945,-0.37870377755510126
swine,N2,NA,NA,951,0.6178121514401409
swine,N2,NA,NA,954,0.10569511593120455
swine,N2,NA,NA,957,0.6725059556446534
swine,N2,NA,NA,960,0.15871408592582592
swine,N2,NA,NA,969,-0.03819375725171427
swine,N2,NA,NA,972,-0.04650897838282749
swine,N2,NA,NA,978,0.568263539418856
swine,N2,NA,NA,981,-0.26627609111722067
swine,N2,NA,NA,984,0.13505013302640004
swine,N2,NA,NA,987,0.03487462739551557
swine,N2,NA,NA,990,0.12668356153932825
swine,N2,NA,NA,993,-0.04823777626874127
swine,N2,NA,NA,996,0.3262403957447398
swine,N2,NA,NA,999,-0.037865369243352064
swine,N2,NA,NA,1002,-0.46874209443846815
swine,N2,NA,NA,1005,0.42894084773296554
swine,N2,NA,NA,1008,0.5040110806984551
swine,N2,NA,NA,1011,0.2575143909597822
swine,N2,NA,NA,1012,0.6938645117276867
swine,N2,NA,NA,1017,0.2028142516934084
swine,N2,NA,NA,1020,0.08941707263571956
swine,N2,NA,NA,1023,0.5991579671263783
swine,N2,NA,NA,1026,0.4290457697990552
swine,N2,NA,NA,1029,0.05137771826497733
swine,N2,NA,NA,1032,-0.6060804676231608
swine,N2,NA,NA,1035,0.5366994403975314
swine,N2,NA,NA,1038,-0.14314348978907804
swine,N2,NA,NA,1044,0.279870628089243
swine,N2,NA,NA,1047,0.49496548998905626
swine,N2,NA,NA,1050,0.23916822185941788
swine,N2,NA,NA,1053,0.08849062457065325
swine,N2,NA,NA,1059,0.14825771453932235
swine,N2,NA,NA,1071,-0.08218438144676442
swine,N2,NA,NA,1077,0.26430725842840364
swine,N2,NA,NA,1080,0.25353296146391624
swine,N2,NA,NA,1089,0.17471716153326108
swine,N2,NA,NA,1092,-0.021627844874955462
swine,N2,NA,NA,1095,0.30570955460278115
swine,N2,NA,NA,1098,0.08694108273340367
swine,N2,NA,NA,1101,0.032990598432619825
swine,N2,NA,NA,1104,-0.18815662250068876
swine,N2,NA,NA,1107,0.04774158525871937
swine,N2,NA,NA,1110,0.3252214539566856
swine,N2,NA,NA,1113,-0.015818751706497963
swine,N2,NA,NA,1116,-0.48373411978550207
swine,N2,NA,NA,1119,0.16773772318561078
swine,N2,NA,NA,1125,-0.19376596888676498
swine,N2,NA,NA,1128,0.29986374657743653
swine,N2,NA,NA,1131,-0.4181654278331573
swine,N2,NA,NA,1134,0.21571971984491894
swine,N2,NA,NA,1137,-0.06606546863374226
swine,N2,NA,NA,1143,0.2480277262313646
swine,N2,NA,NA,1152,0.21087878620628603
swine,N2,NA,NA,1155,0.07809078031457486
swine,N2,NA,NA,1158,0.3609815520306367
swine,N2,NA,NA,1161,1.2392858879670832
swine,N2,NA,NA,1164,-0.23176189518065454
swine,N2,NA,NA,1167,-0.40361069520349957
swine,N2,NA,NA,1173,-0.19069180683195872
swine,N2,NA,NA,1179,-0.15868732755280668
swine,N2,NA,NA,1182,0.07600054439922657
swine,N2,NA,NA,1185,-0.21192474388845967
swine,N2,NA,NA,1197,0.9137714364047329
swine,N2,NA,NA,1200,0.7879239574858561
swine,N2,NA,NA,1203,0.302047081536545
swine,N2,NA,NA,1209,-0.10871401221175128
swine,N2,NA,NA,1212,0.1562232842368715
swine,N2,NA,NA,1215,-0.6698064992118844
swine,N2,NA,NA,1218,-0.5198996420061057
swine,N2,NA,NA,1224,0.01283090128808596
swine,N2,NA,NA,1227,-0.4598152135576133
swine,N2,NA,NA,1230,0.23564273253707171
swine,N2,NA,NA,1233,0.21892231538576348
swine,N2,NA,NA,1239,0.5182653502517298
swine,N2,NA,NA,1242,2.4801863686518
swine,N2,NA,NA,1245,0.04066166850284419
swine,N2,NA,NA,1248,0.026568569951756583
swine,N2,NA,NA,1251,0.354672893732517
swine,N2,NA,NA,1254,0.15445115888538388
swine,N2,NA,NA,1257,-0.41759706134581653
swine,N2,NA,NA,1260,-0.5516664822082261
swine,N2,NA,NA,1263,0.16771856597566084
swine,N2,NA,NA,1266,-0.2725805020609991
swine,N2,NA,NA,1272,0.09526341205379683
swine,N2,NA,NA,1275,-0.35708082234039823
swine,N2,NA,NA,1276,-0.23854539034197236
swine,N2,NA,NA,1278,-0.004124725912998068
swine,N2,NA,NA,1284,-0.06244024342922878
swine,N2,NA,NA,1287,0.11392933664582178
swine,N2,NA,NA,1290,-0.3399434978055417
swine,N2,NA,NA,1293,-0.10592236667238444
swine,N2,NA,NA,1296,-0.10247391681656277
swine,N2,NA,NA,1299,-0.4019850534034355
swine,N2,NA,NA,1302,-0.45894660700456236
swine,N2,NA,NA,1305,-0.9832775882629725
swine,N2,NA,NA,1317,-0.1264946775985737
swine,N2,NA,NA,1323,0.5578471768502737
swine,N2,NA,NA,1326,-0.15878580744587367
swine,N2,NA,NA,1335,-0.46878167563741996
swine,N2,NA,NA,1338,-0.06958442147386036
swine,N2,NA,NA,1344,0.047457824480286064
swine,N2,NA,NA,1347,0.9885950842390276
swine,N2,NA,NA,1350,0.6581139185037876
swine,N2,NA,NA,1353,-0.3643427221136002
swine,N2,NA,NA,1356,-0.0010573665474823896
swine,N2,NA,NA,1362,0.392017830541616
swine,N2,NA,NA,1368,-3.3668643526484603
swine,N2,NA,NA,1383,-0.44344834142096756
swine,N2,NA,NA,1386,-0.15494316221801124
swine,N2,NA,NA,1389,0.584263816295635
swine,N2,NA,NA,1392,-1.528221529617699
swine,N2,NA,NA,1395,-0.11724291858394183
swine,N2,NA,NA,1398,-0.29130176692512066
swine,N2,NA,NA,1404,-0.2851002687267088
swine,N2,NA,NA,1409,1.9980980743556476
swine,all,MP,M1,27,-4.706833521801544
swine,all,MP,M1,30,-0.876926562320304
swine,all,MP,M1,33,-0.07967558302209383
swine,all,MP,M1,36,0.2206972191489173
swine,all,MP,M1,39,-1.0762748918460106
swine,all,MP,M1,42,-0.6096621732481502
swine,all,MP,M1,45,-0.5710316802160437
swine,all,MP,M1,48,-0.40935619339438584
swine,all,MP,M1,51,0.36542355457722886
swine,all,MP,M1,54,-4.611991198906438
swine,all,MP,M1,57,-3.524968636774889
swine,all,MP,M1,60,-3.634851504318126
swine,all,MP,M1,63,-1.5646475543920837
swine,all,MP,M1,66,-3.864619728805079
swine,all,MP,M1,69,-0.6225579709747546
swine,all,MP,M1,72,-0.003988267153407499
swine,all,MP,M1,75,-0.5436468952823159
swine,all,MP,M1,78,-1.7916545043872056
swine,all,MP,M1,81,-1.3738069216755826
swine,all,MP,M1,82,-0.5468903214056001
swine,all,MP,M1,84,-0.7831790076212282
swine,all,MP,M1,87,-0.009685026900064763
swine,all,MP,M1,90,-0.5958723183622534
swine,all,MP,M1,93,0.4116293069538755
swine,all,MP,M1,96,0.004752100599674268
swine,all,MP,M1,99,-0.1775229413058726
swine,all,MP,M1,102,0.5755387836757553
swine,all,MP,M1,105,0.10294478753400657
swine,all,MP,M1,108,-0.1997958578249323
swine,all,MP,M1,111,-0.38757159481747666
swine,all,MP,M1,114,-0.4846769517698779
swine,all,MP,M1,117,0.027572563819316807
swine,all,MP,M1,120,-0.6769579788847294
swine,all,MP,M1,123,-0.2845108287194824
swine,all,MP,M1,126,0.0755026095018299
swine,all,MP,M1,132,0.3257219304209313
swine,all,MP,M1,136,-0.11920386632057021
swine,all,MP,M1,138,-0.5875371991830771
swine,all,MP,M1,141,-2.2727075939189794
swine,all,MP,M1,144,-1.8970161961558516
swine,all,MP,M1,147,-0.7454005174454778
swine,all,MP,M1,150,0.28710462027630956
swine,all,MP,M1,153,-1.526804194141579
swine,all,MP,M1,154,-0.2025527393022279
swine,all,MP,M1,156,-3.059610760954675
swine,all,MP,M1,159,-1.0356934837171667
swine,all,MP,M1,162,-0.7941447244721171
swine,all,MP,M1,163,-0.3333543622334482
swine,all,MP,M1,165,-0.5216264126081691
swine,all,MP,M1,168,-0.008157233562463097
swine,all,MP,M1,171,-0.3950462290177794
swine,all,MP,M1,174,0.3311424610416491
swine,all,MP,M1,177,-0.4779808077025419
swine,all,MP,M1,178,-0.91435508359289
swine,all,MP,M1,180,0.001837743796400032
swine,all,MP,M1,183,0.2603887282474605
swine,all,MP,M1,186,-0.046110018954825006
swine,all,MP,M1,189,0.06744357295804689
swine,all,MP,M1,192,0.07081889316382829
swine,all,MP,M1,195,-2.9150794382394603
swine,all,MP,M1,198,-3.634851504318126
swine,all,MP,M1,201,-3.0600645145056347
swine,all,MP,M1,204,-4.4440400065285255
swine,all,MP,M1,207,-1.3997067595151491
swine,all,MP,M1,210,-0.3702202213738982
swine,all,MP,M1,213,-2.2128996134899364
swine,all,MP,M1,214,-4.086981044941151
swine,all,MP,M1,216,-0.7755099893247736
swine,all,MP,M1,219,-2.2151703247366608
swine,all,MP,M1,220,-4.477083451267385
swine,all,MP,M1,222,-2.8217230519767855
swine,all,MP,M1,225,-0.7251385132114162
swine,all,MP,M1,228,-3.271531146972475
swine,all,MP,M1,231,-1.9000151141027704
swine,all,MP,M1,234,-0.028493166250443902
swine,all,MP,M1,237,0.08230957501985958
swine,all,MP,M1,240,-0.0739286895780279
swine,all,MP,M1,243,-0.29176515556594074
swine,all,MP,M1,246,0.24495590406957116
swine,all,MP,M1,249,-0.29397214569129315
swine,all,MP,M1,250,0.08118564129892225
swine,all,MP,M1,252,-0.4831078847805487
swine,all,MP,M1,255,-0.003795214385811485
swine,all,MP,M1,258,-0.18697429949396527
swine,all,MP,M1,261,0.46087915860211576
swine,all,MP,M1,264,-1.0454909992901908
swine,all,MP,M1,267,-0.048488997923272784
swine,all,MP,M1,270,0.16901472008655835
swine,all,MP,M1,273,0.31373024453985576
swine,all,MP,M1,276,0.46518753336404417
swine,all,MP,M1,282,-0.39705501548749367
swine,all,MP,M1,285,0.17574653260322246
swine,all,MP,M1,288,-0.420997208647825
swine,all,MP,M1,291,0.3556945930255233
swine,all,MP,M1,294,-0.19191459107976896
swine,all,MP,M1,295,0.3803249731941359
swine,all,MP,M1,297,0.08949003213018754
swine,all,MP,M1,300,0.3639603265768628
swine,all,MP,M1,303,-0.20753015071905434
swine,all,MP,M1,306,0.3229146726997902
swine,all,MP,M1,307,0.24956680538098125
swine,all,MP,M1,309,-0.0301967175621759
swine,all,MP,M1,312,-0.41296274953390694
swine,all,MP,M1,315,-0.15728667851943756
swine,all,MP,M1,318,0.11847946321178035
swine,all,MP,M1,324,0.07273938347304716
swine,all,MP,M1,327,-0.08786940065571114
swine,all,MP,M1,330,-0.08726181035005445
swine,all,MP,M1,333,-0.40563718159367224
swine,all,MP,M1,336,0.40293658433753865
swine,all,MP,M1,339,0.6232934929525135
swine,all,MP,M1,342,-0.11629851886419156
swine,all,MP,M1,345,-0.022075838126488473
swine,all,MP,M1,348,-0.010096060083917526
swine,all,MP,M1,349,0.281358534797406
swine,all,MP,M1,351,-0.2947667946316955
swine,all,MP,M1,354,-0.6125167108541695
swine,all,MP,M1,357,0.23918156996108786
swine,all,MP,M1,360,0.1258433869641021
swine,all,MP,M1,363,-0.06357923846971726
swine,all,MP,M1,366,-0.3473026647425001
swine,all,MP,M1,369,-0.3012777593474817
swine,all,MP,M1,372,-0.38394207697118216
swine,all,MP,M1,375,-0.4659341695498924
swine,all,MP,M1,378,0.2274508309668235
swine,all,MP,M1,381,0.5601151914149287
swine,all,MP,M1,387,-0.05742564608612227
swine,all,MP,M1,390,0.44807740912578925
swine,all,MP,M1,396,0.14831817042970444
swine,all,MP,M1,399,0.10462971059444082
swine,all,MP,M1,402,0.23033313646746753
swine,all,MP,M1,408,0.336307868082938
swine,all,MP,M1,411,0.37972513378715234
swine,all,MP,M1,414,0.44381521549663655
swine,all,MP,M1,417,-0.007966923813514215
swine,all,MP,M1,420,-0.20939457776617076
swine,all,MP,M1,423,0.24978734758261217
swine,all,MP,M1,426,0.2875546200482435
swine,all,MP,M1,429,0.6708548707954178
swine,all,MP,M1,432,0.21574899791170782
swine,all,MP,M1,435,-0.08017898038850112
swine,all,MP,M1,436,-0.09569116022967389
swine,all,MP,M1,438,-0.014291662069272841
swine,all,MP,M1,441,-0.10092608451947867
swine,all,MP,M1,444,0.5030296630117073
swine,all,MP,M1,447,-0.2510244105357361
swine,all,MP,M1,450,0.5136951585640821
swine,all,MP,M1,453,-0.3661386611675359
swine,all,MP,M1,456,0.016924608394619983
swine,all,MP,M1,459,-0.1987982619401473
swine,all,MP,M1,462,0.17399851354618145
swine,all,MP,M1,465,-0.2220557266629843
swine,all,MP,M1,468,0.457252021093395
swine,all,MP,M1,471,-0.2611673932473332
swine,all,MP,M1,474,-0.656079192049407
swine,all,MP,M1,477,-0.020054052206893335
swine,all,MP,M1,478,-0.012830883737067922
swine,all,MP,M1,480,-0.6005405681326449
swine,all,MP,M1,483,-0.17772112358421766
swine,all,MP,M1,486,-0.36873954709593826
swine,all,MP,M1,489,-0.22249391735562024
swine,all,MP,M1,492,0.10595955218727152
swine,all,MP,M1,498,0.5482747753870861
swine,all,MP,M1,501,0.3559185918896035
swine,all,MP,M1,504,0.36060682727090543
swine,all,MP,M1,507,0.05723227515871433
swine,all,MP,M1,510,0.24901135806473518
swine,all,MP,M1,513,-0.2967491906650671
swine,all,MP,M1,514,0.40230321640432243
swine,all,MP,M1,516,-0.3973136388893827
swine,all,MP,M1,519,0.13656276143252707
swine,all,MP,M1,522,0.011690913152792616
swine,all,MP,M1,525,-0.4211217279966243
swine,all,MP,M1,528,0.045247645216635
swine,all,MP,M1,531,-0.06472022962667441
swine,all,MP,M1,534,-0.2187619328672379
swine,all,MP,M1,540,0.2765085683523001
swine,all,MP,M1,541,-0.812523033398169
swine,all,MP,M1,543,0.31215016835036274
swine,all,MP,M1,546,-0.5800658327015622
swine,all,MP,M1,549,0.04220777634776142
swine,all,MP,M1,552,0.41752551297470114
swine,all,MP,M1,555,0.22158070811446973
swine,all,MP,M1,558,-0.6129692761912579
swine,all,MP,M1,561,-0.2723343168551698
swine,all,MP,M1,564,-0.13904564261435895
swine,all,MP,M1,570,0.4530970815804819
swine,all,MP,M1,573,-0.30376299094290554
swine,all,MP,M1,579,-0.6576711053176759
swine,all,MP,M1,582,0.21930994140182494
swine,all,MP,M1,585,-0.25090394978281555
swine,all,MP,M1,588,0.1624185337153255
swine,all,MP,M1,591,0.13259324866490563
swine,all,MP,M1,594,-0.4019550911889081
swine,all,MP,M1,597,-0.13450753115336492
swine,all,MP,M1,600,0.1322740874001577
swine,all,MP,M1,603,-0.3431869123629268
swine,all,MP,M1,606,0.542621507152081
swine,all,MP,M1,612,0.12025054114890253
swine,all,MP,M1,615,0.008466053517339351
swine,all,MP,M1,618,0.22882244975581773
swine,all,MP,M1,621,0.012207672038090277
swine,all,MP,M1,624,0.05808659235293063
swine,all,MP,M1,627,-0.6570594231600715
swine,all,MP,M1,630,0.12078091214950229
swine,all,MP,M1,633,-0.4719151253270758
swine,all,MP,M1,639,0.269702537057928
swine,all,MP,M1,642,0.26525787313438526
swine,all,MP,M1,645,0.13948413286702585
swine,all,MP,M1,651,-0.2716584290203941
swine,all,MP,M1,654,0.32913140654248024
swine,all,MP,M1,657,0.3455096875297343
swine,all,MP,M1,660,-0.4254442442978345
swine,all,MP,M1,663,0.06616247478991154
swine,all,MP,M1,666,0.4912117091337907
swine,all,MP,M1,669,-0.3498727875402746
swine,all,MP,M1,672,1.0731655257017618
swine,all,MP,M1,675,-0.3234044804640649
swine,all,MP,M1,678,0.34146858955589693
swine,all,MP,M1,681,0.05946189459426071
swine,all,MP,M1,684,-1.6935467543612879
swine,all,MP,M1,685,0.25422622589182176
swine,all,MP,M1,687,-0.2170294032207574
swine,all,MP,M1,690,0.3714679034795839
swine,all,MP,M1,693,-0.6272819796675667
swine,all,MP,M1,696,-0.13517175450849866
swine,all,MP,M1,699,-1.1079903246369447
swine,all,MP,M1,702,-0.001268966242641614
swine,all,MP,M1,705,-4.0838808247433
swine,all,MP,M1,708,-1.060866129896747
swine,all,MP,M1,709,-1.0621198133055227
swine,all,MP,M1,711,0.343726796117065
swine,all,MP,M1,714,-4.789961138003926
swine,all,MP,M2,760,0.2507603681294626
swine,all,MP,M2,763,-1.040431884926453
swine,all,MP,M2,766,-0.9245150441733985
swine,all,MP,M2,769,-0.5206448219776091
swine,all,MP,M2,772,0.6020121087028264
swine,all,MP,M2,775,0.3402406739177892
swine,all,MP,M2,778,0.07770462179008872
swine,all,MP,M2,781,0.30617060062997176
swine,all,MP,M2,784,-0.3036472402444239
swine,all,MP,M2,787,0.39743173357756795
swine,all,MP,M2,790,0.1971497625846147
swine,all,MP,M2,793,0.24031328610987254
swine,all,MP,M2,794,-0.3607949801601163
swine,all,MP,M2,796,-4.444408345625015
swine,all,MP,M2,799,-4.809835871233157
swine,all,MP,M2,800,0.658787273179742
swine,all,MP,M2,802,-1.935774358222026
swine,all,MP,M2,806,-0.17382083244904617
swine,all,MP,M2,808,-1.2820676222214396
swine,all,MP,M2,814,-0.46790981618212885
swine,all,MP,M2,817,0.12864494906962542
swine,all,MP,M2,820,-2.2783766340056393
swine,all,MP,M2,823,-0.19041851949142044
swine,all,MP,M2,826,-0.3401803078524669
swine,all,MP,M2,829,0.004912857437047032
swine,all,MP,M2,832,-1.4734555857271996
swine,all,MP,M2,835,-1.361286746268903
swine,all,MP,M2,838,0.7856736772708448
swine,all,MP,M2,841,0.3786170038689359
swine,all,MP,M2,844,0.01655382755937679
swine,all,MP,M2,847,-3.312764397475198
swine,all,MP,M2,850,-0.5281426051848914
swine,all,MP,M2,853,-1.1578462897651578
swine,all,MP,M2,856,-1.3688849871001967
swine,all,MP,M2,859,-3.5460142970388135
swine,all,MP,M2,862,0.15770286739290784
swine,all,MP,M2,863,-1.4175403927807846
swine,all,MP,M2,865,-1.1853901891341523
swine,all,MP,M2,868,-1.5103653406788407
swine,all,MP,M2,871,-2.6126729883305644
swine,all,MP,M2,874,-1.9731988740454522
swine,all,MP,M2,877,-0.9435607660182777
swine,all,MP,M2,880,-1.4182185469420814
swine,all,MP,M2,883,-2.6764293015660616
swine,all,MP,M2,886,-1.4223724911426023
swine,all,MP,M2,889,-0.15031447273041335
swine,all,MP,M2,892,-0.35261841733197274
swine,all,MP,M2,895,-1.1586860564979824
swine,all,MP,M2,898,-0.8476773302952764
swine,all,MP,M2,901,-0.6083788303495201
swine,all,MP,M2,907,-4.954675093945294
swine,all,MP,M2,910,-0.19519781501287425
swine,all,MP,M2,913,0.06350634265858779
swine,all,MP,M2,916,0.27019942526183666
swine,all,MP,M2,919,0.04820061246580301
swine,all,MP,M2,922,-1.6547827462097708
swine,all,MP,M2,925,0.32282499918081564
swine,all,MP,M2,928,-3.679211098190708
swine,all,MP,M2,931,-2.612162457422094
swine,all,MP,M2,934,-0.9487482271227238
swine,all,MP,M2,937,-0.9152696003677498
swine,all,MP,M2,940,-0.7774676448246216
swine,all,MP,M2,943,-2.4694623184456677
swine,all,MP,M2,946,-3.4393930308455625
swine,all,MP,M2,949,-5.149128124475034
swine,all,MP,M2,952,0.3361687364309294
swine,all,MP,M2,955,-2.467769438280609
swine,all,MP,M2,958,-4.031065482195826
swine,all,MP,M2,961,-2.3407099078619704
swine,all,MP,M2,964,-3.6348452323185505
swine,all,MP,M2,967,-4.103208897179753
swine,all,MP,M2,973,-2.553668029402092
swine,all,MP,M2,974,-0.6116439826174375
swine,all,MP,M2,976,0.41423367768338915
swine,all,MP,M2,979,-1.5018277130553923
swine,all,MP,M2,981,-2.7486343194364986
swine,all,MP,M2;M1,6,-0.12558778701224874
swine,all,MP,M2;M1,9,-0.975684659560933
swine,all,MP,M2;M1,10,-2.0554870426407095
swine,all,MP,M2;M1,12,-0.31420161081872205
swine,all,MP,M2;M1,15,-1.0259830182059113
swine,all,MP,M2;M1,18,-2.3904730029710115
swine,all,MP,M2;M1,21,-1.3369040476725484
swine,all,MP,M2;M1,24,-2.4747196315270164
swine,all,NP,NP,6,-1.5462836437186995
swine,all,NP,NP,9,-0.12656806917228394
swine,all,NP,NP,12,-0.5605841229886793
swine,all,NP,NP,15,-1.7110606106093345
swine,all,NP,NP,18,-3.328948577087014
swine,all,NP,NP,21,-1.3605026281456478
swine,all,NP,NP,22,-3.5128005702247957
swine,all,NP,NP,24,-0.3834831999506253
swine,all,NP,NP,30,-0.7133523621024425
swine,all,NP,NP,33,0.23864217850621167
swine,all,NP,NP,36,0.17957120544581812
swine,all,NP,NP,42,-0.25562032962348336
swine,all,NP,NP,48,-1.4419760240779713
swine,all,NP,NP,51,0.32504439141690417
swine,all,NP,NP,54,0.5462615162910474
swine,all,NP,NP,57,-1.4579676467830291
swine,all,NP,NP,60,-0.730010897107249
swine,all,NP,NP,63,-0.7855389822243826
swine,all,NP,NP,66,0.3651355512090207
swine,all,NP,NP,72,0.33432397364580424
swine,all,NP,NP,75,-0.060095680612379215
swine,all,NP,NP,78,-0.5264215432395536
swine,all,NP,NP,84,0.33047576180938265
swine,all,NP,NP,87,-0.04238745951336305
swine,all,NP,NP,90,0.0072199818123483035
swine,all,NP,NP,93,-0.3419488495148559
swine,all,NP,NP,105,0.2061424562268698
swine,all,NP,NP,108,-0.08375102684543738
swine,all,NP,NP,111,0.13145101952364394
swine,all,NP,NP,114,0.17673313340834654
swine,all,NP,NP,117,-0.059351703974501506
swine,all,NP,NP,120,-0.6932354015218958
swine,all,NP,NP,123,-0.17963910473848954
swine,all,NP,NP,126,-0.1233219350234475
swine,all,NP,NP,132,-0.044145995203861685
swine,all,NP,NP,135,0.32241802053299873
swine,all,NP,NP,138,-0.016126514252022793
swine,all,NP,NP,141,-0.01691828184430319
swine,all,NP,NP,144,0.0784946235103234
swine,all,NP,NP,147,-0.2296581288104456
swine,all,NP,NP,153,-0.040244730033874465
swine,all,NP,NP,156,0.2625903942411537
swine,all,NP,NP,159,0.42978142037939354
swine,all,NP,NP,162,0.3056881650337525
swine,all,NP,NP,163,-0.06553679754035868
swine,all,NP,NP,165,0.1708681166653993
swine,all,NP,NP,166,0.2880674056446682
swine,all,NP,NP,168,-0.3436166223869044
swine,all,NP,NP,171,0.19856144729303601
swine,all,NP,NP,174,0.1904989822382313
swine,all,NP,NP,177,-0.2744497818091194
swine,all,NP,NP,180,0.14882272607580369
swine,all,NP,NP,186,0.5125448062406252
swine,all,NP,NP,192,-0.5365615313979335
swine,all,NP,NP,195,-0.2627512606385529
swine,all,NP,NP,201,-0.23686644518675226
swine,all,NP,NP,204,-0.42782840905278485
swine,all,NP,NP,207,-0.4828887525696117
swine,all,NP,NP,210,-0.06353802940664408
swine,all,NP,NP,213,0.29369279466390336
swine,all,NP,NP,216,0.23823542179083407
swine,all,NP,NP,219,0.04254898065806102
swine,all,NP,NP,222,-0.6228086679504631
swine,all,NP,NP,225,-0.5201394902059353
swine,all,NP,NP,228,0.05463441458475753
swine,all,NP,NP,231,-0.2848804506755275
swine,all,NP,NP,234,-0.4460964958931365
swine,all,NP,NP,235,0.09908188836473106
swine,all,NP,NP,237,-0.43604114040072334
swine,all,NP,NP,240,-0.33929853798262377
swine,all,NP,NP,243,0.2281744032522831
swine,all,NP,NP,246,-0.21556428626089205
swine,all,NP,NP,249,-0.35704567304628804
swine,all,NP,NP,255,-0.334819798297683
swine,all,NP,NP,258,-0.28679250806029694
swine,all,NP,NP,261,0.4995811613063301
swine,all,NP,NP,264,0.20777913610372814
swine,all,NP,NP,267,-0.020235124982356585
swine,all,NP,NP,270,-2.390925476239457
swine,all,NP,NP,273,-0.2302422405321814
swine,all,NP,NP,279,-0.6247115496747007
swine,all,NP,NP,282,0.2059236946172322
swine,all,NP,NP,285,0.674407184483216
swine,all,NP,NP,291,-0.19462740869822823
swine,all,NP,NP,294,-0.8252741519347905
swine,all,NP,NP,297,-0.8145553675273417
swine,all,NP,NP,300,0.21707806626390413
swine,all,NP,NP,303,-0.6626288950168554
swine,all,NP,NP,306,0.5353076497838708
swine,all,NP,NP,309,0.03579296039338229
swine,all,NP,NP,318,-0.9641840750315317
swine,all,NP,NP,321,0.14364745475037008
swine,all,NP,NP,327,0.2478111137323623
swine,all,NP,NP,330,-0.16962298930675138
swine,all,NP,NP,333,0.19662287818644922
swine,all,NP,NP,336,-0.02467186534211025
swine,all,NP,NP,339,-0.45250023295653635
swine,all,NP,NP,342,-0.19426051505647313
swine,all,NP,NP,345,-0.5352880809015597
swine,all,NP,NP,351,0.09432827235555279
swine,all,NP,NP,354,-0.7612495605018975
swine,all,NP,NP,357,-0.26870101228856047
swine,all,NP,NP,363,-0.2782447004219196
swine,all,NP,NP,366,-0.05932330606272328
swine,all,NP,NP,372,-0.4198002977123176
swine,all,NP,NP,375,-0.2735718958828068
swine,all,NP,NP,378,0.20100264424512568
swine,all,NP,NP,381,-0.6379682958126339
swine,all,NP,NP,384,0.12928515423801232
swine,all,NP,NP,396,-0.06541680097337466
swine,all,NP,NP,399,0.04961396015587305
swine,all,NP,NP,402,0.33348345130722357
swine,all,NP,NP,405,0.41622158229497724
swine,all,NP,NP,406,1.2569857478119637
swine,all,NP,NP,408,1.0962108754692435
swine,all,NP,NP,414,0.2781623791461873
swine,all,NP,NP,420,0.009789129130786129
swine,all,NP,NP,423,0.27749664929245155
swine,all,NP,NP,426,0.32375687673621023
swine,all,NP,NP,427,0.4866791204659241
swine,all,NP,NP,429,-0.05837727435932322
swine,all,NP,NP,432,-0.48915068450915106
swine,all,NP,NP,435,0.3549125087439242
swine,all,NP,NP,438,0.3077747648204085
swine,all,NP,NP,441,0.14841297627921515
swine,all,NP,NP,444,0.3263857938340765
swine,all,NP,NP,447,-0.46722520231990683
swine,all,NP,NP,450,-0.2516990073585049
swine,all,NP,NP,453,0.24624566351698257
swine,all,NP,NP,456,-0.19589547251356743
swine,all,NP,NP,459,0.3093423372268034
swine,all,NP,NP,460,0.9582628915422796
swine,all,NP,NP,465,0.296621865132547
swine,all,NP,NP,468,0.6831626804799074
swine,all,NP,NP,471,0.3808627175889272
swine,all,NP,NP,474,0.20743888267256072
swine,all,NP,NP,480,0.2465453878865894
swine,all,NP,NP,483,-0.09352705044995843
swine,all,NP,NP,486,-0.1620236002529601
swine,all,NP,NP,492,-0.07512930518782582
swine,all,NP,NP,495,0.051155961717752226
swine,all,NP,NP,496,-0.6183937929581478
swine,all,NP,NP,498,-0.7592106355234257
swine,all,NP,NP,504,0.22981127108320143
swine,all,NP,NP,507,0.21909807021042843
swine,all,NP,NP,516,0.06469267388585914
swine,all,NP,NP,522,-0.4533311062385935
swine,all,NP,NP,525,0.1158889511399264
swine,all,NP,NP,528,-0.6518839934567192
swine,all,NP,NP,531,0.2503441538104502
swine,all,NP,NP,534,0.14949411269141172
swine,all,NP,NP,546,0.5030274916265163
swine,all,NP,NP,549,0.04393752780668418
swine,all,NP,NP,552,-0.4280260723624359
swine,all,NP,NP,555,-0.23634435365722736
swine,all,NP,NP,561,0.4021484690861634
swine,all,NP,NP,564,0.5144534293805585
swine,all,NP,NP,570,-0.5396370315239463
swine,all,NP,NP,576,0.09983229602641144
swine,all,NP,NP,579,0.476356827784759
swine,all,NP,NP,585,-0.31486049304223346
swine,all,NP,NP,591,0.835015121863824
swine,all,NP,NP,594,-0.23888438093828973
swine,all,NP,NP,597,0.5913259471323362
swine,all,NP,NP,600,0.573934791500025
swine,all,NP,NP,603,0.007460506085789409
swine,all,NP,NP,606,0.2404591253172582
swine,all,NP,NP,609,-0.41728952828236787
swine,all,NP,NP,610,0.2309320813572751
swine,all,NP,NP,612,-0.1598972696107937
swine,all,NP,NP,615,0.7180033181465098
swine,all,NP,NP,618,0.15896742948238038
swine,all,NP,NP,624,-0.091844648508076
swine,all,NP,NP,627,0.2397305209764449
swine,all,NP,NP,630,-0.07325217880442017
swine,all,NP,NP,633,0.39830549544603877
swine,all,NP,NP,636,0.3407712392348524
swine,all,NP,NP,637,0.3631818588225397
swine,all,NP,NP,639,0.10426810969509236
swine,all,NP,NP,642,0.7120388645665009
swine,all,NP,NP,648,-0.015552465129146133
swine,all,NP,NP,657,0.19711478949578354
swine,all,NP,NP,660,-0.6216718430854479
swine,all,NP,NP,663,-0.29276920117859734
swine,all,NP,NP,669,-0.7510779724199033
swine,all,NP,NP,672,0.06669025014891186
swine,all,NP,NP,675,0.11267041171905452
swine,all,NP,NP,678,0.09357216323858637
swine,all,NP,NP,681,0.1285765831381417
swine,all,NP,NP,684,0.7036265536772787
swine,all,NP,NP,687,0.04323352657691
swine,all,NP,NP,690,0.4005437801400555
swine,all,NP,NP,693,-0.18291583514935858
swine,all,NP,NP,702,-0.18393711996512827
swine,all,NP,NP,705,0.31689916229968174
swine,all,NP,NP,708,-0.22692040796090107
swine,all,NP,NP,720,0.1227416856247273
swine,all,NP,NP,723,0.3518533403642751
swine,all,NP,NP,726,0.03596181842093588
swine,all,NP,NP,729,0.10992469020234286
swine,all,NP,NP,732,-0.31029950392966976
swine,all,NP,NP,735,0.10535772124636143
swine,all,NP,NP,736,0.011722567336239208
swine,all,NP,NP,738,-0.013123668842739149
swine,all,NP,NP,741,0.21346244764880107
swine,all,NP,NP,747,0.3444704565736571
swine,all,NP,NP,750,0.6429293013752437
swine,all,NP,NP,753,0.31565708292856365
swine,all,NP,NP,756,-0.024286405310360092
swine,all,NP,NP,762,-0.6709473289565965
swine,all,NP,NP,765,-0.555151502866566
swine,all,NP,NP,768,0.7391052960206033
swine,all,NP,NP,771,0.3075574135018634
swine,all,NP,NP,774,0.1634077449418469
swine,all,NP,NP,775,0.03955449987052374
swine,all,NP,NP,777,-0.025875964208515942
swine,all,NP,NP,780,0.16273503708603843
swine,all,NP,NP,781,0.05726867451113857
swine,all,NP,NP,783,0.020515513354899144
swine,all,NP,NP,792,0.11316825479062301
swine,all,NP,NP,795,-0.32746174924271365
swine,all,NP,NP,796,-0.439977905159255
swine,all,NP,NP,798,0.3008887697143029
swine,all,NP,NP,801,0.21943523403755016
swine,all,NP,NP,804,0.19534638303159665
swine,all,NP,NP,816,0.48838078884207303
swine,all,NP,NP,819,-0.0273016825699669
swine,all,NP,NP,822,-0.09775617722457924
swine,all,NP,NP,825,0.1459721970330244
swine,all,NP,NP,826,0.7910397368525336
swine,all,NP,NP,828,-0.16554679504102401
swine,all,NP,NP,831,0.4731865152192441
swine,all,NP,NP,834,0.022497374756318966
swine,all,NP,NP,837,-0.10453785385666739
swine,all,NP,NP,840,0.2944884776247011
swine,all,NP,NP,843,0.008570530304918953
swine,all,NP,NP,846,0.3375211099469273
swine,all,NP,NP,849,0.2931749504923228
swine,all,NP,NP,855,0.005872194234471856
swine,all,NP,NP,861,-0.2208331154540819
swine,all,NP,NP,864,-0.30976421664239384
swine,all,NP,NP,867,-0.520893455355288
swine,all,NP,NP,870,-0.12806356574776703
swine,all,NP,NP,876,-0.07972184725514711
swine,all,NP,NP,879,0.45113340696269644
swine,all,NP,NP,882,0.12294063481693841
swine,all,NP,NP,885,0.29102767088469456
swine,all,NP,NP,888,0.861959956734357
swine,all,NP,NP,892,-0.38746205480988594
swine,all,NP,NP,894,-0.19537878855583413
swine,all,NP,NP,897,0.19274611763772015
swine,all,NP,NP,900,0.03595641833863656
swine,all,NP,NP,906,0.14321647921506642
swine,all,NP,NP,909,1.27330764926548
swine,all,NP,NP,912,0.5432336632328638
swine,all,NP,NP,915,-0.8410493473688488
swine,all,NP,NP,916,0.8490580128493312
swine,all,NP,NP,918,0.3653518911659242
swine,all,NP,NP,921,-0.38356198890349436
swine,all,NP,NP,924,0.3398568544178061
swine,all,NP,NP,927,-0.0792707776054825
swine,all,NP,NP,930,0.26954479343585147
swine,all,NP,NP,933,-0.05694238894075219
swine,all,NP,NP,936,0.24855992588307527
swine,all,NP,NP,939,-0.24850161849390268
swine,all,NP,NP,942,-0.30498154767450936
swine,all,NP,NP,943,0.18080885148013534
swine,all,NP,NP,945,-0.22048929570022857
swine,all,NP,NP,951,-0.14335712224763347
swine,all,NP,NP,954,0.4194763383870755
swine,all,NP,NP,957,-0.7012634986138424
swine,all,NP,NP,960,0.14958338154848305
swine,all,NP,NP,963,0.4374398950522973
swine,all,NP,NP,969,0.5504391501756923
swine,all,NP,NP,972,0.38576232377813396
swine,all,NP,NP,975,-0.407664190643893
swine,all,NP,NP,978,0.5062488883953254
swine,all,NP,NP,981,0.36530733965826767
swine,all,NP,NP,982,-0.8535748392978297
swine,all,NP,NP,984,0.22368343472445343
swine,all,NP,NP,987,0.01993789312737495
swine,all,NP,NP,999,-0.18848444449970977
swine,all,NP,NP,1002,0.6474306460633708
swine,all,NP,NP,1005,-0.034461797039620545
swine,all,NP,NP,1017,-0.13832382464842877
swine,all,NP,NP,1020,-0.022673391291468475
swine,all,NP,NP,1021,0.33972358538277253
swine,all,NP,NP,1023,0.2580584081071823
swine,all,NP,NP,1026,-0.11772435456767599
swine,all,NP,NP,1029,-0.024924511291743986
swine,all,NP,NP,1032,0.15845854890954325
swine,all,NP,NP,1035,-0.01830576561299692
swine,all,NP,NP,1044,-0.8580804507493279
swine,all,NP,NP,1047,0.8639844498324526
swine,all,NP,NP,1050,-0.08004932014880634
swine,all,NP,NP,1053,0.082271784817773
swine,all,NP,NP,1056,-0.24316996542459804
swine,all,NP,NP,1059,0.14228253845583477
swine,all,NP,NP,1065,-0.4595692178532166
swine,all,NP,NP,1068,0.7064969403043129
swine,all,NP,NP,1071,0.42816018053052796
swine,all,NP,NP,1074,0.18025048386786732
swine,all,NP,NP,1077,-0.0072018477345344644
swine,all,NP,NP,1083,-0.6224549739953327
swine,all,NP,NP,1086,-0.2326916063434795
swine,all,NP,NP,1089,0.4814417586129865
swine,all,NP,NP,1092,-0.19876131081525697
swine,all,NP,NP,1098,-0.17568735486042245
swine,all,NP,NP,1101,0.1791734712961738
swine,all,NP,NP,1104,-0.2720245426935187
swine,all,NP,NP,1107,0.008674963777168367
swine,all,NP,NP,1110,0.4741589582926895
swine,all,NP,NP,1113,-0.3053830158725619
swine,all,NP,NP,1116,0.2666707529138075
swine,all,NP,NP,1125,0.4033951946789836
swine,all,NP,NP,1128,-0.11214628768657467
swine,all,NP,NP,1131,0.08561429034183404
swine,all,NP,NP,1134,0.7934160126112761
swine,all,NP,NP,1135,-0.006116431041474947
swine,all,NP,NP,1137,-1.055146197661309
swine,all,NP,NP,1140,0.14249322880127108
swine,all,NP,NP,1141,0.009407024164268066
swine,all,NP,NP,1146,-0.04569097314228481
swine,all,NP,NP,1149,-0.357127594850633
swine,all,NP,NP,1152,-0.10105039019395266
swine,all,NP,NP,1155,-0.7284027698726719
swine,all,NP,NP,1161,0.3420603595365161
swine,all,NP,NP,1167,0.23172310197410012
swine,all,NP,NP,1170,-0.2383798540864287
swine,all,NP,NP,1173,0.41700999674290856
swine,all,NP,NP,1176,-0.09596992290845036
swine,all,NP,NP,1179,0.09998925169083675
swine,all,NP,NP,1182,0.1364391665275557
swine,all,NP,NP,1185,-0.08314842749193743
swine,all,NP,NP,1188,0.3450132801495339
swine,all,NP,NP,1191,0.2650072299652471
swine,all,NP,NP,1194,0.10535672890699917
swine,all,NP,NP,1197,-0.09480450466129936
swine,all,NP,NP,1200,0.12280458361899169
swine,all,NP,NP,1206,0.3153732811192068
swine,all,NP,NP,1209,0.27473728923813334
swine,all,NP,NP,1212,0.20998507430003152
swine,all,NP,NP,1215,0.04852343163200113
swine,all,NP,NP,1218,0.023739682229564244
swine,all,NP,NP,1224,-0.08752173819475595
swine,all,NP,NP,1227,0.24392362250213173
swine,all,NP,NP,1230,0.3277616933315379
swine,all,NP,NP,1236,0.23849041796845777
swine,all,NP,NP,1239,0.1173707814215207
swine,all,NP,NP,1242,0.22318178090000956
swine,all,NP,NP,1245,0.20132792855274592
swine,all,NP,NP,1246,-0.6192461504494914
swine,all,NP,NP,1248,-0.09154516895997875
swine,all,NP,NP,1251,0.21215319064717
swine,all,NP,NP,1254,-0.0325974010789821
swine,all,NP,NP,1257,1.0071292011776003
swine,all,NP,NP,1260,0.8760796159513428
swine,all,NP,NP,1263,-0.21957530035730918
swine,all,NP,NP,1266,-0.4142323818068064
swine,all,NP,NP,1269,0.6576056384577283
swine,all,NP,NP,1272,-0.5939176703883932
swine,all,NP,NP,1275,0.24252410187004125
swine,all,NP,NP,1281,0.11351319564096432
swine,all,NP,NP,1290,0.2800263494134455
swine,all,NP,NP,1293,0.196661979855553
swine,all,NP,NP,1296,0.3061932609692119
swine,all,NP,NP,1299,0.27788008218993865
swine,all,NP,NP,1302,0.47619729601916677
swine,all,NP,NP,1305,0.48188729712218087
swine,all,NP,NP,1306,0.07365950403907541
swine,all,NP,NP,1308,0.2971302776247583
swine,all,NP,NP,1314,-0.4378443724414231
swine,all,NP,NP,1317,0.2998527480013795
swine,all,NP,NP,1321,-0.3025290995376075
swine,all,NP,NP,1323,0.3464846783816876
swine,all,NP,NP,1329,-0.6984580895523841
swine,all,NP,NP,1332,0.5464955658808417
swine,all,NP,NP,1338,0.10069927960056872
swine,all,NP,NP,1347,0.2988254796058666
swine,all,NP,NP,1356,0.6224769083270816
swine,all,NP,NP,1359,0.24793758598655605
swine,all,NP,NP,1362,0.19451419042988993
swine,all,NP,NP,1365,-0.3117151587144455
swine,all,NP,NP,1366,0.3880765278624169
swine,all,NP,NP,1368,-1.9656368480845519
swine,all,NP,NP,1371,0.4485076702807825
swine,all,NP,NP,1374,-0.5045511326707712
swine,all,NP,NP,1377,-0.13835018179355935
swine,all,NP,NP,1380,-0.4451755665592633
swine,all,NP,NP,1381,-1.624637567241985
swine,all,NP,NP,1383,-1.5018184249343816
swine,all,NP,NP,1386,-1.3603462832930915
swine,all,NP,NP,1389,-0.4316093979407718
swine,all,NP,NP,1392,-1.6260341130601226
swine,all,NP,NP,1395,-4.281146447558356
swine,all,NP,NP,1398,-0.1408721895469369
swine,all,NP,NP,1401,-0.5686742972911722
swine,all,NP,NP,1404,-0.9579833677843682
swine,all,NP,NP,1407,-2.3600190419601046
swine,all,NP,NP,1410,-2.6810814044761337
swine,all,NP,NP,1416,-2.177866225290377
swine,all,NP,NP,1419,-4.197045611651943
swine,all,NP,NP,1422,-2.0485623318447987
swine,all,NP,NP,1425,-3.099876207510591
swine,all,NP,NP,1428,-2.3364595628562665
swine,all,NP,NP,1431,-0.3812539651652198
swine,all,NP,NP,1434,-0.08214493818969197
swine,all,NP,NP,1440,-1.1247556587591419
swine,all,NP,NP,1446,-0.5932593639502323
swine,all,NP,NP,1449,0.7683800913286195
swine,all,NP,NP,1452,-0.14267616945906922
swine,all,NP,NP,1455,0.05053384267457156
swine,all,NP,NP,1458,-3.523945395353764
swine,all,NP,NP,1461,-1.0072957193973666
swine,all,NP,NP,1464,-2.580220127205368
swine,all,NP,NP,1467,-1.3897285779354243
swine,all,NP,NP,1470,-3.935627987418441
swine,all,NP,NP,1473,-2.4235483818588803
swine,all,NP,NP,1476,-1.162501326048007
swine,all,NP,NP,1482,-0.7088164159140355
swine,all,NP,NP,1485,-0.5464827345373859
swine,all,NP,NP,1491,-0.6387586490794003
swine,all,NP,NP,1494,-0.20537154371390728
swine,all,NP,NP,1496,0.13798880313019687
swine,all,NS,NEP,715,-0.09134370071371596
swine,all,NS,NEP,718,-0.433315969569337
swine,all,NS,NEP,721,0.5154991129136155
swine,all,NS,NEP,722,-0.253359648059927
swine,all,NS,NEP,724,0.014632588140463879
swine,all,NS,NEP,727,0.31560180201829136
swine,all,NS,NEP,730,-0.3886756986262174
swine,all,NS,NEP,731,-0.33483200565910354
swine,all,NS,NEP,733,0.39910014343092026
swine,all,NS,NEP,736,-0.006882578154861471
swine,all,NS,NEP,739,0.5729153749141691
swine,all,NS,NEP,742,0.30842885610645915
swine,all,NS,NEP,745,0.044207319396558815
swine,all,NS,NEP,748,-0.1121765108287792
swine,all,NS,NEP,751,0.18634522604505924
swine,all,NS,NEP,754,-0.023064508883916125
swine,all,NS,NEP,757,-0.05821710838973673
swine,all,NS,NEP,760,0.3213577774995118
swine,all,NS,NEP,766,0.11445338677534968
swine,all,NS,NEP,769,0.3555318362172946
swine,all,NS,NEP,775,-1.1109278056455927
swine,all,NS,NEP,778,-0.17371066060851323
swine,all,NS,NEP,779,-0.5383048909870469
swine,all,NS,NEP,781,-0.20030883882599188
swine,all,NS,NEP,784,-1.0214125366086912
swine,all,NS,NEP,785,-0.7093972254736903
swine,all,NS,NEP,787,-1.5795866989205167
swine,all,NS,NEP,788,-0.5362432942125834
swine,all,NS,NEP,790,-1.122623427377824
swine,all,NS,NEP,793,-0.9247437327893225
swine,all,NS,NEP,796,-0.6653299769070605
swine,all,NS,NEP,799,-0.15100034299518836
swine,all,NS,NEP,802,0.48198998399910814
swine,all,NS,NEP,805,-0.2020418490211253
swine,all,NS,NEP,808,-0.6001847522562704
swine,all,NS,NEP,814,0.25996318875432517
swine,all,NS,NEP,817,-0.49947937670404174
swine,all,NS,NEP,820,-0.21040708787729406
swine,all,NS,NEP,823,-0.5210347337125034
swine,all,NS,NEP,826,-1.659503030747024
swine,all,NS,NEP,829,-3.5617374326232905
swine,all,NS,NEP,832,-0.6706344547902069
swine,all,NS,NEP,835,-0.6406857111419189
swine,all,NS,NEP,837,0.9815441938231133
swine,all,NS,NEP;NS1,6,0.15542703862350699
swine,all,NS,NEP;NS1,9,0.7592573578269524
swine,all,NS,NEP;NS1,12,0.4114531746585304
swine,all,NS,NEP;NS1,15,-0.00721633894585294
swine,all,NS,NEP;NS1,18,-0.8504605152554775
swine,all,NS,NEP;NS1,21,-0.6046531977179831
swine,all,NS,NEP;NS1,24,-0.8310011579943016
swine,all,NS,NEP;NS1,27,-0.44819567730377097
swine,all,NS,NEP;NS1,30,-4.608186610588884
swine,all,NS,NEP;NS1,592,0.06380371858325798
swine,all,NS,NEP;NS1,640,0.234594692887769
swine,all,NS,NS1,33,-2.9962187425322524
swine,all,NS,NS1,36,0.28993828691796103
swine,all,NS,NS1,39,0.3860384584953556
swine,all,NS,NS1,42,-0.022249157848331563
swine,all,NS,NS1,45,-0.34376081745484305
swine,all,NS,NS1,51,-0.10298217314562591
swine,all,NS,NS1,54,-0.3650453213481408
swine,all,NS,NS1,57,-0.6662709498249879
swine,all,NS,NS1,60,0.26938169943730716
swine,all,NS,NS1,61,-0.1869530274555875
swine,all,NS,NS1,63,-0.04900510378156807
swine,all,NS,NS1,66,-0.38190759737494945
swine,all,NS,NS1,69,-0.27271248998169306
swine,all,NS,NS1,72,-0.21674948711637393
swine,all,NS,NS1,75,0.7129987262471053
swine,all,NS,NS1,78,0.010912901125689684
swine,all,NS,NS1,79,-0.1108928014067769
swine,all,NS,NS1,81,-0.8453101816711739
swine,all,NS,NS1,84,0.014380990294418167
swine,all,NS,NS1,87,-0.5066337313660196
swine,all,NS,NS1,90,-0.6138316952502639
swine,all,NS,NS1,93,0.26286699012476317
swine,all,NS,NS1,96,0.045316761873831934
swine,all,NS,NS1,99,-0.2185424200951371
swine,all,NS,NS1,102,-0.8454226664284519
swine,all,NS,NS1,103,-1.0862664342191508
swine,all,NS,NS1,105,-0.9398284564961337
swine,all,NS,NS1,108,0.4725034729355211
swine,all,NS,NS1,111,-0.9503599604016952
swine,all,NS,NS1,112,-0.07931964640163845
swine,all,NS,NS1,114,-0.1853494239837952
swine,all,NS,NS1,117,-0.03367885820520101
swine,all,NS,NS1,120,-0.30049571179372764
swine,all,NS,NS1,123,-0.2357438940844472
swine,all,NS,NS1,126,0.350888180310029
swine,all,NS,NS1,127,0.1928452006213105
swine,all,NS,NS1,129,0.3231374635324158
swine,all,NS,NS1,132,0.43901817565053747
swine,all,NS,NS1,135,0.02869478351553341
swine,all,NS,NS1,138,-0.5653779727135021
swine,all,NS,NS1,141,-0.14759469254844743
swine,all,NS,NS1,144,-0.18486634548672096
swine,all,NS,NS1,147,-0.08378400283666126
swine,all,NS,NS1,150,0.2108476447190291
swine,all,NS,NS1,153,0.2837213794389464
swine,all,NS,NS1,154,0.07565365011044325
swine,all,NS,NS1,156,-0.18805423718982092
swine,all,NS,NS1,159,0.5226356084870849
swine,all,NS,NS1,162,-0.33183543079708205
swine,all,NS,NS1,165,-0.13636213299548294
swine,all,NS,NS1,168,0.018106543988836727
swine,all,NS,NS1,171,0.21838610648321233
swine,all,NS,NS1,174,-0.42825304666102726
swine,all,NS,NS1,177,-0.30456427420854215
swine,all,NS,NS1,180,-0.5665890963788786
swine,all,NS,NS1,183,1.153704170745639
swine,all,NS,NS1,186,0.03258823489068288
swine,all,NS,NS1,189,0.32900642685871057
swine,all,NS,NS1,192,0.572751637554718
swine,all,NS,NS1,195,-0.21052709146943513
swine,all,NS,NS1,198,0.32222843754498637
swine,all,NS,NS1,204,0.22451407247405009
swine,all,NS,NS1,205,-0.10499465182815766
swine,all,NS,NS1,207,0.4256249618243213
swine,all,NS,NS1,210,0.23593673321737607
swine,all,NS,NS1,213,-0.2602253581393524
swine,all,NS,NS1,216,0.1819853780798216
swine,all,NS,NS1,219,-0.15911908410500655
swine,all,NS,NS1,222,0.05773085505092401
swine,all,NS,NS1,225,0.4050326749906735
swine,all,NS,NS1,228,-0.047399474899996775
swine,all,NS,NS1,231,-0.21735900059737887
swine,all,NS,NS1,234,0.07671346610799212
swine,all,NS,NS1,240,-0.0138533340439004
swine,all,NS,NS1,243,0.2007783425417696
swine,all,NS,NS1,246,0.2630154947858037
swine,all,NS,NS1,249,0.30934578877189955
swine,all,NS,NS1,252,0.14453633836625898
swine,all,NS,NS1,255,0.5797390750536331
swine,all,NS,NS1,258,0.5085029778339654
swine,all,NS,NS1,261,0.01716961224869397
swine,all,NS,NS1,264,0.1555037472555832
swine,all,NS,NS1,267,0.12064153228945498
swine,all,NS,NS1,268,0.34694610151574673
swine,all,NS,NS1,270,-0.660590989075229
swine,all,NS,NS1,273,-0.21214760189721807
swine,all,NS,NS1,276,0.135427181214276
swine,all,NS,NS1,282,-1.2738002817853054
swine,all,NS,NS1,285,0.3553463399551311
swine,all,NS,NS1,288,-0.8096746681170022
swine,all,NS,NS1,291,-0.06930274256302582
swine,all,NS,NS1,297,0.29386229095971605
swine,all,NS,NS1,298,0.3227101875548731
swine,all,NS,NS1,300,0.3975679574897118
swine,all,NS,NS1,303,-0.7332206001027299
swine,all,NS,NS1,309,-0.1444931820982681
swine,all,NS,NS1,315,0.46872030223421784
swine,all,NS,NS1,321,-0.22137264886662336
swine,all,NS,NS1,324,-0.17292825560937858
swine,all,NS,NS1,327,0.08321969453861291
swine,all,NS,NS1,330,-0.18859055927711402
swine,all,NS,NS1,333,0.585676840769176
swine,all,NS,NS1,339,0.39488062487974857
swine,all,NS,NS1,342,0.18082245179037165
swine,all,NS,NS1,345,0.13782863569682535
swine,all,NS,NS1,348,0.2682030390614742
swine,all,NS,NS1,351,-0.0841506563608222
swine,all,NS,NS1,352,0.45096752468103624
swine,all,NS,NS1,354,0.19441658222549027
swine,all,NS,NS1,360,0.20413346132034108
swine,all,NS,NS1,363,-0.1139328868952799
swine,all,NS,NS1,366,0.04432009051453243
swine,all,NS,NS1,369,0.5083303952695156
swine,all,NS,NS1,375,-0.20461089835548446
swine,all,NS,NS1,378,-0.4289837102004131
swine,all,NS,NS1,381,-0.4986926565991727
swine,all,NS,NS1,384,0.13511905352810133
swine,all,NS,NS1,388,-0.2334680144690714
swine,all,NS,NS1,390,0.06382409834823795
swine,all,NS,NS1,393,-0.4305425640868533
swine,all,NS,NS1,396,-0.36492472310609053
swine,all,NS,NS1,399,0.2866258259706347
swine,all,NS,NS1,402,-0.21961378731173822
swine,all,NS,NS1,405,-0.5553456887894511
swine,all,NS,NS1,408,0.3858219821457649
swine,all,NS,NS1,411,-0.11151625090813667
swine,all,NS,NS1,414,0.2142023025250922
swine,all,NS,NS1,417,0.21556816978877646
swine,all,NS,NS1,418,0.13344920878331826
swine,all,NS,NS1,420,-1.0476543897441735
swine,all,NS,NS1,421,-0.05011253351900023
swine,all,NS,NS1,423,-0.21218126745955251
swine,all,NS,NS1,426,0.040553012703281044
swine,all,NS,NS1,429,-0.45963253160602163
swine,all,NS,NS1,430,-0.15645350152545956
swine,all,NS,NS1,432,0.10536864715518285
swine,all,NS,NS1,436,0.14346751553015447
swine,all,NS,NS1,438,-0.3463643485331553
swine,all,NS,NS1,439,-0.32959337114844695
swine,all,NS,NS1,441,-0.17175563345061115
swine,all,NS,NS1,444,-0.6178193897210814
swine,all,NS,NS1,447,-0.04084851673217509
swine,all,NS,NS1,450,-0.3671566574102602
swine,all,NS,NS1,453,1.1157883984155645
swine,all,NS,NS1,456,0.26009253540052146
swine,all,NS,NS1,459,-0.29895216875732816
swine,all,NS,NS1,462,-0.6836805909431646
swine,all,NS,NS1,465,-0.1370470172059278
swine,all,NS,NS1,468,0.13310001871415356
swine,all,NS,NS1,471,0.3055260601874662
swine,all,NS,NS1,474,-0.574260146847968
swine,all,NS,NS1,477,-0.10839881228296662
swine,all,NS,NS1,480,-0.18817415555168848
swine,all,NS,NS1,483,-3.326838013275943
swine,all,NS,NS1,486,0.25305555175918837
swine,all,NS,NS1,487,-0.5103011136641956
swine,all,NS,NS1,489,0.46841114546943285
swine,all,NS,NS1,492,-0.5659306226159146
swine,all,NS,NS1,495,-3.2037148260359305
swine,all,NS,NS1,498,-2.2797812803560795
swine,all,NS,NS1,501,-3.2485647138893117
swine,all,PA,PA,6,0.8266321981421454
swine,all,PA,PA,9,0.540074454389125
swine,all,PA,PA,12,1.5625615893169562
swine,all,PA,PA,15,-1.7071315959170072
swine,all,PA,PA,16,-3.0749974784840863
swine,all,PA,PA,18,-0.23888872562941346
swine,all,PA,PA,21,0.4284896369948279
swine,all,PA,PA,24,-0.3619744398826681
swine,all,PA,PA,30,-0.4360007274255311
swine,all,PA,PA,39,-0.41413441068520995
swine,all,PA,PA,42,-0.5785759806188693
swine,all,PA,PA,45,-1.0772920022939874
swine,all,PA,PA,51,-0.5856064482629063
swine,all,PA,PA,57,-0.0068890055902879315
swine,all,PA,PA,66,-0.027332444933857027
swine,all,PA,PA,69,-0.6978201510125391
swine,all,PA,PA,75,-0.34853840732158636
swine,all,PA,PA,78,0.27054964283110144
swine,all,PA,PA,81,0.08437388143654125
swine,all,PA,PA,84,-0.08978642733353136
swine,all,PA,PA,90,-0.4274010266753309
swine,all,PA,PA,102,-0.6805435154110356
swine,all,PA,PA,105,0.16776261859325875
swine,all,PA,PA,123,0.5021450043777471
swine,all,PA,PA,124,0.387529274448613
swine,all,PA,PA,126,-0.14041713777023157
swine,all,PA,PA,129,0.04244943046442298
swine,all,PA,PA,135,0.4246081532624063
swine,all,PA,PA,144,-0.06334207721228645
swine,all,PA,PA,147,0.2252419952558976
swine,all,PA,PA,153,-0.41738563883915675
swine,all,PA,PA,162,0.24142495552730683
swine,all,PA,PA,165,-0.0022404779550954427
swine,all,PA,PA,168,0.4209486648396191
swine,all,PA,PA,169,1.1687112040751715
swine,all,PA,PA,171,0.3009809971865356
swine,all,PA,PA,177,0.3097297155528275
swine,all,PA,PA,180,0.775871228421598
swine,all,PA,PA,189,0.1761819510204847
swine,all,PA,PA,192,0.18527891483844244
swine,all,PA,PA,201,-0.4114232794400732
swine,all,PA,PA,219,0.20364225836606473
swine,all,PA,PA,222,0.27833734660319853
swine,all,PA,PA,225,-0.00029651379886876084
swine,all,PA,PA,231,-0.08585921262668947
swine,all,PA,PA,237,0.6466412992054039
swine,all,PA,PA,243,0.3238561594944616
swine,all,PA,PA,246,0.47042246208179556
swine,all,PA,PA,249,-0.7915416309933905
swine,all,PA,PA,270,0.366503043715305
swine,all,PA,PA,276,0.021241863712544058
swine,all,PA,PA,279,-0.38990079768287
swine,all,PA,PA,285,1.0569108858595933
swine,all,PA,PA,297,0.3930934557810628
swine,all,PA,PA,303,0.022796853992652705
swine,all,PA,PA,306,0.40761263244389756
swine,all,PA,PA,309,0.34816904461248305
swine,all,PA,PA,315,-0.0050953647178482095
swine,all,PA,PA,318,0.5460717477763333
swine,all,PA,PA,321,-0.27902277324594893
swine,all,PA,PA,324,-0.41419642809882434
swine,all,PA,PA,327,0.2681323928768104
swine,all,PA,PA,333,0.1488041558321356
swine,all,PA,PA,339,0.31060135113417875
swine,all,PA,PA,342,0.2199229117009892
swine,all,PA,PA,345,0.11797437782659559
swine,all,PA,PA,348,-0.6412815314155554
swine,all,PA,PA,351,-0.2012852676070398
swine,all,PA,PA,363,-0.18567856523872764
swine,all,PA,PA,366,0.48866479952380865
swine,all,PA,PA,372,-0.34680391355944473
swine,all,PA,PA,375,-0.12160201400985192
swine,all,PA,PA,378,0.3902354748983552
swine,all,PA,PA,381,-0.2231337183428821
swine,all,PA,PA,390,0.037289729792930625
swine,all,PA,PA,393,-0.38542505770262386
swine,all,PA,PA,394,-0.4571056534164668
swine,all,PA,PA,396,-0.48979673003962404
swine,all,PA,PA,399,-0.041812449186430865
swine,all,PA,PA,411,0.08527139797294239
swine,all,PA,PA,417,-0.04696697354434026
swine,all,PA,PA,423,0.21214625154543373
swine,all,PA,PA,426,0.24355230146014864
swine,all,PA,PA,435,0.41641103448920325
swine,all,PA,PA,441,0.6570448016094245
swine,all,PA,PA,444,0.6834479732014327
swine,all,PA,PA,450,0.4526341652822329
swine,all,PA,PA,453,0.7496346890353275
swine,all,PA,PA,456,-0.1923813404076764
swine,all,PA,PA,459,-0.2975665584997796
swine,all,PA,PA,462,0.04164754905585778
swine,all,PA,PA,471,0.49155177773834907
swine,all,PA,PA,477,-0.18339640402269328
swine,all,PA,PA,480,-0.05504894189708605
swine,all,PA,PA,486,0.19281496229046272
swine,all,PA,PA,492,-0.011264708105571676
swine,all,PA,PA,498,0.4838694755194616
swine,all,PA,PA,504,0.3795049646505157
swine,all,PA,PA,510,-0.11357596950939762
swine,all,PA,PA,516,0.2618196909692858
swine,all,PA,PA,522,-0.487971437454334
swine,all,PA,PA,531,0.7029123876891079
swine,all,PA,PA,537,-0.2617016768579817
swine,all,PA,PA,543,0.38530354611112483
swine,all,PA,PA,552,-0.054931953079245636
swine,all,PA,PA,555,0.23046301926146476
swine,all,PA,PA,558,0.40384876312846535
swine,all,PA,PA,559,-0.5480967299182601
swine,all,PA,PA,561,-0.11666687355253778
swine,all,PA,PA,570,-0.8115773235943984
swine,all,PA,PA,762,-0.4897328659341974
swine,all,PA,PA,768,0.3837071463668669
swine,all,PA,PA,777,0.9951726897459662
swine,all,PA,PA,780,0.1584677242806508
swine,all,PA,PA,781,0.2695171682605052
swine,all,PA,PA,783,-0.5518473078888382
swine,all,PA,PA,786,-0.5743980576636131
swine,all,PA,PA,789,0.6717561087393886
swine,all,PA,PA,798,0.16366873068415672
swine,all,PA,PA,807,-0.6467718933242373
swine,all,PA,PA,808,-0.0231180463034475
swine,all,PA,PA,810,1.3952646760626748
swine,all,PA,PA,819,0.49138582720392876
swine,all,PA,PA,822,-0.43750649300464906
swine,all,PA,PA,831,0.26774334627369695
swine,all,PA,PA,834,-0.30836210435339456
swine,all,PA,PA,835,0.2790658882847946
swine,all,PA,PA,837,0.03940499253573699
swine,all,PA,PA,843,-0.26289536064699737
swine,all,PA,PA,846,-0.3442391911840394
swine,all,PA,PA,849,0.19689752240751873
swine,all,PA,PA,850,-0.07790296338008507
swine,all,PA,PA,852,-0.7676890217297021
swine,all,PA,PA,861,-0.2483373583422256
swine,all,PA,PA,864,-0.2337144812158408
swine,all,PA,PA,867,0.03549210057321471
swine,all,PA,PA,868,0.44588909185583003
swine,all,PA,PA,870,0.13666505201728613
swine,all,PA,PA,873,0.22155030233680217
swine,all,PA,PA,882,-0.1719825978703811
swine,all,PA,PA,885,-0.19785042491060525
swine,all,PA,PA,888,0.6033771370751366
swine,all,PA,PA,894,-0.14353975815661357
swine,all,PA,PA,897,0.19480265306019026
swine,all,PA,PA,900,-0.9666606178349627
swine,all,PA,PA,903,0.3293511204915869
swine,all,PA,PA,910,-0.599973322365957
swine,all,PA,PA,912,-1.1462878756700132
swine,all,PA,PA,927,0.39310057073931354
swine,all,PA,PA,936,-0.37298597857014243
swine,all,PA,PA,948,0.4313685770753869
swine,all,PA,PA,954,-0.2161804717523403
swine,all,PA,PA,957,0.06542979690634543
swine,all,PA,PA,960,-0.4458359878469004
swine,all,PA,PA,963,0.3053350910284225
swine,all,PA,PA,972,1.015798679906014
swine,all,PA,PA,981,0.28814627881517724
swine,all,PA,PA,984,0.4708840108892607
swine,all,PA,PA,993,-1.4454057611262194
swine,all,PA,PA,996,0.6029911405160943
swine,all,PA,PA,1002,0.21691683648623267
swine,all,PA,PA,1008,0.4527900185952969
swine,all,PA,PA,1017,0.4708440556532238
swine,all,PA,PA,1020,0.9488989841586425
swine,all,PA,PA,1024,0.19437321972496918
swine,all,PA,PA,1026,-0.07994056057580817
swine,all,PA,PA,1032,0.10053385749312362
swine,all,PA,PA,1038,-0.07936263197736672
swine,all,PA,PA,1041,0.36628005698000543
swine,all,PA,PA,1050,0.40880539361383766
swine,all,PA,PA,1053,0.35494384294962794
swine,all,PA,PA,1056,0.06265331085539787
swine,all,PA,PA,1059,-0.08853075017939499
swine,all,PA,PA,1062,0.5221265761003859
swine,all,PA,PA,1068,-0.3330035997852188
swine,all,PA,PA,1074,0.36697770700108584
swine,all,PA,PA,1077,0.2818063189473853
swine,all,PA,PA,1083,-0.26180987266267286
swine,all,PA,PA,1086,0.27493942250138464
swine,all,PA,PA,1092,0.06326501881549547
swine,all,PA,PA,1098,0.3715870092749412
swine,all,PA,PA,1101,-0.21154352543379093
swine,all,PA,PA,1119,-0.21769541023214856
swine,all,PA,PA,1131,0.40557911906407906
swine,all,PA,PA,1134,0.5036145495965842
swine,all,PA,PA,1149,0.0586188648684207
swine,all,PA,PA,1155,-0.10427998948077756
swine,all,PA,PA,1158,0.2529360774993727
swine,all,PA,PA,1161,0.37186917359708027
swine,all,PA,PA,1167,0.21958910436690707
swine,all,PA,PA,1173,-0.2563901722227346
swine,all,PA,PA,1176,0.012585182832138487
swine,all,PA,PA,1191,0.26042760149000777
swine,all,PA,PA,1194,1.4389380449279683
swine,all,PA,PA,1197,0.061845497193659366
swine,all,PA,PA,1203,-0.07625109081776167
swine,all,PA,PA,1206,-1.5277479103677523
swine,all,PA,PA,1215,-0.7726492026533635
swine,all,PA,PA,1221,-0.16956916824876572
swine,all,PA,PA,1230,0.5155011413322762
swine,all,PA,PA,1239,-0.5109002088962934
swine,all,PA,PA,1248,1.328684425032717
swine,all,PA,PA,1249,0.281745163749136
swine,all,PA,PA,1251,0.5088710889860846
swine,all,PA,PA,1254,0.7181979337129251
swine,all,PA,PA,1257,-0.3521588447678453
swine,all,PA,PA,1263,-0.19431949847648552
swine,all,PA,PA,1281,0.5867067473195294
swine,all,PA,PA,1287,-0.4767378980573357
swine,all,PA,PA,1296,1.0771916420483154
swine,all,PA,PA,1299,0.7579161483078075
swine,all,PA,PA,1302,0.4103680256637192
swine,all,PA,PA,1305,0.5546342267403161
swine,all,PA,PA,1308,0.265870788361627
swine,all,PA,PA,1314,0.06018423271195907
swine,all,PA,PA,1326,0.06884646509821038
swine,all,PA,PA,1329,-0.21351456288942788
swine,all,PA,PA,1332,0.2760647672152031
swine,all,PA,PA,1338,0.05955144709882072
swine,all,PA,PA,1341,0.5395010026809286
swine,all,PA,PA,1347,-0.10762457329807668
swine,all,PA,PA,1350,0.03229237467213468
swine,all,PA,PA,1353,-0.0308115117429871
swine,all,PA,PA,1356,0.5429303180741155
swine,all,PA,PA,1362,-0.37889821952131403
swine,all,PA,PA,1371,0.34432874343493164
swine,all,PA,PA,1374,0.40018664947456595
swine,all,PA,PA,1383,-0.840849986604174
swine,all,PA,PA,1386,-0.1679353444249513
swine,all,PA,PA,1389,0.03733612944221662
swine,all,PA,PA,1398,-0.39472523344248867
swine,all,PA,PA,1401,0.3109166488997611
swine,all,PA,PA,1405,0.5299693431212877
swine,all,PA,PA,1437,0.002457372208467763
swine,all,PA,PA,1440,0.603901806932872
swine,all,PA,PA,1443,-0.3119044142984064
swine,all,PA,PA,1444,0.19581611438835955
swine,all,PA,PA,1446,-0.28054831784030515
swine,all,PA,PA,1449,0.3489185385644923
swine,all,PA,PA,1464,0.15776467819644563
swine,all,PA,PA,1467,-0.050100171372932864
swine,all,PA,PA,1470,-0.18393764911119184
swine,all,PA,PA,1473,0.3686249416339707
swine,all,PA,PA,1476,0.5641728310524257
swine,all,PA,PA,1479,-0.34700039779645114
swine,all,PA,PA,1482,0.16789347865359477
swine,all,PA,PA,1485,-0.09881618677266528
swine,all,PA,PA,1488,-0.005634481835570036
swine,all,PA,PA,1497,0.09110594915308971
swine,all,PA,PA,1498,-0.555128863478189
swine,all,PA,PA,1500,-0.12155160946847277
swine,all,PA,PA,1506,-0.034680648350259455
swine,all,PA,PA,1512,-0.4987406411728121
swine,all,PA,PA,1518,0.04344570617552263
swine,all,PA,PA,1521,0.19609023820484892
swine,all,PA,PA,1524,-0.4703520253271941
swine,all,PA,PA,1527,0.6031141353961286
swine,all,PA,PA,1530,-0.3880355875480135
swine,all,PA,PA,1533,0.40560491760126066
swine,all,PA,PA,1536,0.1956300110029747
swine,all,PA,PA,1539,0.44619659440896975
swine,all,PA,PA,1542,-0.16578256583802356
swine,all,PA,PA,1548,-0.14736764186642196
swine,all,PA,PA,1551,-0.4633438162697159
swine,all,PA,PA,1554,0.16540542928340327
swine,all,PA,PA,1557,0.45190170259716994
swine,all,PA,PA,1572,-0.07217652614094656
swine,all,PA,PA,1581,0.366790803539558
swine,all,PA,PA,1584,0.9026468367340481
swine,all,PA,PA,1587,0.2778968909944597
swine,all,PA,PA,1590,0.23014387016464213
swine,all,PA,PA,1593,0.037750657577400044
swine,all,PA,PA,1594,-0.3070421530805098
swine,all,PA,PA,1596,-0.17407162949796984
swine,all,PA,PA,1599,0.05161252390593096
swine,all,PA,PA,1608,0.7981669494675512
swine,all,PA,PA,1614,0.4766284358696201
swine,all,PA,PA,1617,-0.5772541737591966
swine,all,PA,PA,1620,-0.22492068791019423
swine,all,PA,PA,1626,-0.21014524136064366
swine,all,PA,PA,1632,0.05159866780097798
swine,all,PA,PA,1638,-0.5765722873089003
swine,all,PA,PA,1641,0.16425792552765184
swine,all,PA,PA,1647,-0.38166370189988574
swine,all,PA,PA,1650,-0.21204875994945743
swine,all,PA,PA,1653,-0.06229782389470896
swine,all,PA,PA,1659,0.20831675673645603
swine,all,PA,PA,1665,0.29539774249642836
swine,all,PA,PA,1668,-0.11656079406635554
swine,all,PA,PA,1671,0.05143967264156668
swine,all,PA,PA,1674,-0.1355996083807561
swine,all,PA,PA,1677,-0.3496501793152819
swine,all,PA,PA,1686,0.05485554975651138
swine,all,PA,PA,1687,0.36688049546954665
swine,all,PA,PA,1689,-0.5720265624355221
swine,all,PA,PA,1695,-0.03448286630281499
swine,all,PA,PA,1698,-0.15190665738387132
swine,all,PA,PA,1707,0.4090061843428974
swine,all,PA,PA,1710,-0.20404708925547074
swine,all,PA,PA,1716,-0.6147200009506487
swine,all,PA,PA,1722,0.18711776739701333
swine,all,PA,PA,1728,0.20058792292093458
swine,all,PA,PA,1740,0.6843138970396604
swine,all,PA,PA,1746,0.26750851245792195
swine,all,PA,PA,1752,-0.08226824892396337
swine,all,PA,PA,1755,-0.4130904350000373
swine,all,PA,PA,1758,0.19822893264796412
swine,all,PA,PA,1761,-0.20697771670410445
swine,all,PA,PA,1764,-0.42895786377294604
swine,all,PA,PA,1767,0.33467816218469015
swine,all,PA,PA,1770,-0.21567231977413925
swine,all,PA,PA,1773,-0.3763681226444055
swine,all,PA,PA,1779,-0.32256664073013563
swine,all,PA,PA,1782,0.47705934181055853
swine,all,PA,PA,1791,-0.381373892227042
swine,all,PA,PA,1794,0.3974758693896307
swine,all,PA,PA,1797,-0.16710241886574442
swine,all,PA,PA,1800,0.0631368055490295
swine,all,PA,PA,1809,0.0802165109766924
swine,all,PA,PA,1812,-0.014251620639414113
swine,all,PA,PA,1815,0.4245462247988781
swine,all,PA,PA,1818,0.10941644054871585
swine,all,PA,PA,1827,-0.09742146771877327
swine,all,PA,PA,1830,-0.41840651056106126
swine,all,PA,PA,1833,0.42353390913743394
swine,all,PA,PA,1845,-0.19710049829456783
swine,all,PA,PA,1848,0.018719477118828768
swine,all,PA,PA,1851,0.14829806556526715
swine,all,PA,PA,1863,0.40467728022825317
swine,all,PA,PA,1866,0.11362299650307649
swine,all,PA,PA,1881,0.5593806564571487
swine,all,PA,PA,1884,-0.15133305103746292
swine,all,PA,PA,1887,0.345225046856905
swine,all,PA,PA,1890,-1.4440838987155442
swine,all,PA,PA,1893,-0.5729055839384283
swine,all,PA,PA,1899,0.6885844113690539
swine,all,PA,PA,1902,0.7391626703096486
swine,all,PA,PA,1905,0.034257299348790037
swine,all,PA,PA,1908,0.4899480231377519
swine,all,PA,PA,1911,0.24959803799581212
swine,all,PA,PA,1914,0.029074995061359986
swine,all,PA,PA,1917,0.2297577283783102
swine,all,PA,PA,1918,-1.1010776053003446
swine,all,PA,PA,1920,0.10264254076819668
swine,all,PA,PA,1921,0.3545781581056168
swine,all,PA,PA,1923,-0.027642264305054887
swine,all,PA,PA,1935,-0.39524320052174466
swine,all,PA,PA,1944,0.09363251952950555
swine,all,PA,PA,1945,0.44818435861450145
swine,all,PA,PA,1947,0.07396889883063601
swine,all,PA,PA,1950,1.108355487920629
swine,all,PA,PA,1953,0.2783599036185901
swine,all,PA,PA,1956,-0.3690232987264526
swine,all,PA,PA,1968,-0.1675819840006677
swine,all,PA,PA,1971,0.1135553914786906
swine,all,PA,PA,1974,0.2873677055236015
swine,all,PA,PA,1977,-0.12169454351708217
swine,all,PA,PA,1983,0.3498073430101491
swine,all,PA,PA,1986,0.03961615909191045
swine,all,PA,PA,1989,-0.8036927273983525
swine,all,PA,PA,1992,-0.6975809277971906
swine,all,PA,PA,1993,0.18035705261918802
swine,all,PA,PA,1995,-0.4525312054042789
swine,all,PA,PA,2007,-1.172771609597258
swine,all,PA,PA,2010,-0.43235420786658507
swine,all,PA,PA,2016,-0.588778877331632
swine,all,PA,PA,2019,-0.7949851002318686
swine,all,PA,PA,2025,0.12648188885007514
swine,all,PA,PA,2028,-0.744833681820451
swine,all,PA,PA,2031,0.1748963742118739
swine,all,PA,PA,2034,0.6214339332556449
swine,all,PA,PA,2037,0.4840563642880892
swine,all,PA,PA,2040,0.4393439019593174
swine,all,PA,PA,2046,-0.583462390846865
swine,all,PA,PA,2052,-0.5139685125268555
swine,all,PA,PA,2055,-0.9750432766989623
swine,all,PA,PA,2056,-1.1200353888548442
swine,all,PA,PA,2058,-0.6842140023476894
swine,all,PA,PA,2070,0.1789260461533768
swine,all,PA,PA,2073,-3.6919177236258705
swine,all,PA,PA,2076,-0.9814614165024002
swine,all,PA,PA,2079,-0.9596934100483177
swine,all,PA,PA,2080,-2.1090875260247297
swine,all,PA,PA,2082,-1.457728717608442
swine,all,PA,PA,2085,-3.3764906782126376
swine,all,PA,PA,2091,-0.48292686230323195
swine,all,PA,PA,2094,-0.7875464675950973
swine,all,PA,PA,2103,-1.4059001638513102
swine,all,PA,PA,2106,-0.5061903218793896
swine,all,PA,PA,2109,1.3155182907672718
swine,all,PA,PA,2124,-3.4100302915736407
swine,all,PA,PA,2127,-3.2141717338579463
swine,all,PA,PA,2130,-3.508228719722828
swine,all,PA,PA,2143,-0.6583090837395866
swine,all,PA,PA,2145,-0.07742871670340765
swine,all,PA,PA,2148,0.6032334728279963
swine,all,PA,PA;X-ORF,759,-0.18585978589461677
swine,all,PB1,PB1,6,2.404345498343003
swine,all,PB1,PB1,9,0.8153393955117915
swine,all,PB1,PB1,12,0.5067160217420004
swine,all,PB1,PB1,15,-4.01446475999943
swine,all,PB1,PB1,18,0.5967526327204354
swine,all,PB1,PB1,19,1.0347847332933826
swine,all,PB1,PB1,21,0.07397330898402467
swine,all,PB1,PB1,27,-0.0018140517966427475
swine,all,PB1,PB1,30,0.23145250901834707
swine,all,PB1,PB1,33,0.3081275156929532
swine,all,PB1,PB1,42,-0.29273109854970375
swine,all,PB1,PB1,66,-0.6555371399423673
swine,all,PB1,PB1,72,0.3748277920096265
swine,all,PB1,PB1,78,-1.0391757012092293
swine,all,PB1,PB1,81,0.5588150469835637
swine,all,PB1,PB1,93,-1.485992098637362
swine,all,PB1,PB1,99,0.38405240662534973
swine,all,PB1,PB1,111,0.08084090875178494
swine,all,PB1,PB1,126,0.8195265281098162
swine,all,PB1,PB1,135,-0.1790512168701704
swine,all,PB1,PB1,141,-0.4027131134785294
swine,all,PB1,PB1,147,0.5491591368125202
swine,all,PB1,PB1,156,0.5388841386427642
swine,all,PB1,PB1,159,0.11673170460322745
swine,all,PB1,PB1,162,0.9309551536394379
swine,all,PB1,PB1,168,0.04460526272651685
swine,all,PB1,PB1,180,0.5910085835340319
swine,all,PB1,PB1,192,-0.06824294622628897
swine,all,PB1,PB1,195,-0.5195601798853084
swine,all,PB1,PB1,201,0.27664382854314096
swine,all,PB1,PB1,204,0.010331486942613734
swine,all,PB1,PB1,213,0.0807478528447144
swine,all,PB1,PB1,217,-0.13748440748538024
swine,all,PB1,PB1,219,-0.5624770034173429
swine,all,PB1,PB1,243,0.392829487751848
swine,all,PB1,PB1,258,-0.18255379113269
swine,all,PB1,PB1,264,0.2768329924126699
swine,all,PB1,PB1,270,0.06176429727615705
swine,all,PB1,PB1,282,0.18807231763140123
swine,all,PB1,PB1,294,-0.006714038954465624
swine,all,PB1,PB1,297,-0.5173222287012661
swine,all,PB1,PB1,303,0.35704707915580697
swine,all,PB1,PB1,312,0.2755205488122716
swine,all,PB1,PB1,321,0.24504140821199566
swine,all,PB1,PB1,330,0.3749922564400202
swine,all,PB1,PB1,336,0.6519270417320311
swine,all,PB1,PB1,342,0.18236452662467403
swine,all,PB1,PB1,354,0.6506304039464993
swine,all,PB1,PB1,357,0.2481327257336453
swine,all,PB1,PB1,360,0.837430558083249
swine,all,PB1,PB1,364,-1.4823779510496642
swine,all,PB1,PB1,375,-0.4961415056156166
swine,all,PB1,PB1,381,-0.2758891204438509
swine,all,PB1,PB1,399,0.40382260663365804
swine,all,PB1,PB1,405,-0.5339387472421248
swine,all,PB1,PB1,408,0.7388178020573828
swine,all,PB1,PB1,414,-0.4153439579844443
swine,all,PB1,PB1,429,0.004121168541189121
swine,all,PB1,PB1,462,0.5004352928551085
swine,all,PB1,PB1,465,0.20438700171822502
swine,all,PB1,PB1,477,0.84942439869736
swine,all,PB1,PB1,483,-0.4301131965509353
swine,all,PB1,PB1,486,-0.10025412630927469
swine,all,PB1,PB1,498,0.42045528604552546
swine,all,PB1,PB1,504,1.0851436756792525
swine,all,PB1,PB1,516,0.2816154059710068
swine,all,PB1,PB1,528,0.286408795478713
swine,all,PB1,PB1,531,-0.5146291923412526
swine,all,PB1,PB1,540,-0.29703656798367173
swine,all,PB1,PB1,555,0.3142537014953741
swine,all,PB1,PB1,561,0.4147094644229373
swine,all,PB1,PB1,567,-0.1535811446039183
swine,all,PB1,PB1,570,-0.9249897574274792
swine,all,PB1,PB1,591,0.14758508911092927
swine,all,PB1,PB1,594,0.23103039274766546
swine,all,PB1,PB1,618,0.9954164586919287
swine,all,PB1,PB1,621,-3.502799347225928
swine,all,PB1,PB1,624,0.3940333566927031
swine,all,PB1,PB1,633,0.22276642271994393
swine,all,PB1,PB1,636,0.41946888342854627
swine,all,PB1,PB1,642,0.08058442296875556
swine,all,PB1,PB1,645,0.3695838090332519
swine,all,PB1,PB1,651,-0.1458746255416161
swine,all,PB1,PB1,654,0.09119934277228903
swine,all,PB1,PB1,660,-0.8497398358404114
swine,all,PB1,PB1,664,0.6363299343432945
swine,all,PB1,PB1,666,0.32907134482733125
swine,all,PB1,PB1,678,-0.17615385389608965
swine,all,PB1,PB1,696,-0.5786619561101349
swine,all,PB1,PB1,699,-0.2134919753689417
swine,all,PB1,PB1,705,0.4381588457989613
swine,all,PB1,PB1,706,0.47875690167948776
swine,all,PB1,PB1,711,0.27672538610964326
swine,all,PB1,PB1,717,-0.4490112111118718
swine,all,PB1,PB1,723,0.29871230836299345
swine,all,PB1,PB1,735,-0.33215525567105364
swine,all,PB1,PB1,741,0.9882266890550898
swine,all,PB1,PB1,747,-0.4031869344892328
swine,all,PB1,PB1,750,-0.11958531701030253
swine,all,PB1,PB1,753,0.16901309937738387
swine,all,PB1,PB1,756,0.035390690642596014
swine,all,PB1,PB1,759,0.042170948930288
swine,all,PB1,PB1,768,0.6664658680789181
swine,all,PB1,PB1,771,0.47398341430254626
swine,all,PB1,PB1,774,0.2304871355534965
swine,all,PB1,PB1,777,0.23767607755872877
swine,all,PB1,PB1,780,-0.00030808880188010077
swine,all,PB1,PB1,789,0.33289060418161387
swine,all,PB1,PB1,804,0.12238963974814537
swine,all,PB1,PB1,810,0.581559197776022
swine,all,PB1,PB1,813,-0.25118876844053467
swine,all,PB1,PB1,822,-0.05768456494387812
swine,all,PB1,PB1,834,-0.6803737251414894
swine,all,PB1,PB1,844,0.4837265329480605
swine,all,PB1,PB1,846,-1.5394238533655091
swine,all,PB1,PB1,852,0.5932879341280821
swine,all,PB1,PB1,858,-0.2537038756504342
swine,all,PB1,PB1,861,0.35101283082917234
swine,all,PB1,PB1,864,0.44594916328677653
swine,all,PB1,PB1,891,-0.4984224119591649
swine,all,PB1,PB1,912,-0.1989069766188607
swine,all,PB1,PB1,924,0.7377364636624653
swine,all,PB1,PB1,939,0.28576401362030657
swine,all,PB1,PB1,942,0.3955067182380376
swine,all,PB1,PB1,945,0.09013995495470208
swine,all,PB1,PB1,954,0.2653256499251421
swine,all,PB1,PB1,957,0.23625020359941667
swine,all,PB1,PB1,960,0.31869132137542594
swine,all,PB1,PB1,978,0.9056181481785194
swine,all,PB1,PB1,981,-0.5992707024132692
swine,all,PB1,PB1,984,0.12136943021999325
swine,all,PB1,PB1,990,0.47546251620527885
swine,all,PB1,PB1,993,0.6334772684871901
swine,all,PB1,PB1,1002,-0.7944995363536684
swine,all,PB1,PB1,1014,0.6248521209552085
swine,all,PB1,PB1,1032,0.36610604248186973
swine,all,PB1,PB1,1050,0.2159473208397028
swine,all,PB1,PB1,1056,0.6338018084856236
swine,all,PB1,PB1,1059,0.22917495354044398
swine,all,PB1,PB1,1062,0.5425390966726662
swine,all,PB1,PB1,1071,0.1819177075553519
swine,all,PB1,PB1,1074,-0.02580717516121278
swine,all,PB1,PB1,1077,0.22129645483810106
swine,all,PB1,PB1,1089,0.47407836145675647
swine,all,PB1,PB1,1095,-0.9268424542131858
swine,all,PB1,PB1,1110,0.7526872438569544
swine,all,PB1,PB1,1131,0.3840987679999432
swine,all,PB1,PB1,1134,0.12088922361069009
swine,all,PB1,PB1,1137,0.1275532442846492
swine,all,PB1,PB1,1140,0.8478150909084797
swine,all,PB1,PB1,1158,0.07337886687712845
swine,all,PB1,PB1,1161,0.07682994644032967
swine,all,PB1,PB1,1170,0.016099572051946672
swine,all,PB1,PB1,1179,-0.43779950111133986
swine,all,PB1,PB1,1186,0.6584350449170618
swine,all,PB1,PB1,1200,0.7589663754612326
swine,all,PB1,PB1,1212,0.57004960358433
swine,all,PB1,PB1,1215,0.8246395643445529
swine,all,PB1,PB1,1218,0.48329269398611757
swine,all,PB1,PB1,1251,0.04050056760518954
swine,all,PB1,PB1,1257,0.4097074217071048
swine,all,PB1,PB1,1260,0.3361749156500894
swine,all,PB1,PB1,1263,0.304808640639771
swine,all,PB1,PB1,1266,0.2930018571495876
swine,all,PB1,PB1,1272,-0.2947929381990258
swine,all,PB1,PB1,1275,-0.25853828328995515
swine,all,PB1,PB1,1281,0.022846382633258604
swine,all,PB1,PB1,1287,-1.0815665216615225
swine,all,PB1,PB1,1299,-0.026033044611195728
swine,all,PB1,PB1,1323,0.146235844826371
swine,all,PB1,PB1,1332,0.32471489410185483
swine,all,PB1,PB1,1335,0.10454926386059667
swine,all,PB1,PB1,1365,0.033827982263467206
swine,all,PB1,PB1,1374,0.6120702754814927
swine,all,PB1,PB1,1386,0.16685576821032605
swine,all,PB1,PB1,1389,0.16005727088126845
swine,all,PB1,PB1,1395,0.21056175599461746
swine,all,PB1,PB1,1398,0.18455229656866606
swine,all,PB1,PB1,1404,0.09553160318976119
swine,all,PB1,PB1,1407,0.15485270431239756
swine,all,PB1,PB1,1413,0.2235898891433565
swine,all,PB1,PB1,1422,0.14708154269348828
swine,all,PB1,PB1,1425,0.9182996706793225
swine,all,PB1,PB1,1440,-0.9687435917422255
swine,all,PB1,PB1,1443,-0.2595076781291186
swine,all,PB1,PB1,1455,-0.451069327259294
swine,all,PB1,PB1,1458,0.671042433235552
swine,all,PB1,PB1,1464,0.17598487371576207
swine,all,PB1,PB1,1482,0.20624386474133305
swine,all,PB1,PB1,1500,0.22345036065754065
swine,all,PB1,PB1,1509,0.056906847065966715
swine,all,PB1,PB1,1524,0.0398066403338704
swine,all,PB1,PB1,1533,0.974900353909016
swine,all,PB1,PB1,1539,0.31796241491661836
swine,all,PB1,PB1,1548,-0.04034388931557322
swine,all,PB1,PB1,1554,0.5065574646312053
swine,all,PB1,PB1,1560,0.5522652599114763
swine,all,PB1,PB1,1566,0.3419946278108709
swine,all,PB1,PB1,1572,0.17644462090714097
swine,all,PB1,PB1,1578,0.9675500236232242
swine,all,PB1,PB1,1593,0.10054878590226538
swine,all,PB1,PB1,1614,-0.22822538510370124
swine,all,PB1,PB1,1620,1.4247110297450223
swine,all,PB1,PB1,1635,0.1672331663115839
swine,all,PB1,PB1,1644,0.21751513232722589
swine,all,PB1,PB1,1647,-0.49999172662672514
swine,all,PB1,PB1,1650,0.1342897672164325
swine,all,PB1,PB1,1662,0.18243651994999002
swine,all,PB1,PB1,1668,0.3658928332460238
swine,all,PB1,PB1,1683,0.06489827344470345
swine,all,PB1,PB1,1707,0.6049776643527974
swine,all,PB1,PB1,1710,0.17190307538907704
swine,all,PB1,PB1,1713,-0.30966595020281407
swine,all,PB1,PB1,1716,-0.3299187759418288
swine,all,PB1,PB1,1722,0.362254421192244
swine,all,PB1,PB1,1725,-0.7480861844833601
swine,all,PB1,PB1,1726,0.40270235150646577
swine,all,PB1,PB1,1728,0.05493843879365747
swine,all,PB1,PB1,1731,0.11216579362486319
swine,all,PB1,PB1,1734,0.618422764535112
swine,all,PB1,PB1,1737,0.3984145205809013
swine,all,PB1,PB1,1743,0.5714200563659128
swine,all,PB1,PB1,1749,0.15306982088818555
swine,all,PB1,PB1,1758,0.021742236096643677
swine,all,PB1,PB1,1764,0.3266997075981123
swine,all,PB1,PB1,1767,-0.17824029173950617
swine,all,PB1,PB1,1782,-0.2713731198687643
swine,all,PB1,PB1,1785,0.7307360503787871
swine,all,PB1,PB1,1794,0.9522573702544028
swine,all,PB1,PB1,1800,-0.23829619625012083
swine,all,PB1,PB1,1803,0.12663796839338365
swine,all,PB1,PB1,1804,0.4039626273587209
swine,all,PB1,PB1,1806,0.21736712472241015
swine,all,PB1,PB1,1809,-0.4831302660354655
swine,all,PB1,PB1,1818,0.38135331799779565
swine,all,PB1,PB1,1827,0.40794469506951553
swine,all,PB1,PB1,1842,-0.32608466628640226
swine,all,PB1,PB1,1845,-0.11387397540301407
swine,all,PB1,PB1,1860,-0.5233864271534464
swine,all,PB1,PB1,1863,0.20152840348476567
swine,all,PB1,PB1,1866,-0.5509768616174645
swine,all,PB1,PB1,1869,0.11765113215220827
swine,all,PB1,PB1,1875,0.6323002505925768
swine,all,PB1,PB1,1878,-0.007443545050381503
swine,all,PB1,PB1,1881,0.7049908114724005
swine,all,PB1,PB1,1884,0.016380087692110395
swine,all,PB1,PB1,1887,-0.15749784082707616
swine,all,PB1,PB1,1902,0.1574022792917008
swine,all,PB1,PB1,1908,-0.31530152802001266
swine,all,PB1,PB1,1932,0.23964370252874526
swine,all,PB1,PB1,1944,0.3946655488981329
swine,all,PB1,PB1,1950,0.38963256275072977
swine,all,PB1,PB1,1977,0.08838148099586524
swine,all,PB1,PB1,1986,0.5875135269151726
swine,all,PB1,PB1,1992,0.8495116064268003
swine,all,PB1,PB1,2001,0.3429947392449652
swine,all,PB1,PB1,2007,-0.42301041179153853
swine,all,PB1,PB1,2010,-0.10415810198640664
swine,all,PB1,PB1,2022,-0.10512305350447493
swine,all,PB1,PB1,2034,-0.7140075807221244
swine,all,PB1,PB1,2040,-0.16773896696912532
swine,all,PB1,PB1,2043,-0.08434951391392057
swine,all,PB1,PB1,2046,0.058602387391191724
swine,all,PB1,PB1,2052,0.07345715229238436
swine,all,PB1,PB1,2061,-0.41214107588966453
swine,all,PB1,PB1,2067,-0.11896710394088546
swine,all,PB1,PB1,2070,-0.24859715274120928
swine,all,PB1,PB1,2073,0.1221482048290168
swine,all,PB1,PB1,2076,0.7979793709889511
swine,all,PB1,PB1,2082,-0.21197885703499691
swine,all,PB1,PB1,2083,0.14564016620022674
swine,all,PB1,PB1,2088,0.5562047741287297
swine,all,PB1,PB1,2091,-0.6126798058007813
swine,all,PB1,PB1,2094,0.15664101329389749
swine,all,PB1,PB1,2100,0.3481973162950414
swine,all,PB1,PB1,2103,-0.3550018089398518
swine,all,PB1,PB1,2118,-0.6772661825282905
swine,all,PB1,PB1,2121,0.21633141443153853
swine,all,PB1,PB1,2124,0.41082305855248363
swine,all,PB1,PB1,2130,-0.12650904030200114
swine,all,PB1,PB1,2148,-1.8727671414205385
swine,all,PB1,PB1,2160,-0.25936743933135353
swine,all,PB1,PB1,2163,-1.0674266657093314
swine,all,PB1,PB1,2166,-0.7151414109037195
swine,all,PB1,PB1,2181,0.15746893664045003
swine,all,PB1,PB1,2187,0.5469203559331484
swine,all,PB1,PB1,2190,0.04859109417180051
swine,all,PB1,PB1,2193,1.0088228258004412
swine,all,PB1,PB1,2199,-0.21732487261812997
swine,all,PB1,PB1,2202,-1.726316462542853
swine,all,PB1,PB1,2208,-0.3500300866599544
swine,all,PB1,PB1,2217,-0.5272654859360651
swine,all,PB1,PB1,2226,-1.9228649774944986
swine,all,PB1,PB1,2235,-2.434810664825506
swine,all,PB1,PB1,2262,-2.2340930551868246
swine,all,PB1,PB1,2265,-3.6369160298794676
swine,all,PB1,PB1,2271,0.4830910650913843
swine,all,PB2,PB2,6,0.22886712473561477
swine,all,PB2,PB2,9,-1.431174865000405
swine,all,PB2,PB2,19,-0.43192290243544645
swine,all,PB2,PB2,24,-1.022662486378102
swine,all,PB2,PB2,27,-0.7614489494659681
swine,all,PB2,PB2,28,-0.29335092492537246
swine,all,PB2,PB2,36,-0.17126316798562402
swine,all,PB2,PB2,39,-0.4129971822457841
swine,all,PB2,PB2,42,0.11643897418676909
swine,all,PB2,PB2,48,-0.19834977323290895
swine,all,PB2,PB2,51,-2.7216083724316595
swine,all,PB2,PB2,54,-2.6056146844614925
swine,all,PB2,PB2,63,0.16089792903876288
swine,all,PB2,PB2,66,-0.20186167284973625
swine,all,PB2,PB2,75,-0.9125949930438803
swine,all,PB2,PB2,78,-1.1020109654444723
swine,all,PB2,PB2,81,-0.4559334323034922
swine,all,PB2,PB2,99,-0.049647616589101086
swine,all,PB2,PB2,105,0.39923112427683694
swine,all,PB2,PB2,111,0.015514689594282632
swine,all,PB2,PB2,114,0.5046576866068303
swine,all,PB2,PB2,120,0.19349471379857153
swine,all,PB2,PB2,123,0.4089671959185503
swine,all,PB2,PB2,126,-0.3816133887912659
swine,all,PB2,PB2,129,0.4502872227429424
swine,all,PB2,PB2,138,-0.13249760739952382
swine,all,PB2,PB2,144,0.4418241915139603
swine,all,PB2,PB2,162,0.24462804637851648
swine,all,PB2,PB2,165,-0.43653124048448066
swine,all,PB2,PB2,171,-0.08760635561284012
swine,all,PB2,PB2,177,0.7346686247665514
swine,all,PB2,PB2,183,0.0212438724109359
swine,all,PB2,PB2,186,-0.5942045967259375
swine,all,PB2,PB2,201,0.30125316104731337
swine,all,PB2,PB2,207,0.5272053961182767
swine,all,PB2,PB2,210,-0.08144944462830118
swine,all,PB2,PB2,216,0.12563188010343615
swine,all,PB2,PB2,222,0.6340396931778799
swine,all,PB2,PB2,225,0.08850902197102636
swine,all,PB2,PB2,228,-3.169840924997838
swine,all,PB2,PB2,246,-0.022656317781476646
swine,all,PB2,PB2,255,0.05518568090088189
swine,all,PB2,PB2,258,0.2284809761743157
swine,all,PB2,PB2,261,-0.9400534536510053
swine,all,PB2,PB2,273,0.4599856975223223
swine,all,PB2,PB2,279,0.1523288927926061
swine,all,PB2,PB2,280,-0.28414304601442436
swine,all,PB2,PB2,282,0.050694323939555946
swine,all,PB2,PB2,285,0.3734156928201997
swine,all,PB2,PB2,300,-0.5922743611890128
swine,all,PB2,PB2,303,0.08180334130748533
swine,all,PB2,PB2,306,0.6807980805798811
swine,all,PB2,PB2,309,0.28911189095356954
swine,all,PB2,PB2,321,0.38686863554844997
swine,all,PB2,PB2,330,0.14384724211585295
swine,all,PB2,PB2,333,-0.3149186709155946
swine,all,PB2,PB2,336,-0.30762243153756735
swine,all,PB2,PB2,339,-0.7668818451367371
swine,all,PB2,PB2,342,0.16118792234128576
swine,all,PB2,PB2,354,0.21592257567780357
swine,all,PB2,PB2,357,-0.042666266371367674
swine,all,PB2,PB2,360,0.11375936587777508
swine,all,PB2,PB2,363,1.4279807459889093
swine,all,PB2,PB2,366,-0.20927877962612104
swine,all,PB2,PB2,372,-0.24625260278394387
swine,all,PB2,PB2,378,0.7100226830833032
swine,all,PB2,PB2,384,0.30521053265435905
swine,all,PB2,PB2,387,0.25983043532961864
swine,all,PB2,PB2,393,0.05813032168197442
swine,all,PB2,PB2,399,0.8277814184736655
swine,all,PB2,PB2,408,-0.12331106592674229
swine,all,PB2,PB2,411,-0.3725500577792005
swine,all,PB2,PB2,417,0.07369677786395278
swine,all,PB2,PB2,426,-0.2823508417192912
swine,all,PB2,PB2,429,-0.11937129486064649
swine,all,PB2,PB2,432,-0.251885804831683
swine,all,PB2,PB2,444,0.13899347927340816
swine,all,PB2,PB2,450,0.21553660924848864
swine,all,PB2,PB2,459,0.3405034361161163
swine,all,PB2,PB2,471,0.15657474918503136
swine,all,PB2,PB2,474,-1.1787443775640556
swine,all,PB2,PB2,480,-0.11815719812475817
swine,all,PB2,PB2,486,-0.11278513525015409
swine,all,PB2,PB2,489,1.0004264596617405
swine,all,PB2,PB2,504,-0.40147626825373073
swine,all,PB2,PB2,513,0.45086287838982114
swine,all,PB2,PB2,516,-0.8634663668833745
swine,all,PB2,PB2,519,0.46066456035630626
swine,all,PB2,PB2,525,-0.4011143348720795
swine,all,PB2,PB2,529,0.40311497079915287
swine,all,PB2,PB2,531,0.2612945072465291
swine,all,PB2,PB2,540,0.17645767635319448
swine,all,PB2,PB2,546,-0.10190578808240597
swine,all,PB2,PB2,549,-0.030953389645929457
swine,all,PB2,PB2,561,0.9448390747544828
swine,all,PB2,PB2,564,0.7002698380830427
swine,all,PB2,PB2,567,0.0719083204044859
swine,all,PB2,PB2,573,0.414084620612753
swine,all,PB2,PB2,576,0.17610614579328754
swine,all,PB2,PB2,579,-0.013919287345716465
swine,all,PB2,PB2,582,-0.09973888423941803
swine,all,PB2,PB2,585,0.4839178752343041
swine,all,PB2,PB2,588,-0.017862701641775655
swine,all,PB2,PB2,597,0.2854964256546733
swine,all,PB2,PB2,609,-0.1512498210123207
swine,all,PB2,PB2,621,0.2958030509859474
swine,all,PB2,PB2,624,0.29769608763414357
swine,all,PB2,PB2,627,-0.06833965022103457
swine,all,PB2,PB2,631,0.32984324226673567
swine,all,PB2,PB2,633,-0.10223197398889694
swine,all,PB2,PB2,639,0.20747260390695962
swine,all,PB2,PB2,642,0.4668644616151119
swine,all,PB2,PB2,645,-0.38341237266437417
swine,all,PB2,PB2,648,-0.3582326483200814
swine,all,PB2,PB2,651,0.24462725306897154
swine,all,PB2,PB2,657,0.4609488149482351
swine,all,PB2,PB2,669,0.13312093385073512
swine,all,PB2,PB2,684,0.6971776192267469
swine,all,PB2,PB2,693,0.030541004156341072
swine,all,PB2,PB2,696,-0.2567016487987911
swine,all,PB2,PB2,699,0.517120377206143
swine,all,PB2,PB2,702,-0.11950761649769749
swine,all,PB2,PB2,705,-0.33001674099084083
swine,all,PB2,PB2,708,-0.4814124857171324
swine,all,PB2,PB2,711,0.5078958980575468
swine,all,PB2,PB2,717,-0.17217353618181852
swine,all,PB2,PB2,723,-0.38684580931718426
swine,all,PB2,PB2,732,0.17312772755696246
swine,all,PB2,PB2,735,0.060985168530659446
swine,all,PB2,PB2,741,0.14389627393674306
swine,all,PB2,PB2,744,0.17092087243954648
swine,all,PB2,PB2,750,0.5113040256961691
swine,all,PB2,PB2,753,0.3100574784963607
swine,all,PB2,PB2,768,0.23225955357726713
swine,all,PB2,PB2,771,0.8708567498418086
swine,all,PB2,PB2,777,-0.1807898946875503
swine,all,PB2,PB2,780,0.24386625300435413
swine,all,PB2,PB2,783,0.03557140441552517
swine,all,PB2,PB2,786,0.5611151097638186
swine,all,PB2,PB2,789,-0.5820158287091683
swine,all,PB2,PB2,792,-0.6867672286050505
swine,all,PB2,PB2,795,0.3003715840573963
swine,all,PB2,PB2,801,0.5640110844684425
swine,all,PB2,PB2,804,-0.7698384096136354
swine,all,PB2,PB2,807,-0.5809963422456184
swine,all,PB2,PB2,816,-0.0742436537772488
swine,all,PB2,PB2,825,-0.2415366298846729
swine,all,PB2,PB2,837,-0.21708057711210055
swine,all,PB2,PB2,840,1.188730048316839
swine,all,PB2,PB2,843,0.050956079360942985
swine,all,PB2,PB2,846,0.41508541575639507
swine,all,PB2,PB2,852,0.05009531210746214
swine,all,PB2,PB2,855,-0.19964904016146115
swine,all,PB2,PB2,864,0.2063537203968214
swine,all,PB2,PB2,870,0.2793980214605506
swine,all,PB2,PB2,873,0.2755330348820986
swine,all,PB2,PB2,879,0.13934070381848895
swine,all,PB2,PB2,885,0.31875238096773156
swine,all,PB2,PB2,891,0.22374842935811243
swine,all,PB2,PB2,894,-0.5351358467715838
swine,all,PB2,PB2,897,0.012182646734137872
swine,all,PB2,PB2,900,-0.21743189698809973
swine,all,PB2,PB2,909,0.35272669179148525
swine,all,PB2,PB2,912,-0.15226928166692147
swine,all,PB2,PB2,921,0.2630088202858833
swine,all,PB2,PB2,924,0.6074256148853917
swine,all,PB2,PB2,936,0.533861621433578
swine,all,PB2,PB2,948,0.3970494171683305
swine,all,PB2,PB2,951,-0.15698669473063573
swine,all,PB2,PB2,954,-0.24256905119659253
swine,all,PB2,PB2,960,-0.18240132344215926
swine,all,PB2,PB2,972,0.40499974106975206
swine,all,PB2,PB2,975,0.6969646708453808
swine,all,PB2,PB2,981,-0.06192932726087521
swine,all,PB2,PB2,996,0.39593119508018365
swine,all,PB2,PB2,1002,-0.3361564102495338
swine,all,PB2,PB2,1005,0.2800421250517377
swine,all,PB2,PB2,1017,0.23130530506526406
swine,all,PB2,PB2,1020,0.8060630563756829
swine,all,PB2,PB2,1023,0.074479461011916
swine,all,PB2,PB2,1026,0.39739952504471365
swine,all,PB2,PB2,1032,-0.3148161071473124
swine,all,PB2,PB2,1038,-0.10012886290283826
swine,all,PB2,PB2,1044,0.1638319827072951
swine,all,PB2,PB2,1047,-0.14202969214997935
swine,all,PB2,PB2,1054,0.17666214206802275
swine,all,PB2,PB2,1056,0.24347597096608248
swine,all,PB2,PB2,1065,-0.18434210091350306
swine,all,PB2,PB2,1077,0.5940186217490014
swine,all,PB2,PB2,1086,0.25292577674836336
swine,all,PB2,PB2,1098,0.872711079747819
swine,all,PB2,PB2,1101,0.5693621061113825
swine,all,PB2,PB2,1104,-0.6216641649967799
swine,all,PB2,PB2,1107,0.17375352505317335
swine,all,PB2,PB2,1116,-0.16816263468090178
swine,all,PB2,PB2,1119,0.03166744069220466
swine,all,PB2,PB2,1125,-0.5553664464878496
swine,all,PB2,PB2,1128,0.28818633898786034
swine,all,PB2,PB2,1137,0.17760133684892512
swine,all,PB2,PB2,1140,0.17469574953576394
swine,all,PB2,PB2,1143,-0.2173096226486903
swine,all,PB2,PB2,1146,0.012477862746709334
swine,all,PB2,PB2,1149,-0.09746737402557615
swine,all,PB2,PB2,1158,0.017600595888514238
swine,all,PB2,PB2,1164,0.38593828001098335
swine,all,PB2,PB2,1167,-0.52388111667203
swine,all,PB2,PB2,1170,-0.45614602972999896
swine,all,PB2,PB2,1176,-0.48474311880954263
swine,all,PB2,PB2,1188,0.005405869852575871
swine,all,PB2,PB2,1200,0.20039007084364277
swine,all,PB2,PB2,1209,-0.4826655838838285
swine,all,PB2,PB2,1212,0.8099364441867489
swine,all,PB2,PB2,1221,0.08868032057904651
swine,all,PB2,PB2,1224,0.10094639607670737
swine,all,PB2,PB2,1236,0.2723893867813548
swine,all,PB2,PB2,1242,-0.15060554968889514
swine,all,PB2,PB2,1245,0.19686841824766696
swine,all,PB2,PB2,1248,-0.17317722329707122
swine,all,PB2,PB2,1251,-0.1597493017912539
swine,all,PB2,PB2,1252,-0.003353375057203249
swine,all,PB2,PB2,1254,0.23571813158853297
swine,all,PB2,PB2,1257,0.3289661771169818
swine,all,PB2,PB2,1263,0.6213783762365375
swine,all,PB2,PB2,1266,-0.540613437550289
swine,all,PB2,PB2,1269,-0.483768654888328
swine,all,PB2,PB2,1275,-0.14753263287511284
swine,all,PB2,PB2,1278,-0.39522347983471084
swine,all,PB2,PB2,1281,0.8439568165904977
swine,all,PB2,PB2,1282,0.3502258121083657
swine,all,PB2,PB2,1284,0.0429050863923269
swine,all,PB2,PB2,1287,-0.14009473227516595
swine,all,PB2,PB2,1296,0.49645773920021813
swine,all,PB2,PB2,1299,0.15504777050321172
swine,all,PB2,PB2,1302,0.002999338121041358
swine,all,PB2,PB2,1305,-0.6049293423980571
swine,all,PB2,PB2,1308,-0.2597424206374973
swine,all,PB2,PB2,1314,-0.7227395221540704
swine,all,PB2,PB2,1320,0.4149192453733044
swine,all,PB2,PB2,1332,0.1525021287460368
swine,all,PB2,PB2,1338,0.10096116297920933
swine,all,PB2,PB2,1341,0.20953753905109002
swine,all,PB2,PB2,1344,-0.48087980937611796
swine,all,PB2,PB2,1350,0.4933047408323854
swine,all,PB2,PB2,1362,0.2889347446987071
swine,all,PB2,PB2,1377,0.22471946780815336
swine,all,PB2,PB2,1383,0.029437074720032357
swine,all,PB2,PB2,1392,0.25197138748392367
swine,all,PB2,PB2,1398,0.006733144065987294
swine,all,PB2,PB2,1404,-0.617154839197478
swine,all,PB2,PB2,1410,0.44920375358174874
swine,all,PB2,PB2,1413,-0.0446220158273601
swine,all,PB2,PB2,1422,0.3671241090660137
swine,all,PB2,PB2,1423,0.11356844756931651
swine,all,PB2,PB2,1425,0.16024238187484147
swine,all,PB2,PB2,1428,-0.2699949730829672
swine,all,PB2,PB2,1431,0.10481159099886782
swine,all,PB2,PB2,1437,0.22699726281564445
swine,all,PB2,PB2,1446,0.1442052999658365
swine,all,PB2,PB2,1452,-0.2009968950106694
swine,all,PB2,PB2,1455,0.5402039460525138
swine,all,PB2,PB2,1461,0.5930353681391985
swine,all,PB2,PB2,1470,0.7062371718475787
swine,all,PB2,PB2,1473,-0.2914406076914571
swine,all,PB2,PB2,1476,-0.7173450396629559
swine,all,PB2,PB2,1479,-0.24119886443908484
swine,all,PB2,PB2,1482,-1.101088609566487
swine,all,PB2,PB2,1488,0.06899476004085425
swine,all,PB2,PB2,1497,-0.5875482869142628
swine,all,PB2,PB2,1500,0.15052922178319997
swine,all,PB2,PB2,1506,0.33873720976649346
swine,all,PB2,PB2,1512,-0.8549038180893694
swine,all,PB2,PB2,1515,0.1697874271181564
swine,all,PB2,PB2,1518,-0.36085843110987176
swine,all,PB2,PB2,1522,0.536091022375297
swine,all,PB2,PB2,1524,0.3517790855704415
swine,all,PB2,PB2,1527,-0.060846067950836726
swine,all,PB2,PB2,1530,-0.020658431637754705
swine,all,PB2,PB2,1533,0.21458665617439332
swine,all,PB2,PB2,1534,0.07837941984205972
swine,all,PB2,PB2,1536,-0.8607854616327462
swine,all,PB2,PB2,1539,-0.07435853419883336
swine,all,PB2,PB2,1545,0.39637526987945315
swine,all,PB2,PB2,1551,0.11571357883760047
swine,all,PB2,PB2,1557,-0.22007083077940598
swine,all,PB2,PB2,1560,0.15218797456294517
swine,all,PB2,PB2,1569,0.4792847662732572
swine,all,PB2,PB2,1575,0.15621338510580757
swine,all,PB2,PB2,1581,-0.20345204020614732
swine,all,PB2,PB2,1593,0.1987716749455167
swine,all,PB2,PB2,1596,-0.4553353144050381
swine,all,PB2,PB2,1614,0.04211537448171068
swine,all,PB2,PB2,1623,0.32834214044905574
swine,all,PB2,PB2,1629,0.4498319501559797
swine,all,PB2,PB2,1635,0.23173979429589445
swine,all,PB2,PB2,1636,0.2997792885365361
swine,all,PB2,PB2,1638,0.5184804837328488
swine,all,PB2,PB2,1647,0.667643347880276
swine,all,PB2,PB2,1650,0.3216584699433375
swine,all,PB2,PB2,1665,0.4380792542254468
swine,all,PB2,PB2,1668,0.2155372587986419
swine,all,PB2,PB2,1680,-0.17312955189431323
swine,all,PB2,PB2,1686,0.48679277627474776
swine,all,PB2,PB2,1689,-0.21262222332995598
swine,all,PB2,PB2,1695,0.8043856540038807
swine,all,PB2,PB2,1701,0.49640584271712035
swine,all,PB2,PB2,1707,-0.14258505736415186
swine,all,PB2,PB2,1713,0.294420784698793
swine,all,PB2,PB2,1716,0.15772666705477262
swine,all,PB2,PB2,1728,0.007394029455710193
swine,all,PB2,PB2,1740,0.45593809010345326
swine,all,PB2,PB2,1743,-0.5940029880972605
swine,all,PB2,PB2,1746,0.03477626386775828
swine,all,PB2,PB2,1752,0.7496329563546121
swine,all,PB2,PB2,1755,0.2566713569160478
swine,all,PB2,PB2,1758,-0.02477648819289572
swine,all,PB2,PB2,1764,0.3399165774915608
swine,all,PB2,PB2,1767,-0.13598429570406556
swine,all,PB2,PB2,1770,0.24585521233042354
swine,all,PB2,PB2,1782,0.3435224548926037
swine,all,PB2,PB2,1785,0.38930148387367625
swine,all,PB2,PB2,1788,-0.05575334909008369
swine,all,PB2,PB2,1791,0.4140457960929499
swine,all,PB2,PB2,1795,0.06784441193402677
swine,all,PB2,PB2,1797,-0.03352693639883294
swine,all,PB2,PB2,1800,0.08353705224488979
swine,all,PB2,PB2,1803,-0.2931972566347936
swine,all,PB2,PB2,1806,0.29982326936596077
swine,all,PB2,PB2,1810,0.86452273451169
swine,all,PB2,PB2,1812,0.5154150597760326
swine,all,PB2,PB2,1818,0.4313671738986009
swine,all,PB2,PB2,1824,0.31825844552508425
swine,all,PB2,PB2,1839,0.241464875954985
swine,all,PB2,PB2,1854,-0.6834485843580599
swine,all,PB2,PB2,1857,-2.0704850789289297
swine,all,PB2,PB2,1872,0.3845179512396095
swine,all,PB2,PB2,1878,-0.7706236924449983
swine,all,PB2,PB2,1884,-0.9634927476445801
swine,all,PB2,PB2,1887,-0.3140216464810141
swine,all,PB2,PB2,1890,-0.8545713488383601
swine,all,PB2,PB2,1896,0.39079886056904245
swine,all,PB2,PB2,1902,0.21128463945380035
swine,all,PB2,PB2,1905,0.185278479050671
swine,all,PB2,PB2,1914,-0.5208643347358248
swine,all,PB2,PB2,1920,0.21996009463965432
swine,all,PB2,PB2,1923,0.14160399439259658
swine,all,PB2,PB2,1926,0.11618362449928166
swine,all,PB2,PB2,1932,0.6193446235694023
swine,all,PB2,PB2,1935,-0.21763654153234857
swine,all,PB2,PB2,1938,0.24008635916123874
swine,all,PB2,PB2,1950,0.13680866776828332
swine,all,PB2,PB2,1956,0.42890858907496093
swine,all,PB2,PB2,1959,-0.2655134791147573
swine,all,PB2,PB2,1965,0.6174800412006969
swine,all,PB2,PB2,1992,-0.2860765338639559
swine,all,PB2,PB2,1995,0.25382624610447413
swine,all,PB2,PB2,1998,0.7427274611616304
swine,all,PB2,PB2,2007,1.0961397236947465
swine,all,PB2,PB2,2010,-0.09826905743338724
swine,all,PB2,PB2,2023,0.43364161923003797
swine,all,PB2,PB2,2025,-0.11948339969618263
swine,all,PB2,PB2,2034,0.4264376597098794
swine,all,PB2,PB2,2043,0.6090794061178364
swine,all,PB2,PB2,2055,0.8522333657794514
swine,all,PB2,PB2,2058,0.4308581317277212
swine,all,PB2,PB2,2061,0.1540237225222465
swine,all,PB2,PB2,2070,0.36787150082819203
swine,all,PB2,PB2,2071,-0.48008984529876125
swine,all,PB2,PB2,2073,-0.6048781860772083
swine,all,PB2,PB2,2076,-1.1151286179188586
swine,all,PB2,PB2,2079,0.2625415414316211
swine,all,PB2,PB2,2088,0.1086653940878868
swine,all,PB2,PB2,2091,0.30744627925008355
swine,all,PB2,PB2,2103,0.3349251919071183
swine,all,PB2,PB2,2106,-0.6020361828622365
swine,all,PB2,PB2,2109,-0.3741627762000802
swine,all,PB2,PB2,2115,0.2648894687325961
swine,all,PB2,PB2,2124,0.2538844468150668
swine,all,PB2,PB2,2137,0.03441638417363385
swine,all,PB2,PB2,2139,-0.5921574179021464
swine,all,PB2,PB2,2145,-0.44369952913174127
swine,all,PB2,PB2,2154,0.6069005176415351
swine,all,PB2,PB2,2157,0.22384367343049874
swine,all,PB2,PB2,2160,-0.36803782815054303
swine,all,PB2,PB2,2163,-0.12312015168764051
swine,all,PB2,PB2,2166,-0.5844878164164196
swine,all,PB2,PB2,2172,0.017932940893462493
swine,all,PB2,PB2,2181,-0.39764420601123096
swine,all,PB2,PB2,2187,-0.31041134291479267
swine,all,PB2,PB2,2190,-0.7615942869109505
swine,all,PB2,PB2,2193,0.9609710949782078
swine,all,PB2,PB2,2196,-0.5662494003682677
swine,all,PB2,PB2,2199,-1.1193019366699422
swine,all,PB2,PB2,2202,0.05027099707326405
swine,all,PB2,PB2,2208,-3.066538093979404
swine,all,PB2,PB2,2211,-0.09766011425755783
swine,all,PB2,PB2,2214,-1.445375530192501
swine,all,PB2,PB2,2217,-0.4964356568699591
swine,all,PB2,PB2,2220,-0.9444135104647713
swine,all,PB2,PB2,2223,-0.3204336459873213
swine,all,PB2,PB2,2232,-3.339369684345456
swine,all,PB2,PB2,2241,-0.33102458553749264
swine,all,PB2,PB2,2244,-3.709676900989221
swine,all,PB2,PB2,2250,-4.191010544295196
swine,all,PB2,PB2,2259,0.27627461718800744
swine,all,PB2,PB2,2262,-1.7665374295335776
swine,all,PB2,PB2,2265,0.3241782517287168
swine,all,PB2,PB2,2277,-1.1279813229965787
