mut_type,mse,var,r2
AC,0.19834448846657182,0.2780879352255826,0.28675622584749527
AG,0.0985786012431586,0.3175603659539129,0.6895752373031804
AT,0.16521854618377108,0.26105717521944044,0.3671173908746579
CA,0.17208448081959904,0.36148305158915967,0.5239486884292984
CT,0.16300539768003877,0.30576579466636195,0.4668945953948086
GA,0.15246543634950235,0.2328095591129103,0.34510663165871913
GT,0.13689234365772532,0.47816114221103206,0.7137108569200524
TA,0.31170233190071506,0.4747283144590012,0.3434090143623938
TC,0.14479992195184702,0.2985706564643482,0.515022930697353
TG,0.4092304844334529,0.6753102963813692,0.3940111877068917
