mut_type,mse,var,r2
AC,0.4571065023573132,0.5593695083001085,0.1828183417676208
AG,0.18237234329545723,0.3430724375523677,0.4684144707264065
AT,0.31943520634309075,0.4797232003659954,0.334125999952923
CA,0.3836823812356265,0.5143041260935772,0.2539776335260904
CT,0.2432395782712688,0.38760421800814154,0.37245373767795376
GA,0.2315262535984957,0.29845277668631903,0.22424493359016284
GT,0.32806380220460346,0.5305792809147012,0.3816874989181027
TA,0.36762750487454837,0.5987562698904917,0.3860147720176945
TC,0.16627922139678547,0.3237084145725208,0.4863302468786034
TG,0.4178284467306864,0.5650982553197125,0.26060920769558216
