mut_type,mse,var,r2
AG,0.21240151473916982,0.369937187476375,0.42584438134451064
CT,0.4422555861387484,0.6172129184442923,0.2834634970806027
GA,0.26359064338571225,0.386862547097188,0.3186452258985599
TC,0.3300425395090915,0.435510851748252,0.2421714908268845
